Name,BSE Code,NSE Code,ISIN Code,Industry Group,Industry,Current Price,Market Capitalization,EBIDT last year,High price all time,DMA 200,Down from 52w high,Debt,Promoter holding,Profit after tax latest quarter,YOY Quarterly profit growth,Profit after tax preceding year quarter,Profit after tax preceding quarter,QoQ Profits,Expected quarterly net profit,Net profit 2quarters back,Net profit 3quarters back,Pledged percentage,Price to Earning,Expected quarterly sales,Expected quarterly sales growth,Sales,Sales growth,YOY Quarterly sales growth,Net Profit latest quarter,Profit after tax,Return on capital employed,Return on equity,Profit growth,NPM latest quarter,Mkt Cap To Debt Cap,Cash from operations last year,Cash from operations preceding year,DMA 200 previous day,Expected quarterly operating profit,Expected quarterly EPS,RSI,Cash end of preceding year,CROIC,Cash end of last year,Reserves,Investments,Current assets,EVEBITDA,Price to book value,Sales latest quarter,Number of Shareholders,Number of Shareholders preceding quarter,Number of Shareholders 1year back,FII holding,DII holding,Public holding,Cash Equivalents
20 Microns,533022,20MICRONS,INE144J01027,Minerals & Mining,Industrial Minerals,223.63,789.11,128.01,348.00,192.82,6.18,156.00,45.04,17.78,5.33,16.88,17.72,0.85,22.46,14.87,17.36,0.00,11.60,240.07,4.03,951.38,2.36,-0.99,17.74,68.03,17.31,14.54,9.01,7.25,1.09,103.59,31.79,192.51,31.72,6.36,72.69,38.25,3.74,81.89,465.98,18.75,416.96,6.66,1.63,244.72,39233.00,38301.00,36781.00,0.41,0.07,54.49,81.89
360 ONE,542772,360ONE,INE466L01038,Capital Markets,Stockbroking & Allied,1197.20,48793.62,2822.12,1318.00,1105.99,3.15,15931.31,6.20,330.53,16.11,284.67,288.74,14.47,535.81,327.28,315.48,0.00,38.66,1511.19,37.62,4621.10,36.82,34.52,330.53,1262.03,12.12,14.39,19.48,26.96,-3.12,-2921.06,-2462.17,1105.07,945.11,13.15,58.68,1091.58,-9.24,1481.59,9794.94,8842.44,3261.14,21.03,4.94,1226.09,76687.00,74294.00,68603.00,58.55,18.70,16.53,1481.59
3B Blackbio,532067,3BBLACKBIO,INE994E01018,Healthcare Services,Healthcare Service Provider,1306.30,1121.15,82.34,2350.00,1308.60,25.35,3.11,40.95,9.53,-24.31,12.59,9.56,-8.46,16.28,22.44,15.04,0.00,20.19,55.01,62.28,153.17,54.30,50.65,8.98,55.53,25.48,19.77,13.23,26.81,2.49,52.48,43.36,1308.63,18.83,18.97,63.22,68.83,10.55,100.62,315.81,157.70,192.66,12.66,3.46,33.49,11049.00,10616.00,10619.00,2.50,2.15,54.40,100.62
3M India,523395,3MINDIA,INE470A01017,Diversified,Diversified,33570.00,37833.39,1033.73,41000.00,33472.48,12.35,169.75,75.00,176.95,-0.42,177.69,185.37,8.23,250.13,-62.05,191.34,0.00,85.81,1478.10,16.71,5316.99,15.71,19.00,233.07,440.89,50.01,29.98,-11.22,12.43,6.67,513.72,355.11,33471.50,273.40,222.04,37.18,937.38,23.51,817.78,1756.88,0.00,2542.38,36.19,21.39,1423.21,30673.00,29808.00,34588.00,3.50,8.16,13.33,817.78
5paisa Capital,540776,5PAISA,INE618L01018,Capital Markets,Stockbroking & Allied,376.40,1764.65,101.07,765.54,349.12,9.73,378.56,36.50,11.57,0.17,11.55,10.86,6.54,14.50,12.30,9.48,0.00,39.92,83.56,8.29,330.20,-1.44,13.70,11.57,44.21,9.94,7.04,-25.95,13.10,-3.31,-103.71,97.94,348.85,25.25,3.09,50.55,1336.61,-4.70,1417.71,617.97,2.18,1539.54,7.12,2.72,88.33,50145.00,52243.00,56884.00,15.11,0.00,48.38,1417.71
63 Moons Tech.,526881,63MOONS,INE111B01023,IT - Software,Computers - Software & Consulting,777.55,3582.84,-98.81,3048.00,717.76,22.84,2.85,45.63,-39.68,-203.60,-13.07,-54.65,-289.18,,-31.73,-44.70,0.00,,,541.89,318.30,384.84,350.44,-47.56,-143.00,-3.71,-1.60,-76.91,-34.67,-3.41,-292.97,-142.78,717.16,,,47.97,1925.25,-4.21,1676.78,3542.62,583.27,2322.90,-13.17,1.01,137.16,44996.00,45869.00,46045.00,1.61,0.00,52.75,1676.78
A B B,500002,ABB,INE117A01022,Electrical Equipment,Heavy Electrical Equipment,7609.00,161241.08,2397.26,9200.00,6603.38,3.98,144.52,75.00,370.07,8.03,342.55,341.91,-79.69,469.04,432.85,409.04,0.00,104.62,3712.31,12.13,13476.81,10.22,21.03,362.30,1541.25,29.93,22.39,-13.03,10.40,12.18,1219.52,1331.80,6593.28,516.29,22.14,55.99,5507.82,14.47,5834.87,9297.10,1.56,13764.99,68.90,17.26,3558.87,183577.00,181528.00,182397.00,7.67,9.89,7.44,7335.52
A B Infrabuild,544281,ABINFRA,INE00YB01025,Construction,Civil Construction,11.95,763.35,41.41,23.56,13.84,49.28,88.25,30.94,5.34,3.09,5.18,5.94,-10.55,2.06,6.12,2.13,0.00,39.13,42.96,15.17,271.89,6.80,25.91,5.34,19.51,16.06,13.84,-8.15,7.00,-5.74,-51.17,-23.59,13.86,6.16,0.03,55.73,33.47,-17.71,32.01,105.41,0.00,277.89,19.14,4.51,76.25,16192.00,11173.00,3068.00,0.00,0.01,69.02,32.01
A B Lifestyle,544403,ABLBL,INE14LE01019,Retailing,Speciality Retail,86.04,10501.37,1444.28,176.10,107.39,43.14,3018.10,46.60,29.02,20.62,24.06,60.50,-46.77,52.66,69.01,23.44,0.00,49.19,2248.61,10.34,8600.97,9.07,11.15,29.02,213.47,15.02,14.87,31.53,1.42,,1218.81,1144.17,107.60,352.99,0.43,30.93,53.65,,91.51,191.66,16.34,4565.34,9.14,7.44,2045.74,262354.00,266973.00,297575.00,12.70,20.80,19.42,91.51
A B Real Estate,500040,ABREL,INE055A01016,Realty,"Residential, Commercial Projects",1392.30,15551.39,-340.56,3141.95,1462.61,29.49,5636.49,50.21,-70.92,-59.41,-44.49,-102.21,-741.74,-110.55,-75.31,-17.82,0.00,,87.69,-10.38,450.47,-55.45,29.74,-34.59,-319.61,-4.48,-2.64,-249.75,-35.46,-9.69,747.23,-1293.44,1463.32,-68.87,-9.90,48.30,1000.62,-4.55,1398.76,3589.13,1511.65,13627.49,-60.03,4.20,188.85,95594.00,96982.00,105295.00,9.26,16.63,23.14,1398.76
A C J K Exports,544743,AEROPLANE,INE05TO01019,Agricultural Food & other Products,Other Agricultural Products,174.99,1812.05,229.75,210.00,166.09,16.67,758.09,78.78,36.63,127.52,16.10,19.96,83.52,,34.69,32.56,0.00,14.63,,,2522.92,14.51,55.10,36.63,123.84,15.70,15.85,72.25,5.52,9.84,-166.37,94.96,166.00,,,44.16,19.55,-1.94,256.19,820.58,0.77,2028.13,9.32,,663.73,43063.00,106988.00,,1.89,5.44,12.98,256.19
A.K.Capital Serv,530499,AKCAPIT,INE701G01012,Finance,Non Banking Financial Company (NBFC),1717.60,1133.62,400.66,1950.00,1572.86,11.92,3089.18,72.24,27.19,17.71,23.10,32.10,-14.88,58.84,26.03,30.91,0.00,9.90,172.46,11.92,577.13,15.22,3.92,28.26,114.45,9.33,10.95,34.44,20.23,-1.16,-257.66,-261.16,1571.41,120.79,85.77,45.73,32.17,-2.59,63.27,1039.81,3182.91,142.48,10.21,1.08,139.72,2825.00,2946.00,2619.00,0.00,0.11,27.65,63.27
Aadhar Hsg. Fin.,544176,AADHARHFC,INE883F01010,Finance,Housing Finance Company,470.35,20588.98,2818.86,563.00,487.03,16.46,18743.78,64.66,282.36,19.00,237.28,310.92,-9.19,420.21,281.21,266.47,0.00,17.85,1055.67,17.67,3817.29,17.72,17.06,282.36,1153.40,11.38,15.94,21.54,28.44,-0.79,-2807.88,-3026.65,487.20,803.04,9.60,37.32,1723.38,-11.48,1214.68,7105.19,637.46,1784.06,13.04,2.72,992.89,162826.00,184772.00,202739.00,5.80,9.92,19.61,1214.68
Aarti Drugs,524348,AARTIDRUGS,INE767A01016,Pharmaceuticals & Biotechnology,Pharmaceuticals,418.00,3815.09,311.58,1026.95,401.90,21.80,576.64,54.43,51.68,-4.14,53.91,55.19,-9.28,65.67,40.55,45.16,2.50,19.80,732.18,12.16,2677.58,10.54,19.01,50.13,192.69,11.90,13.36,2.04,7.35,1.44,253.54,244.58,401.74,94.36,7.19,52.81,7.56,4.55,8.81,1457.59,27.31,1467.77,13.04,2.46,702.78,143476.00,144946.00,160260.00,1.52,10.29,33.76,8.81
Aarti Industries,524208,AARTIIND,INE769A01020,Chemicals & Petrochemicals,Specialty Chemicals,542.95,19694.25,1172.00,1060.84,458.13,1.59,4966.00,41.82,153.28,256.47,43.00,137.00,13.14,160.25,133.00,106.00,3.49,37.71,2717.30,29.40,9010.00,26.99,42.51,155.00,522.28,6.85,7.13,122.25,6.42,1.56,775.00,1241.94,457.28,403.84,4.42,66.01,294.97,-1.90,609.00,5774.00,132.00,4187.00,17.94,3.31,2387.00,370868.00,384210.00,425399.00,7.00,21.11,30.08,609.00
Aarti Pharma,543748,AARTIPHARM,INE0LRU01027,Pharmaceuticals & Biotechnology,Pharmaceuticals,836.65,7586.73,386.95,971.50,730.53,11.60,754.36,42.86,76.14,53.82,49.50,61.12,24.57,59.83,47.96,27.92,11.08,35.24,473.54,13.20,1969.04,1.20,38.74,76.14,215.27,10.70,8.59,-19.21,14.21,2.99,261.93,331.56,729.47,102.06,6.60,61.16,8.65,-3.55,9.62,2079.28,193.85,1397.29,18.45,3.57,535.80,176506.00,179373.00,187039.00,8.17,7.22,41.74,9.62
AAVAS Financiers,541988,AAVAS,INE216P01012,Finance,Housing Finance Company,1285.80,10195.66,1978.39,3340.00,1433.64,27.56,15685.57,48.88,171.27,23.01,139.23,181.67,-5.72,252.69,170.05,163.93,0.00,14.84,753.54,12.97,2764.62,13.32,12.93,171.27,686.92,9.92,13.92,16.97,24.17,-0.50,-1386.42,-1660.13,1435.13,557.76,31.87,30.44,1559.63,-8.78,1843.30,4971.56,270.81,2368.93,11.77,2.02,708.72,113498.00,117980.00,121862.00,16.28,22.15,12.69,1843.30
Aayush Art,540718,,INE777X01017,Textiles & Apparels,Other Textile Products,1275.75,1953.45,10.77,1275.75,1119.00,0.00,0.00,24.63,7.53,382.69,1.56,0.37,1935.14,,,,0.00,247.59,,,216.35,193.28,257.34,7.53,7.89,18.86,13.88,335.91,4.47,-20.83,-0.07,-40.43,1117.43,,,88.88,0.77,-23.68,0.68,45.47,0.00,125.12,181.32,32.14,168.63,299.00,249.00,177.00,0.00,0.00,75.38,0.68
Abans Financial,543712,AFSL,INE00ZE01026,Finance,Holding Company,201.00,1021.88,163.94,625.00,206.48,16.60,753.73,71.11,61.95,106.84,29.95,-3.87,1884.55,,34.31,41.85,0.00,7.96,,527.96,25747.33,427.79,96.05,65.85,128.33,7.90,8.29,17.06,1.77,0.66,505.18,-118.76,206.54,,,45.67,318.54,6.71,608.10,1239.85,1314.09,1544.42,5.54,0.81,3712.76,14110.00,14635.00,16215.00,20.71,0.00,8.18,608.10
Abbott India,500488,ABBOTINDIA,INE358A01014,Pharmaceuticals & Biotechnology,Pharmaceuticals,26555.00,56429.38,2176.08,37000.00,27517.75,18.98,171.99,74.99,428.52,17.13,365.86,394.93,8.51,500.45,375.96,415.27,0.00,34.95,1858.87,5.79,7004.38,6.29,4.33,428.52,1614.68,44.80,34.35,11.18,23.63,4.19,1319.24,1011.84,27527.43,527.86,235.51,40.83,1626.20,24.40,2254.95,4752.94,0.00,3770.69,24.05,11.82,1813.68,78320.00,75866.00,67584.00,0.38,8.77,15.85,2254.95
ABS Marine,,ABSMARINE,INE0QRV01016,Transport Services,Shipping,286.40,703.11,152.55,425.00,215.94,9.22,377.23,63.96,49.01,154.86,19.23,30.99,57.87,,,,0.00,8.79,,,319.13,77.44,83.46,49.46,80.00,20.98,29.55,195.64,27.01,1.16,167.62,44.89,215.23,,,79.86,121.98,-15.30,48.34,286.53,13.21,168.20,6.76,2.26,183.09,4239.00,4266.00,3939.00,0.15,0.43,35.45,48.34
ACC,500410,ACC,INE012A01025,Cement & Cement Products,Cement & Cement Products,1331.70,25007.63,3366.76,2844.00,1501.56,32.98,428.61,56.69,163.92,-56.33,375.38,239.29,-38.31,379.29,404.25,1119.26,0.00,13.16,6517.50,8.54,25441.73,11.55,-4.59,147.00,1899.74,11.25,10.86,-18.63,2.82,2.02,-1364.01,1711.48,1503.26,695.92,20.20,48.99,1649.27,-1.65,557.73,20362.55,54.95,11372.89,8.23,1.22,5808.00,238540.00,235988.00,219069.00,5.83,21.12,16.19,557.73
Accelya Solution,532268,ACCELYA,INE793A01012,IT - Software,Computers - Software & Consulting,1131.80,1689.35,193.81,2128.25,1204.67,25.88,15.70,74.66,30.45,-10.31,33.95,21.38,42.42,33.90,13.94,29.61,0.00,16.27,135.10,-0.81,532.27,0.67,-3.52,30.45,103.81,49.42,39.33,-18.54,23.95,1.04,99.16,144.56,1205.40,46.33,22.71,46.27,79.03,38.50,50.24,235.22,25.95,266.86,8.54,6.75,127.12,39421.00,39644.00,35927.00,0.11,0.01,25.22,50.24
Accent Microcell,,ACCENTMIC,INE0Q5D01013,Pharmaceuticals & Biotechnology,Pharmaceuticals,593.75,1424.35,63.46,621.00,424.82,4.39,0.87,53.02,25.79,55.36,16.60,18.07,42.72,,,,0.00,32.47,,,349.03,31.92,51.34,25.79,43.86,24.88,18.65,32.67,12.30,7.39,18.64,24.67,423.12,,,69.00,51.02,-11.65,20.10,251.50,0.00,154.94,22.14,5.17,209.67,3178.00,3054.00,2982.00,0.91,3.54,42.53,20.10
ACME Solar Hold.,544283,ACMESOLAR,INE622W01025,Power,Power Generation,395.95,27988.69,2265.04,411.50,309.88,3.78,19896.29,71.40,235.33,64.83,142.77,134.46,70.15,106.30,113.70,115.06,0.00,47.01,705.93,50.92,2369.90,47.52,67.81,235.33,595.44,8.89,10.38,45.44,27.44,1.74,1248.59,1543.02,309.01,609.25,1.50,60.02,2916.03,-11.80,6158.09,4940.40,275.00,6985.74,16.27,4.74,857.50,143209.00,164635.00,197223.00,4.39,19.10,4.92,6158.09
Action Const.Eq.,532762,ACE,INE731H01025,"Agricultural, Commercial & Construction Vehicles",Construction Vehicles,1159.00,13801.74,614.01,1695.00,993.87,3.09,7.90,65.42,119.49,22.28,97.72,110.91,7.74,108.97,116.41,90.06,0.00,31.59,813.81,9.35,3414.04,5.21,20.49,119.49,436.86,31.70,22.90,3.34,15.21,3.37,417.27,411.98,992.21,122.96,9.15,60.42,55.47,14.70,77.20,1987.17,1283.46,1624.29,21.37,6.86,785.68,183575.00,181542.00,171647.00,7.82,2.59,24.12,77.20
Acutaas Chemical,543349,ACUTAAS,INE00FF01025,Pharmaceuticals & Biotechnology,Pharmaceuticals,3257.80,26671.97,521.98,3740.00,2607.38,12.89,35.60,32.66,74.26,67.67,44.29,131.76,-44.15,141.80,106.22,71.86,0.00,69.06,447.67,46.20,1461.80,40.90,59.08,74.99,386.22,31.56,24.05,104.30,22.75,18.10,292.17,118.34,2600.84,155.01,17.15,49.36,248.93,-5.79,224.83,1612.63,0.20,881.27,46.46,16.13,329.67,125569.00,112939.00,119890.00,21.61,19.55,26.16,224.83
Adani Energy Sol,539254,ADANIENSOL,INE931S01010,Power,Power Distribution,1570.50,192065.00,8670.33,4238.55,1308.25,12.21,49176.43,73.39,1149.06,124.22,512.48,683.78,71.11,792.88,574.06,557.10,0.00,65.80,8441.66,27.98,30479.83,20.91,42.41,1236.56,2919.12,9.65,9.44,21.81,12.73,2.26,10996.68,9044.51,1305.61,2536.16,6.02,44.33,3618.68,-1.52,3947.34,24226.26,2643.61,15589.44,24.00,7.42,9711.08,376377.00,403625.00,500926.00,10.31,13.05,3.26,3947.34
Adani Enterp.,512599,ADANIENT,INE423A01024,Metals & Minerals Trading,Trading - Minerals,3112.00,421187.29,16111.93,4062.14,2647.24,4.10,106621.79,71.97,568.16,-35.82,885.23,-104.93,-776.28,-15.86,5726.57,3414.43,0.79,177.42,27518.81,29.51,111431.39,18.06,49.92,-1461.54,2373.98,5.80,-3.38,-36.42,2.17,4.65,2356.91,4513.10,2642.56,4079.39,-0.09,61.15,6962.46,-13.17,11809.42,80796.71,9428.37,58452.04,28.17,4.97,32923.98,588595.00,664882.00,621739.00,10.51,10.75,6.78,11809.42
Adani Green,541450,ADANIGREEN,INE364U01010,Power,Power Generation,1303.20,214660.00,12093.00,3050.00,1240.83,20.12,103545.00,62.43,846.34,16.89,724.08,468.79,91.25,41.53,5.00,644.00,0.00,110.71,3423.22,13.80,13559.00,10.98,16.61,983.00,1938.87,7.39,11.40,4.37,22.22,2.35,10135.00,8364.00,1240.20,2983.80,0.22,37.58,3332.00,-11.37,2766.00,18318.00,2983.00,9834.00,24.98,10.75,4431.00,799143.00,930970.00,989821.00,11.84,4.82,20.90,2766.00
Adani Ports,532921,ADANIPORTS,INE742F01042,Transport Infrastructure,Port & Port services,1691.50,389714.68,25205.01,1891.80,1620.49,10.59,63565.52,66.03,3620.40,9.23,3314.59,3381.29,10.31,3510.47,3042.93,3120.20,0.00,29.33,11241.10,22.62,40430.43,23.85,18.57,3649.50,13287.46,14.12,16.38,16.78,33.73,2.08,20356.25,17226.28,1619.78,6516.91,15.12,44.58,6605.97,5.24,8483.51,95497.98,5448.65,20720.18,16.86,4.06,10820.80,1072323.00,1095768.00,1185335.00,15.58,13.60,4.79,8483.51
Adani Power,533096,ADANIPOWER,INE814H01029,Power,Integrated Power Utilities,207.20,399578.87,23359.36,254.20,186.75,18.49,54670.29,74.96,4805.69,41.98,3384.86,4017.08,13.93,3809.84,2488.09,2906.46,1.81,28.03,15478.97,15.03,59033.26,6.64,33.97,4866.60,14255.13,17.22,21.07,14.86,25.75,2.14,20513.65,21501.11,186.54,5964.91,1.95,45.96,6119.88,5.71,6926.32,61079.94,1515.99,27196.73,17.36,6.15,18901.89,2116256.00,2087011.00,1814142.00,11.76,4.07,9.20,6926.32
Adani Total Gas,542066,ATGL,INE399L01023,Gas,LPG/CNG/PNG/LNG Supplier,643.70,70794.78,1220.64,4000.00,640.85,25.14,2251.76,74.80,133.03,-17.97,162.17,155.84,-14.64,212.28,157.19,161.68,0.00,116.49,1748.21,21.07,6235.29,19.58,27.10,133.03,607.74,15.09,14.06,-4.01,7.63,6.05,1150.00,980.33,640.82,320.17,1.93,39.64,459.82,3.15,502.99,4714.03,1927.53,1112.51,60.17,14.68,1743.48,596758.00,636149.00,632842.00,12.77,6.34,6.07,502.99
ADC India,523411,,INE833A01016,Telecom -  Equipment & Accessories,Telecom -  Equipment & Accessories,2426.00,1115.96,24.94,2678.35,1898.09,9.42,0.00,72.02,8.58,72.64,4.97,3.51,144.44,7.33,6.13,4.31,0.00,49.53,59.54,30.14,218.37,18.96,40.59,8.58,22.53,31.44,24.17,0.27,13.53,7.14,13.41,25.93,1892.78,7.45,15.92,58.15,59.37,25.01,61.34,82.09,0.00,125.33,35.32,12.87,63.42,7668.00,7748.00,8871.00,0.09,0.00,27.88,61.34
ADF Foods,519183,ADFFOODS,INE982B01027,Food Products,Packaged Foods,280.70,3083.87,149.75,353.95,253.71,19.09,55.07,36.14,17.29,13.45,15.24,25.91,-33.27,32.00,22.38,26.39,0.00,31.87,201.10,23.67,717.64,19.44,25.90,17.29,96.77,21.82,17.66,38.03,10.34,4.94,57.59,37.42,253.44,39.21,2.91,53.83,66.01,1.48,72.39,549.58,14.52,426.80,19.79,5.39,167.29,39264.00,40319.00,41436.00,11.59,21.30,30.99,72.39
Adit.Birla Money,532974,BIRLAMONEY,INE865C01022,Capital Markets,Stockbroking & Allied,128.15,724.17,231.91,303.72,140.47,35.08,2205.61,73.53,11.13,-27.63,15.38,18.73,-40.58,11.30,14.22,10.15,0.00,12.79,124.79,17.16,486.66,9.29,16.02,11.13,56.64,9.91,22.66,-22.63,8.51,-0.23,-317.26,-126.20,140.59,58.23,2.00,38.67,993.23,-13.64,1165.86,294.60,818.35,1559.62,7.40,2.41,130.77,42163.00,42166.00,43006.00,0.08,0.00,26.40,1165.86
Aditya AMC,543374,ABSLAMC,INE404A01024,Capital Markets,Asset Management Company,1033.50,29905.20,1319.11,1224.90,969.79,15.63,63.73,74.72,309.49,11.68,277.11,187.11,65.41,272.02,269.52,241.32,0.00,29.62,488.13,5.81,1860.59,6.59,3.48,309.49,1009.56,32.23,25.15,3.86,66.85,3.73,811.93,708.48,969.15,286.43,9.40,51.15,103.41,17.71,139.02,3897.26,3946.15,348.20,22.01,7.39,462.96,236462.00,244638.00,271241.00,4.41,14.26,6.58,139.02
Aditya Bir. Fas.,535755,ABFRL,INE647O01011,Retailing,Speciality Retail,54.52,6654.22,883.23,129.13,65.74,42.58,6189.11,46.61,-215.24,-1.54,-211.98,-138.77,-51.84,-369.91,-137.30,-295.09,0.00,,2212.29,11.64,8371.01,11.44,10.60,-248.73,-746.75,-3.76,-13.63,-10.31,-12.28,0.56,160.75,1681.33,65.85,132.39,-2.62,36.85,773.06,3.83,480.51,4618.52,1240.33,4836.40,12.82,1.14,2025.56,368478.00,369727.00,393518.00,12.87,5.69,34.52,480.51
Aditya Birla Cap,540691,ABCAPITAL,INE674K01013,Finance,Investment Company,410.00,112232.18,17253.78,430.70,354.54,4.81,179537.75,68.81,1174.70,40.07,838.63,1001.55,16.93,1485.76,965.85,882.47,0.00,27.88,12709.81,19.96,48185.84,16.33,28.17,1223.85,4024.83,8.72,12.04,18.14,10.05,-0.38,-36544.12,-27934.63,353.98,4848.43,5.21,53.82,6003.28,-15.40,4729.98,31803.50,125116.15,12407.64,15.72,3.12,12179.54,513052.00,522128.00,560382.00,7.94,13.36,9.77,4729.98
Aditya Infotech,544466,CPPLUS,INE819V01029,Industrial Manufacturing,Industrial Products,3530.30,41763.60,578.78,4094.50,2551.35,13.78,256.34,74.71,142.20,332.48,32.88,169.13,-15.92,179.87,95.98,69.98,0.00,87.50,1493.39,62.39,4883.20,51.85,89.51,142.20,477.29,28.56,25.41,214.81,10.14,-413.19,13.47,27.21,2541.51,204.06,15.20,51.11,181.87,-5.56,199.59,1865.08,0.73,3032.14,57.94,22.16,1402.42,58182.00,36773.00,,6.35,13.61,5.34,199.59
Aditya Vision,540205,AVL,INE679V01027,Retailing,Speciality Retail,585.60,7562.32,239.03,705.00,549.84,16.94,572.80,47.14,77.22,39.99,55.16,21.73,255.36,30.01,27.31,12.72,0.00,53.97,581.21,27.04,2924.07,26.52,26.85,77.22,140.12,17.08,18.71,30.26,6.47,39.21,74.95,-40.82,549.48,51.07,2.32,38.20,121.35,-2.23,128.65,675.51,0.00,1079.23,29.33,10.99,1192.68,33586.00,33945.00,29458.00,15.05,21.67,16.13,128.65
Ador Welding,517041,ADOR,INE045A01017,Industrial Products,Other Industrial Products,1531.20,2664.72,142.51,1770.00,1195.89,10.03,2.95,53.76,27.35,890.46,-3.46,35.32,-18.43,33.81,27.10,25.62,0.00,22.25,313.08,11.81,1193.54,8.58,23.19,27.35,119.74,22.71,16.42,106.13,8.86,3.02,116.73,139.14,1192.52,39.85,19.43,52.37,66.88,12.94,92.39,546.47,47.32,508.75,14.11,4.73,308.63,35275.00,35567.00,38889.00,1.05,10.47,34.72,92.39
Advait Energy,543230,ADVAIT,INE0ALI01010,Electrical Equipment,Other Electrical Equipment,2147.70,2350.23,96.51,2485.70,1957.03,13.60,95.25,66.76,13.89,65.95,8.37,17.67,-22.43,26.68,17.39,10.17,0.00,40.70,263.82,68.18,775.37,69.89,51.37,14.80,57.75,27.91,21.53,70.61,8.26,18.16,-9.68,46.47,1955.12,32.53,22.88,48.80,96.06,-10.53,115.91,267.18,24.10,442.11,21.87,8.45,179.27,33709.00,33066.00,29389.00,0.68,0.04,32.51,115.91
Advance Agrolife,544562,ADVANCE,INE1B0W01010,Fertilizers & Agrochemicals,Pesticides & Agrochemicals,122.58,788.01,67.66,154.00,113.45,20.40,97.90,69.89,22.55,152.24,8.94,7.46,202.28,30.02,3.01,15.88,0.00,16.11,360.68,69.63,799.55,48.33,95.93,22.55,48.90,19.28,17.18,78.66,6.83,-7.25,-70.04,5.71,113.36,38.12,4.67,57.25,1.92,-17.24,75.13,245.63,0.00,494.37,9.51,2.54,330.40,13285.00,13386.00,,3.82,2.08,24.21,75.13
Advanced Enzyme,540025,ADVENZYMES,INE837H01020,Pharmaceuticals & Biotechnology,Biotechnology,297.20,3327.93,265.10,571.15,322.20,29.20,32.01,43.25,37.09,-7.11,39.93,42.87,-14.72,49.01,43.18,44.74,0.00,21.12,204.19,10.66,749.64,12.17,2.09,38.59,157.60,13.96,10.16,15.13,20.33,1.89,156.78,142.50,322.45,60.75,4.21,37.89,107.69,6.36,115.93,1609.57,583.89,459.75,12.35,2.04,189.79,63599.00,66193.00,67589.00,26.70,4.77,25.28,115.93
Advent Hotels,544446,ADVENTHTL,INE28GN01010,Leisure Services,Hotels & Resorts,138.48,747.00,145.82,345.05,183.72,59.87,799.02,47.69,6.17,61.52,3.82,8.97,83.65,6.24,30.44,-1.21,28.92,15.42,79.68,3.51,387.55,3.52,0.09,6.74,48.45,6.78,5.47,76.87,8.37,,162.12,2310.32,184.17,22.55,1.06,46.29,5.05,49.83,26.79,850.45,0.00,64.83,10.25,0.83,80.52,73140.00,75435.00,,2.36,0.41,49.52,26.79
Advit Jewels,544803,RAMBHAJO,INE1SJO01012,Consumer Durables,"Gems, Jewellery And Watches",255.69,1171.32,49.23,257.20,183.01,0.59,72.93,69.88,8.19,37.88,5.94,8.73,-6.29,,9.74,,0.00,31.98,,,167.02,33.69,37.06,8.19,34.38,32.14,45.62,35.51,23.19,,13.33,-36.98,182.28,,,79.78,2.63,-12.14,0.26,60.58,0.00,151.41,25.27,,35.32,43293.00,,,3.92,9.24,16.98,0.26
Aegis Logistics,500003,AEGISLOG,INE208C01025,Gas,Trading - Gas,1331.70,46742.67,1750.29,1498.00,945.71,11.10,4149.93,58.10,484.44,268.90,131.32,410.37,19.85,532.66,232.63,244.02,0.00,37.36,3123.90,36.18,8970.66,30.35,37.07,544.84,1251.27,13.33,16.27,88.67,23.12,4.82,2027.69,558.19,941.83,664.29,13.49,52.22,3190.88,2.49,4194.54,6019.92,1744.91,5093.12,20.34,7.72,2356.86,77194.00,78190.00,84323.00,19.54,3.60,18.77,4194.54
Aegis Vopak Term,544407,AEGISVOPAK,INE0INX01018,Oil,Oil Storage & Transportation,264.15,29267.60,723.98,311.50,240.84,15.20,3730.93,86.94,66.08,-6.96,71.02,68.64,-6.02,78.53,89.04,53.93,0.00,108.07,232.57,23.95,904.26,26.06,12.39,69.42,270.81,7.56,11.02,42.89,29.70,6.55,701.96,576.33,240.61,173.90,0.67,43.09,725.27,0.58,306.88,3182.58,0.00,735.25,47.45,6.82,233.77,50411.00,48956.00,57139.00,5.35,5.30,2.41,306.88
Aequs,544634,AEQUS,INE947N01017,Aerospace & Defense,Aerospace & Defense,251.66,16877.97,168.91,274.60,191.04,8.35,700.93,59.09,-53.23,-1457.91,3.92,-57.45,0.91,,-42.68,-20.59,0.00,,,,1370.41,33.08,54.77,-53.23,-164.05,1.69,-9.96,-73.70,-13.46,,-98.75,26.14,190.43,,,55.78,79.79,-15.43,356.65,815.82,105.57,1345.24,115.34,11.35,395.55,53564.00,40774.00,,5.17,8.85,24.62,356.65
Aeroflex,543972,AEROFLEX,INE024001021,Industrial Products,Iron & Steel Products,536.35,7097.56,101.70,542.00,336.84,1.04,8.90,65.47,18.79,162.06,7.17,17.64,6.52,28.71,16.49,14.23,0.00,105.70,164.22,48.12,502.98,35.64,72.39,18.79,67.15,18.92,14.07,42.06,12.92,16.15,65.84,26.58,334.83,38.27,2.17,70.89,26.75,-6.42,69.65,420.81,0.01,322.71,58.95,15.87,145.38,109759.00,97254.00,117540.00,3.61,1.48,29.45,69.65
Aeroflex Enter.,511076,AEROENTER,INE065D01027,Industrial Products,Iron & Steel Products,143.64,1625.49,150.28,151.70,104.55,4.32,40.59,52.30,97.23,854.16,10.19,24.51,302.10,21.00,24.80,20.44,0.00,10.70,224.42,30.21,752.35,27.43,40.54,103.22,151.90,12.63,8.41,202.54,54.95,-3.61,18.30,37.01,104.15,32.73,1.74,68.29,193.63,-14.79,146.05,804.16,27.25,697.76,5.33,1.96,189.00,36992.00,35374.00,42832.00,1.25,0.07,46.39,146.05
Aerpace Indus,534733,,INE175N01023,Industrial Products,Iron & Steel Products,34.93,537.43,-13.35,60.00,27.66,12.02,39.51,45.25,-4.12,-139.53,-1.72,-8.08,53.36,,-2.36,-3.45,0.00,,,,0.00,,,-4.16,-17.57,-21.52,-35.16,-131.49,,,-3.13,-5.15,27.59,,,59.89,0.13,-30.54,0.40,22.21,0.00,7.23,-38.49,14.29,0.00,20255.00,20493.00,19634.00,0.00,0.00,54.75,0.40
Aether Industri.,543534,AETHER,INE0BWX01014,Chemicals & Petrochemicals,Specialty Chemicals,1655.00,21966.53,384.57,1692.00,1189.79,2.19,457.94,74.92,62.75,27.98,49.03,55.06,16.18,88.11,64.48,53.96,0.00,91.55,369.82,32.03,1230.56,34.44,27.25,62.75,239.93,11.92,9.66,30.35,19.22,41.07,142.38,100.02,1185.11,116.02,6.64,64.09,238.53,-15.95,5.66,2323.21,0.21,1171.47,54.45,8.94,326.56,65336.00,65562.00,72628.00,7.42,10.49,7.17,5.66
Afcom Holdings,544224,,INE0OXY01013,Transport Services,Logistics Solution Provider,1623.60,4661.94,238.14,1680.00,1061.88,3.36,375.59,35.84,39.24,86.06,21.09,44.66,-12.14,,34.45,28.39,0.00,31.77,,,640.40,144.27,48.12,39.24,146.74,33.49,36.01,160.47,22.28,32.13,35.99,27.38,1056.23,,,68.17,0.09,-1.42,62.06,660.68,0.00,535.56,19.21,6.76,176.10,6978.00,6454.00,3672.00,0.68,7.96,55.52,153.30
Afcons Infrastr.,544280,AFCONS,INE101I01011,Construction,Civil Construction,285.05,10483.70,1614.44,570.00,330.33,40.54,3626.91,50.17,30.60,-77.73,137.40,-88.40,134.22,-19.42,96.81,105.08,100.00,51.16,2541.55,-14.95,11249.00,-11.87,-20.75,30.30,204.90,13.91,5.61,-61.53,1.13,1.84,-127.49,-132.20,330.79,243.56,-0.53,53.68,770.56,-3.74,885.89,5082.02,0.54,12953.97,9.35,1.92,2671.00,240266.00,237539.00,266041.00,12.15,20.07,17.62,885.89
Affle 3i,542752,AFFLE,INE00WC01027,IT - Services,IT Enabled Services,1686.80,23769.43,688.30,2186.80,1577.85,22.86,14.81,54.91,128.44,21.74,105.50,119.51,7.47,137.20,119.32,110.51,0.00,49.75,776.11,20.01,2835.73,19.78,20.37,128.44,477.78,16.84,13.79,19.21,17.19,5.74,502.35,425.99,1576.76,174.68,9.74,55.41,1391.70,7.01,1294.07,3624.09,113.87,2639.62,31.06,6.50,747.16,243769.00,240775.00,261724.00,15.37,18.77,10.82,1294.07
Agarwal Indl.,531921,AGARIND,INE204E01012,Chemicals & Petrochemicals,Petrochemicals,470.20,703.32,134.86,1383.15,581.53,53.26,341.36,57.20,10.35,-20.57,13.03,15.75,-34.29,2.58,2.80,11.99,0.00,17.20,162.55,-33.60,1491.93,-34.70,-27.00,10.35,40.89,7.92,6.62,-54.42,2.39,0.42,234.91,99.84,582.65,13.83,1.73,35.83,53.12,-1.86,72.82,674.05,38.49,440.74,7.50,1.02,433.31,19959.00,18780.00,20011.00,2.37,0.06,40.37,72.82
AGI Greenpac,500187,AGI,INE415A01038,Industrial Products,Packaging,744.50,4816.72,690.42,1307.90,683.02,20.71,241.04,60.39,99.58,12.08,88.85,115.60,-13.86,98.44,71.64,76.12,0.00,13.09,644.74,7.17,2762.93,4.26,14.19,99.58,368.03,19.60,15.80,5.74,12.68,0.84,572.03,428.55,682.40,149.82,15.22,61.59,363.70,8.60,84.13,2394.93,100.02,1105.36,7.12,2.00,785.27,58757.00,57390.00,53546.00,6.26,1.06,32.26,84.13
AGI Infra,539042,AGIIL,INE976R01033,Realty,"Residential, Commercial Projects",287.90,3598.67,132.69,434.40,307.00,33.72,185.61,71.29,27.52,37.53,20.01,26.69,3.18,24.55,26.11,22.05,0.00,35.15,88.74,4.03,357.36,3.93,5.27,27.54,102.37,20.11,24.98,41.67,28.56,6.49,-32.38,-19.91,307.19,34.42,1.96,32.36,27.57,-5.57,98.45,452.30,0.00,1269.38,25.66,7.74,96.44,11736.00,9169.00,6119.00,4.68,0.01,24.02,98.45
Ahluwalia Contr.,532811,AHLUCONT,INE758C01029,Construction,Civil Construction,635.10,4254.38,507.56,1542.45,839.20,41.08,73.14,55.32,10.39,-79.71,51.21,82.02,-87.33,56.81,54.06,78.57,0.00,18.90,1309.81,11.26,4686.13,12.00,12.03,10.39,225.04,20.45,13.78,1.18,0.92,1.35,281.13,359.43,841.25,104.18,8.48,21.01,964.35,5.52,817.46,2045.51,0.00,3179.12,7.50,2.07,1125.81,34624.00,36498.00,37376.00,14.05,22.32,8.32,817.46
AIA Engineering,532683,AIAENG,INE212H01026,Industrial Products,Castings & Forgings,4235.50,39525.84,1746.21,5180.00,4134.37,18.23,10.27,58.50,301.11,-1.28,305.02,393.27,-23.48,279.34,292.95,277.48,0.00,31.15,1132.64,8.10,4548.94,5.63,12.42,300.99,1268.78,21.12,16.99,14.70,25.77,4.54,591.50,1162.31,4133.36,311.39,29.93,31.80,437.54,9.53,223.86,8006.68,4302.08,2936.26,22.48,4.93,1168.02,58979.00,59500.00,55456.00,16.87,22.10,2.54,223.86
Aimtron,,AIMTRON,INE0RUV01018,Industrial Manufacturing,Industrial Products,1648.85,3436.43,69.25,1780.00,1114.77,7.37,55.30,70.90,25.69,77.79,14.45,20.29,26.61,,,,0.00,74.75,,,301.16,89.21,75.94,25.69,45.97,28.15,23.60,79.36,14.39,,-39.96,-18.67,1109.40,,,58.74,35.58,-17.41,13.88,213.98,0.00,355.05,50.22,14.49,178.58,4993.00,4243.00,3832.00,0.22,2.17,26.72,13.88
Airfloa Rail,544516,,INE0XBS01012,Industrial Manufacturing,Industrial Products,449.95,1078.53,64.73,455.00,321.88,1.11,68.31,54.20,27.07,68.77,16.04,12.09,123.90,,,,0.00,27.55,,,319.60,66.12,113.54,27.07,39.15,25.87,22.68,53.53,11.82,,-57.45,-4.43,320.60,,,83.05,3.92,-11.09,13.08,212.81,5.01,334.43,17.52,4.55,229.06,2129.00,1624.00,,0.09,0.98,44.72,13.08
Ajanta Pharma,532331,AJANTPHARM,INE031B01049,Pharmaceuticals & Biotechnology,Pharmaceuticals,3551.80,44382.95,1661.56,3796.95,3069.48,6.46,260.17,63.49,334.22,30.89,255.34,266.70,25.32,362.38,273.77,260.19,22.53,39.11,1651.29,21.98,5776.17,20.19,24.82,334.22,1134.88,34.51,27.14,22.04,20.56,4.64,529.19,1157.23,3064.63,417.07,29.00,52.24,176.24,12.80,104.77,4502.02,588.35,3175.58,26.45,9.80,1625.96,65296.00,67955.00,68882.00,7.68,21.80,7.03,104.77
Ajax Engineering,544356,AJAXENGG,INE274Y01021,"Agricultural, Commercial & Construction Vehicles",Construction Vehicles,581.50,6652.76,314.98,756.75,562.98,20.18,1.84,80.00,55.60,5.14,52.88,94.96,-41.45,49.84,38.24,39.07,0.00,28.90,450.48,1.27,2110.62,1.89,1.73,55.60,230.17,23.86,17.85,-6.43,11.72,2.97,377.29,42.72,562.79,52.54,4.36,54.65,67.48,14.51,168.89,1380.78,951.69,1439.56,20.37,4.78,474.60,69540.00,72001.00,94515.00,4.67,11.17,4.17,168.89
Ajmera Realty,513349,AJMERA,INE298G01035,Realty,"Residential, Commercial Projects",117.86,2319.43,306.33,291.04,139.63,46.77,711.23,68.56,43.06,12.49,38.28,55.60,-23.22,79.40,27.87,31.24,0.02,15.01,405.56,85.16,1148.89,43.14,22.65,44.94,154.57,14.28,11.50,16.39,14.18,2.52,68.63,7.55,139.85,111.94,3.87,41.60,101.40,4.08,86.99,1359.11,119.83,2236.87,9.17,1.66,316.97,27336.00,25013.00,27784.00,0.95,0.82,29.69,86.99
Akums Drugs,544222,AKUMS,INE09XN01023,Pharmaceuticals & Biotechnology,Pharmaceuticals,766.10,12057.95,650.74,1175.90,577.45,2.26,157.43,75.26,100.01,57.55,63.48,85.82,24.15,74.64,67.68,42.69,0.00,39.53,1134.00,11.45,4501.62,9.18,13.93,100.98,305.07,14.94,8.45,-7.42,8.66,2.05,1181.20,465.20,575.56,139.68,4.70,64.05,576.45,13.77,1680.60,3282.73,0.14,3559.86,15.05,3.64,1166.63,70289.00,72589.00,69424.00,1.91,13.44,6.67,1680.60
Alembic,506235,ALEMBICLTD,INE426A01027,Realty,"Residential, Commercial Projects",98.70,2534.44,158.25,169.00,92.80,9.07,10.64,70.88,64.89,5.27,61.64,67.13,-3.34,17.73,60.13,128.49,0.00,7.90,59.77,7.01,238.98,8.21,-2.03,64.89,320.64,6.07,13.02,1.31,133.14,4.05,120.07,86.37,92.74,21.71,0.69,68.70,4.37,0.63,3.29,2393.73,1974.15,100.61,15.72,1.04,48.74,101238.00,102008.00,107510.00,1.25,0.06,27.82,3.29
Alembic Pharma,533573,APLLTD,INE901L01018,Pharmaceuticals & Biotechnology,Pharmaceuticals,824.80,16212.53,1174.90,1303.90,810.13,17.35,1429.94,69.87,173.07,12.11,154.38,220.93,-14.47,217.74,131.95,183.71,0.00,21.73,2215.15,15.97,7783.95,14.12,25.66,172.36,746.18,12.64,13.45,25.81,8.02,2.20,782.73,87.96,809.98,342.72,11.08,52.85,90.10,1.53,202.70,5635.50,140.88,4542.59,14.15,2.86,2149.77,86796.00,86432.00,89013.00,4.17,15.93,10.00,202.70
Algoquant Fin,505725,ALGOQUANT,INE598D01035,Finance,Other Financial Services,64.98,1826.56,52.08,91.70,60.67,19.96,34.24,73.68,16.52,263.08,4.55,15.88,4.03,13.73,5.99,6.34,32.42,40.84,68.05,32.68,258.84,15.86,42.88,16.52,44.73,31.43,27.69,135.42,21.21,7.76,60.13,60.13,60.63,17.93,0.49,47.64,117.32,21.40,155.23,106.52,55.39,246.75,24.78,13.57,77.87,16698.00,17161.00,2731.00,0.81,0.09,22.01,155.23
Alicon Cast.,531147,ALICON,INE062D01024,Auto Components,Auto Components & Equipments,691.65,1135.12,203.30,1543.15,727.82,32.52,354.40,53.79,11.45,4.76,10.93,7.94,44.21,16.57,3.30,13.89,0.00,30.56,527.72,23.25,1931.21,13.71,38.30,11.45,37.14,10.04,6.42,-2.13,1.98,0.59,238.86,204.15,728.18,56.73,10.09,45.44,12.34,5.59,19.80,620.13,4.87,751.47,7.20,1.80,578.01,14932.00,14469.00,15133.00,0.20,10.62,35.40,19.80
Alivus Life,543322,ALIVUS,INE03Q201024,Pharmaceuticals & Biotechnology,Pharmaceuticals,1360.80,16706.74,820.18,1418.00,1079.74,4.03,56.77,74.87,160.08,31.71,121.54,162.66,-1.59,180.19,150.26,130.03,0.00,26.87,628.23,6.85,2590.40,7.93,6.41,160.08,621.71,23.79,17.88,25.42,25.00,2.94,565.41,391.52,1076.91,201.11,14.68,62.54,71.24,8.20,2.13,3307.59,780.46,1868.98,18.41,5.01,640.41,125559.00,127969.00,138500.00,5.54,7.18,12.42,2.13
Alkem Lab,539523,ALKEM,INE540L01014,Pharmaceuticals & Biotechnology,Pharmaceuticals,5303.50,63411.30,3590.06,6440.00,5475.03,10.62,2047.16,49.70,519.95,-20.47,653.76,312.10,107.47,773.93,653.03,779.11,0.00,27.90,4506.72,12.64,15081.28,13.36,10.95,520.98,2272.90,21.24,18.89,-0.05,13.93,2.94,1963.03,1912.84,5476.76,940.79,64.60,36.23,1563.08,9.96,1732.90,13796.19,1868.81,11473.21,17.55,4.59,3740.15,62822.00,62835.00,79740.00,10.42,22.64,17.25,1732.90
Alkyl Amines,506767,ALKYLAMINE,INE150B01039,Chemicals & Petrochemicals,Specialty Chemicals,2089.60,10687.51,316.44,4749.00,1752.24,2.13,1.19,72.04,94.63,91.40,49.44,45.37,108.57,72.21,42.26,42.94,0.00,47.46,441.43,13.36,1658.33,5.11,30.20,94.63,225.20,16.64,12.27,20.63,17.92,3.48,238.55,263.11,1748.84,92.28,14.12,67.40,204.06,10.87,201.70,1523.13,50.59,622.83,27.99,6.97,528.01,142625.00,146028.00,161021.00,3.50,3.10,21.36,201.70
All Time Plastic,544479,ALLTIME,INE0GV601021,Consumer Durables,Houseware,206.18,1350.64,96.85,334.90,240.06,35.04,86.40,70.15,12.10,-5.62,12.82,9.40,28.72,10.25,9.16,4.22,0.00,35.46,151.78,2.97,613.50,4.68,1.95,12.10,38.09,11.57,9.01,-20.53,7.51,1.67,86.32,51.68,240.40,20.03,1.56,34.77,9.27,-3.59,100.33,600.42,25.28,301.39,14.22,2.20,161.06,28843.00,29699.00,,2.98,10.36,16.52,100.33
Allcargo Global,544602,AGL,INE1YPB01014,Transport Services,Logistics Solution Provider,14.32,1407.34,24.58,22.00,18.70,34.91,1337.90,63.28,-28.00,67.82,-87.00,-45.00,37.78,,,,0.00,,,,12757.85,-9.37,5.77,-28.00,-275.32,-6.09,-20.14,-1468.35,-0.80,,88.71,-0.24,18.75,,,51.71,527.24,-2.27,396.03,1098.92,161.72,3168.39,95.57,,3522.00,211840.00,,,10.02,2.06,24.64,396.03
Allcargo Logist.,532749,ALLCARGO,INE418H01029,Transport Services,Logistics Solution Provider,13.32,1995.04,267.00,34.14,9.78,17.68,693.00,40.28,14.00,227.27,-11.00,8.00,-30.00,-1.20,2.00,9.00,0.00,43.37,567.60,5.70,2113.00,5.33,11.20,14.00,46.00,4.83,0.88,43.75,2.56,0.28,314.00,275.00,9.74,68.92,-0.01,74.50,157.00,8.24,131.00,274.00,0.00,704.00,8.67,3.48,546.00,318959.00,319630.00,220488.00,6.56,1.82,51.32,131.00
Allcargo Termi,543954,ATL,INE0NN701020,Transport Infrastructure,Port & Port services,26.71,709.83,181.12,77.35,25.48,29.67,768.90,67.17,6.37,-30.08,9.11,8.77,-27.37,12.29,15.03,11.30,0.00,16.82,234.83,13.36,847.96,12.25,14.50,6.37,42.20,11.64,14.42,31.18,2.97,0.58,157.30,108.39,25.47,48.58,0.42,64.48,17.31,11.09,9.64,300.13,191.96,162.02,7.80,2.21,214.41,73943.00,75723.00,78522.00,5.34,0.21,27.28,9.64
Alldigi Tech,532633,ALLDIGI,INE835G01018,Commercial Services & Supplies,Business Process Outsourcing (BPO)/ Knowledge Process Outsourcing (KPO),815.20,1242.23,162.35,1251.90,836.65,18.48,170.69,73.39,18.12,21.69,14.89,32.67,-37.26,22.46,20.84,17.62,0.00,13.48,157.20,6.63,605.05,7.87,4.43,18.12,92.17,27.89,31.48,38.64,12.06,1.02,144.09,118.46,836.87,42.08,14.74,49.02,82.34,26.00,88.57,235.74,59.12,219.93,7.51,4.95,150.28,17108.00,16972.00,16622.00,1.04,1.57,23.99,88.57
Allied Blenders,544203,ABDL,INE552Z01027,Beverages,Breweries & Distilleries,613.70,17165.81,566.65,719.95,560.97,14.76,1150.53,80.91,49.22,-12.98,56.56,40.85,20.73,74.01,63.74,62.92,0.00,76.96,1061.87,7.25,3978.87,7.97,6.08,45.42,223.06,18.38,14.29,-7.15,4.64,24.71,361.96,-678.42,560.44,137.67,2.65,49.34,131.74,-8.16,165.18,1606.72,0.01,2939.72,31.89,10.32,978.94,112420.00,119762.00,105910.00,3.24,5.07,10.77,165.18
Allied Digital,532875,ADSL,INE102I01027,IT - Services,IT Enabled Services,109.48,620.21,77.12,564.51,130.75,47.75,136.06,51.03,12.39,-14.20,14.44,-3.40,465.49,12.30,13.91,15.42,0.00,15.94,282.93,21.06,1009.38,19.18,18.93,12.39,38.90,7.39,4.82,7.64,4.76,1.73,-78.52,92.27,130.96,21.34,2.17,37.88,214.16,2.37,149.62,585.35,8.58,780.87,7.54,1.01,260.49,74142.00,75470.00,76556.00,0.11,0.00,48.86,149.62
Alok Industries,521070,ALOKINDS,INE270A01029,Textiles & Apparels,Other Textile Products,11.28,5600.79,67.41,97.58,13.97,41.68,26105.76,75.00,-155.45,21.16,-197.16,-192.58,28.20,-195.86,-217.63,-162.38,0.00,,980.27,4.16,3775.41,3.86,6.50,-138.25,-733.19,-3.95,,18.60,-15.65,5.44,419.28,115.22,14.00,23.29,-0.39,28.63,71.51,-4.86,122.55,-22024.32,0.05,1439.38,229.85,,993.11,950058.00,965719.00,1033519.00,1.90,0.39,22.73,122.55
Alpex Solar,,ALPEXSOLAR,INE0R4701017,Electrical Equipment,Other Electrical Equipment,875.10,2235.27,327.39,1449.70,905.64,36.35,536.52,65.90,39.87,-5.72,42.29,53.27,-25.15,135.37,54.27,52.67,6.47,11.14,1138.30,117.68,2346.38,116.51,32.37,39.87,200.73,43.53,51.96,60.98,7.92,-14.86,-115.61,68.84,905.94,165.35,53.00,57.54,45.86,-21.26,149.73,536.26,1.48,906.05,7.67,3.98,503.42,8517.00,8032.00,6010.00,3.13,0.40,30.58,149.73
Altius Telecom,543225,,INE0BWS23018,Telecom - Services,Telecom - Infrastructure,175.00,53329.50,10181.50,178.20,157.97,1.80,52667.00,,375.30,65.55,226.70,309.80,21.14,388.41,290.10,280.00,,42.15,6421.04,5.61,24160.10,9.79,-0.08,375.30,1265.19,8.60,8.07,53.56,6.23,0.70,9851.10,7066.40,157.80,2672.26,1.27,61.81,1368.00,10.71,1920.80,-21315.40,0.00,7760.20,10.07,4.65,6025.10,,,,,,,1920.80
Amagi Media Labs,544679,AMAGI,INE121R01077,IT - Services,IT Enabled Services,583.90,12838.80,114.90,727.40,459.60,19.73,30.98,14.92,33.91,760.66,3.94,34.26,-1.02,,30.94,2.53,3.10,126.32,,,1612.42,29.50,32.36,33.91,101.64,8.00,10.30,204.31,7.76,-15.11,-9.24,33.57,458.35,,,45.72,492.02,-5.52,1218.30,1648.64,229.38,2171.14,78.07,7.19,436.88,15350.00,17485.00,,42.23,37.11,5.73,1218.30
Amal,506597,AMAL,INE841D01013,Chemicals & Petrochemicals,Specialty Chemicals,745.85,922.07,37.91,1148.00,641.32,26.15,0.00,71.35,16.73,77.98,9.40,1.90,780.53,12.21,5.02,6.06,0.00,31.04,102.05,88.99,288.87,78.18,104.06,16.73,29.71,26.05,20.39,-22.33,17.33,4.57,21.70,49.71,640.27,15.76,9.87,51.69,3.41,22.36,2.11,108.01,36.64,35.82,18.75,7.66,96.54,17632.00,18123.00,14995.00,0.00,0.03,28.63,2.11
Amanta Healthcar,544502,AMANTA,INE084K01015,Pharmaceuticals & Biotechnology,Pharmaceuticals,191.03,741.76,63.11,205.57,141.02,7.07,244.44,63.79,3.31,-5.70,3.51,5.53,-40.14,4.76,4.63,1.21,0.00,48.35,75.73,6.83,291.17,7.08,5.34,3.31,15.34,11.60,10.34,-4.18,4.81,1.15,48.45,46.62,140.52,15.66,1.23,62.50,3.48,3.53,92.64,181.38,7.05,238.52,14.28,3.37,68.80,12612.00,15222.00,,0.43,12.92,22.84,92.64
Amara Raja Ener.,500008,ARE&M,INE885A01032,Auto Components,Auto Components & Equipments,920.75,16852.06,1633.84,1775.95,891.47,12.97,372.75,32.86,202.80,4.53,194.01,187.45,-37.08,264.77,151.69,302.40,0.00,21.48,3915.52,15.56,14240.38,12.81,20.64,202.80,784.63,13.43,8.26,-6.15,5.02,1.20,1340.03,1375.20,891.17,431.98,14.47,50.98,165.30,8.63,115.37,8142.45,2585.49,3831.35,10.31,2.07,4041.44,818619.00,809144.00,871584.00,17.34,15.31,34.50,115.37
Amber Enterp.,540902,AMBER,INE371P01015,Consumer Durables,Household Appliances,7466.00,26330.91,982.43,8974.00,7339.94,16.80,2701.59,38.09,100.37,-3.37,103.87,93.47,-98.09,-15.02,-9.34,-32.15,0.00,127.61,1901.03,15.42,12625.07,14.56,12.72,3.09,206.33,10.25,5.95,-24.97,2.09,4.25,240.16,710.89,7338.67,129.24,-4.26,54.22,726.77,-1.69,465.55,4336.93,37.84,6449.68,26.90,6.01,3887.72,119692.00,116560.00,132907.00,20.47,30.54,10.88,465.55
Ambika Cotton,531978,AMBIKCO,INE540G01014,Textiles & Apparels,Other Textile Products,1639.20,938.44,129.43,2830.00,1538.68,15.11,0.00,50.35,25.70,61.43,15.92,24.53,4.77,29.43,15.17,15.94,0.00,11.54,268.45,34.47,846.89,23.64,34.35,25.70,81.34,11.41,7.70,35.27,9.96,0.85,228.25,129.05,1537.67,39.20,51.41,45.14,192.32,3.18,168.41,948.59,30.41,799.39,5.43,0.98,257.92,24299.00,25994.00,28324.00,0.47,1.71,47.47,168.41
Ambuja Cements,500425,AMBUJACEM,INE079A01024,Cement & Cement Products,Cement & Cement Products,419.20,104163.54,7428.67,706.95,467.30,30.23,865.93,67.33,593.33,-29.75,844.64,1931.50,-64.46,670.70,402.88,2302.28,0.00,22.12,9541.15,4.00,39867.14,7.07,-7.67,660.00,4708.12,5.61,8.85,3.82,7.14,2.16,5361.53,2237.35,467.79,1602.26,2.36,47.43,6172.16,-2.52,958.60,58852.96,113.17,13715.93,15.01,1.75,9500.00,674206.00,607505.00,618855.00,5.63,19.44,7.38,958.60
Amic Forging,544037,,INE0P9J01013,Industrial Products,Castings & Forgings,1905.90,2201.09,43.79,2057.00,1619.01,7.35,5.64,57.96,15.87,23.69,12.83,12.37,28.29,,,,0.00,77.86,,,141.78,17.79,30.44,15.87,28.27,23.46,16.79,37.23,21.10,28.80,8.86,6.02,1616.12,,,51.81,19.53,-18.04,6.77,201.64,11.28,93.05,50.24,9.65,75.20,2686.00,2723.00,2888.00,0.15,0.56,41.32,6.77
Amines & Plast.,506248,AMNPLST,INE275D01022,Chemicals & Petrochemicals,Commodity Chemicals,189.28,1041.42,60.49,359.95,190.81,25.77,27.21,73.17,9.47,27.46,7.43,15.35,-38.31,9.66,7.58,6.17,0.00,27.00,125.53,-5.72,581.27,-12.40,7.30,9.47,38.57,16.73,13.26,-3.04,6.29,3.46,66.41,29.14,190.83,12.24,1.76,45.71,45.75,13.69,53.15,281.25,1.54,341.55,16.23,3.56,150.53,9460.00,9541.00,9931.00,0.00,0.00,26.82,53.15
Amrutanjan Healt,590006,AMRUTANJAN,INE098F01031,Pharmaceuticals & Biotechnology,Pharmaceuticals,527.75,1525.76,93.27,1025.55,576.91,33.28,1.77,46.52,5.83,-29.84,8.31,22.05,-73.01,13.68,19.45,13.96,0.00,24.53,130.49,10.87,511.48,10.68,9.48,4.37,62.21,24.82,18.52,14.06,5.66,3.26,35.97,50.90,577.40,15.53,4.73,54.24,83.16,1.70,33.32,367.34,3.12,291.65,16.52,4.12,102.97,45135.00,45805.00,49431.00,2.44,12.29,38.72,33.32
Anand Rathi Shar,544530,ARSSBL,INE549H01021,Capital Markets,Stockbroking & Allied,526.30,3319.18,383.96,795.10,532.30,33.81,840.31,69.62,39.16,67.57,23.37,41.99,-44.01,60.73,37.87,28.59,6.15,22.49,276.73,21.86,976.16,17.09,22.22,23.51,147.61,19.82,14.17,53.07,15.94,0.84,745.44,673.88,532.36,112.95,9.63,54.22,2210.89,27.82,3543.35,1321.60,44.21,5879.15,1.52,2.44,245.68,81900.00,80457.00,,0.15,4.06,26.17,3543.35
Anand Rathi Wea.,543415,ANANDRATHI,INE463V01026,Capital Markets,Financial Products Distributor,2179.40,36187.03,572.18,2230.00,1757.11,2.27,83.25,41.37,163.22,76.97,92.23,102.23,59.66,127.54,99.81,97.16,13.83,78.26,351.14,22.74,1155.70,22.89,18.21,163.22,462.42,57.47,45.30,46.60,52.16,12.83,253.71,351.91,1752.87,140.66,7.68,62.78,22.70,28.88,223.10,983.55,315.70,828.33,55.05,35.29,312.95,80729.00,64931.00,59186.00,6.37,10.40,41.86,223.10
Anant Raj,515055,ANANTRAJ,INE242C01024,Realty,"Residential, Commercial Projects",606.35,21821.14,723.15,947.90,556.57,18.51,680.55,57.43,149.64,18.88,125.88,146.60,0.32,179.59,144.23,138.18,0.00,37.71,724.62,14.87,2550.59,16.97,6.58,149.19,578.61,12.07,11.15,25.67,23.63,35.02,-434.78,253.34,556.07,198.64,4.99,47.87,346.13,-4.02,911.47,5716.73,183.26,3666.77,28.21,3.77,631.40,375155.00,368350.00,257866.00,10.74,4.60,27.22,911.47
Anantam Highways,544579,ANANTAM,INE1UA823019,Transport Infrastructure,"Road AssetsToll, Annuity, Hybrid-Annuity",104.94,2282.45,302.10,117.00,104.91,10.31,2101.18,,59.43,3791.30,-1.61,202.87,-70.71,,-4.16,-1.59,0.00,8.90,,,484.13,,,59.43,256.55,13.71,16.75,385960.00,37.60,,486.65,0.00,104.91,,,46.33,0.00,,191.88,128.92,0.00,590.61,9.66,0.99,158.05,,,,,,,191.88
Anawil Wire,,ANAWIL,INE1J5V01013,Electrical Equipment,Heavy Electrical Equipment,427.65,1069.12,61.81,491.95,354.95,13.07,128.25,65.26,,,,,,,,,,29.16,,,143.23,82.57,,,36.67,32.28,56.59,197.89,,,18.44,9.66,354.22,,,,0.13,-14.91,1.60,69.80,0.01,144.77,19.35,,,3684.00,,,2.31,11.74,20.69,1.60
Andhra Paper,502330,ANDHRAPAP,INE435A01051,"Paper, Forest & Jute Products",Paper & Paper Products,60.46,1202.25,108.17,135.00,65.83,30.42,232.15,72.45,30.32,42.28,21.31,7.72,292.75,-9.31,9.85,-20.26,0.00,43.51,401.88,10.99,1701.59,5.12,0.09,30.32,27.63,0.04,-1.66,-66.52,7.70,0.43,104.50,-55.39,65.88,20.08,-0.47,48.09,7.71,-7.99,18.51,1899.58,649.85,537.57,8.82,0.62,393.77,40465.00,41461.00,45377.00,0.27,5.48,21.80,18.51
Andhra Sugars,590062,ANDHRSUGAR,INE715B01021,Chemicals & Petrochemicals,Commodity Chemicals,99.02,1342.07,230.44,177.60,84.15,7.66,0.56,50.49,46.13,74.28,26.47,19.51,687.67,43.24,23.10,33.56,2.09,11.41,693.90,16.14,2493.32,16.54,4.55,46.63,117.58,8.48,6.11,118.07,7.52,0.53,278.33,127.80,84.00,67.00,3.12,60.34,56.57,5.10,68.93,1644.44,529.39,977.83,5.01,0.80,627.11,51307.00,52819.00,54613.00,2.86,0.00,46.64,68.93
Andrew Yule & Co,526173,ANDREWYU,INE449C01025,Agricultural Food & other Products,Tea & Coffee,29.44,1439.47,-6.76,99.70,25.31,10.11,121.34,89.25,-2.34,-111.62,20.14,-30.51,92.33,-22.41,-8.80,-0.02,0.00,,70.84,-0.95,297.54,-4.75,3.85,-2.34,-41.67,-6.25,-5.78,-310.03,-4.01,-7.43,-80.41,-11.05,25.27,-14.16,-0.46,68.47,38.07,-6.61,37.58,227.57,254.48,225.08,-29.65,4.42,58.30,44299.00,45469.00,47400.00,0.00,2.20,8.54,37.58
Angel One,543235,ANGELONE,INE732I01021,Capital Markets,Stockbroking & Allied,298.85,27305.55,1834.44,390.04,291.48,17.09,7951.41,28.59,231.40,102.15,114.47,320.24,-27.74,357.61,268.66,211.73,0.00,26.46,1462.26,21.68,5425.77,9.09,25.35,231.40,1032.03,14.77,15.59,3.84,16.19,-2.20,-4141.74,-1859.84,291.41,522.95,3.91,48.59,11804.42,-19.53,16560.49,6026.71,257.36,18003.73,9.14,4.45,1429.69,356468.00,359235.00,325965.00,13.76,20.34,37.30,16560.49
Anlon Healthcare,544497,AHCL,INE0Y8W01025,Pharmaceuticals & Biotechnology,Pharmaceuticals,15.11,803.12,47.77,17.27,13.65,12.51,43.65,52.68,6.66,87.61,3.55,10.50,-25.20,,5.15,,0.00,25.40,,,171.97,42.96,162.94,8.28,28.51,20.77,18.36,38.94,9.46,,-58.91,-21.89,13.63,,,54.84,1.45,,4.37,177.08,0.99,308.25,17.63,3.49,87.56,34671.00,12484.00,,1.67,1.23,44.43,4.37
Annu Projects,,,INE103001017,,,,648.38,53.81,,,,52.54,,,,,,,,,,,19.65,,,241.25,33.98,,,32.99,28.63,23.79,60.30,,-7.59,-0.25,-35.45,,,,,5.26,-11.04,9.58,107.45,0.00,292.36,12.85,,,,,,,,,9.58
Anondita Medi.,,ANONDITA,INE0VTV01012,Personal Products,Personal Care,1043.70,1887.70,51.51,1316.00,891.01,20.69,33.60,62.40,18.94,85.87,10.19,12.86,63.36,,,,0.00,56.43,,,137.42,78.49,82.76,21.27,33.45,43.60,40.03,111.71,25.53,,10.64,-10.47,889.47,,,42.57,0.33,,9.65,111.15,0.00,98.52,37.11,14.61,83.32,530.00,621.00,,3.40,5.70,28.50,9.65
Antelopus Selan,530075,ANTELOPUS,INE818A01017,Oil,Oil Exploration & Production,792.05,2785.03,167.49,1099.80,696.46,15.23,3.55,69.94,61.79,450.71,11.22,38.08,42.65,51.88,28.50,11.81,0.00,19.87,110.77,100.93,359.29,46.50,158.82,54.32,140.18,21.22,15.93,119.13,47.15,3.24,120.60,125.75,695.50,67.85,14.75,45.56,23.57,-6.63,52.14,620.29,16.65,183.64,11.85,4.25,131.04,24275.00,26349.00,26109.00,0.41,0.76,28.90,52.14
Anthem Bioscienc,544449,ANTHEM,INE0CZ201020,Pharmaceuticals & Biotechnology,Biotechnology,923.05,51987.87,987.43,927.00,755.70,0.43,53.93,71.42,119.94,-11.67,135.79,189.10,-36.79,171.60,92.82,173.43,0.00,87.62,550.71,0.12,2002.34,-2.14,-22.58,119.94,593.31,30.37,22.28,17.56,28.68,10.98,844.49,270.55,754.02,211.85,3.05,71.81,172.28,5.84,274.88,2930.17,1007.46,1137.56,54.45,17.04,418.22,173273.00,180220.00,,2.57,13.48,12.52,274.88
Antony Waste han,543254,AWHCL,INE01BK01022,Other Utilities,Waste Management,384.50,1091.44,237.14,902.25,474.37,37.58,458.54,46.08,0.76,-95.73,17.78,32.52,-97.99,4.41,14.64,17.26,0.23,18.68,285.96,10.99,1066.85,11.83,5.52,0.74,58.43,11.22,10.86,-13.40,0.28,0.66,142.54,188.20,475.27,49.33,1.55,30.82,130.50,1.45,123.24,724.69,0.05,508.80,6.51,1.48,260.99,79076.00,78822.00,81269.00,13.08,3.38,37.43,123.24
Anuh Pharma,506260,ANUHPHR,INE489G01022,Pharmaceuticals & Biotechnology,Pharmaceuticals,79.02,791.97,62.87,132.51,80.24,15.03,0.06,71.79,11.42,37.59,8.30,11.68,-2.23,13.04,13.45,7.61,0.00,17.93,200.86,8.06,778.99,9.70,3.93,11.42,44.16,14.94,10.71,-4.29,5.89,2.44,-3.01,37.12,80.25,16.05,1.30,54.84,19.74,1.36,8.30,302.11,84.44,406.46,10.92,2.25,193.81,27484.00,27425.00,24257.00,0.01,0.00,28.19,8.30
Anupam Rasayan,543275,ANURAS,INE930P01018,Chemicals & Petrochemicals,Specialty Chemicals,1267.60,14431.61,543.01,1415.40,1234.32,10.44,1867.49,59.07,38.64,13.51,34.04,42.65,-8.54,114.95,60.59,57.15,21.79,82.60,1061.86,45.18,2534.61,51.76,34.82,51.22,174.72,7.36,5.50,41.51,7.82,11.93,334.33,-30.13,1233.99,234.32,7.62,66.62,127.72,-7.93,393.63,3187.99,18.52,3727.51,27.02,4.33,654.98,42776.00,43475.00,47711.00,7.72,0.38,32.82,393.63
Anzen IYEP Trust,543655,ANZEN,INE0MIZ23019,Power,Power - Transmission,130.00,3324.35,390.16,134.00,118.24,2.99,5043.71,,43.39,354.35,9.55,1.79,1400.83,-14.87,-3.96,-8.05,0.00,100.22,232.43,130.89,647.59,106.47,160.84,54.03,33.17,3.28,-0.20,822.66,18.75,,424.84,240.01,118.12,186.21,-0.47,52.20,106.48,-22.64,739.88,-617.27,206.83,1002.13,14.49,1.63,288.12,,,,,,,739.88
Apar Inds.,532259,APARINDS,INE372A01015,Electrical Equipment,Other Electrical Equipment,17063.00,71446.77,1940.78,18465.00,12317.85,7.59,955.51,55.42,467.45,77.80,262.91,259.14,84.44,495.49,208.92,251.70,0.00,59.28,7176.69,25.57,24389.02,23.96,29.13,467.45,1205.33,31.12,20.23,36.71,7.09,9.80,967.58,1290.57,12270.16,669.70,118.33,60.96,761.03,2.36,731.88,5353.21,58.73,11196.76,31.78,12.71,6591.06,97938.00,89009.00,112365.00,11.36,24.88,8.34,731.88
Apcotex Industri,523694,APCOTEXIND,INE116A01032,Industrial Products,Rubber,611.25,3169.02,194.12,712.45,473.18,14.20,96.39,58.23,78.94,312.00,19.16,34.74,127.23,50.78,22.22,25.30,0.00,19.68,410.76,22.00,1591.36,11.17,39.88,78.94,161.02,19.80,17.09,175.58,15.02,2.55,203.44,84.72,471.80,66.70,9.79,53.73,39.04,10.10,45.97,610.62,117.36,472.94,11.78,5.10,525.63,30918.00,30391.00,32692.00,0.69,1.91,39.18,45.97
Apeejay Surrend.,544111,PARKHOTELS,INE988S01028,Leisure Services,Hotels & Resorts,113.64,2424.78,223.74,235.00,126.93,30.75,372.89,68.21,11.49,-17.04,13.85,12.06,-3.28,23.52,24.20,16.21,0.00,37.68,181.92,8.70,717.90,10.34,8.12,11.49,64.35,9.43,5.09,-35.22,6.89,1.31,181.51,157.62,127.06,53.73,1.10,34.04,21.43,-0.93,24.21,1320.98,77.21,316.53,12.18,1.81,166.78,50557.00,51406.00,46386.00,4.07,8.81,18.91,24.21
Apex Frozen Food,540692,APEX,INE346W01013,Food Products,Seafood,382.50,1195.31,72.87,941.40,369.34,25.66,5.67,72.62,21.67,138.13,9.10,7.79,178.18,13.99,10.09,11.87,0.00,24.13,242.65,1.81,926.98,4.66,-0.63,21.67,49.53,10.45,7.60,440.13,8.45,1.52,95.78,50.17,369.21,18.93,4.48,45.30,5.23,8.22,18.53,496.74,0.00,317.79,13.92,2.26,256.53,39978.00,39165.00,39170.00,5.83,0.61,20.93,18.53
Apis India,506166,,INE070K01014,Food Products,Other Food Products,54.72,753.78,41.56,110.42,51.61,50.44,66.78,74.72,10.35,27.31,8.13,3.88,166.75,5.66,7.08,2.53,0.00,29.77,98.23,13.09,390.51,11.47,8.57,10.35,25.32,14.59,13.62,3.73,10.57,6.56,14.14,5.86,51.58,8.35,0.41,46.01,0.29,0.62,0.61,61.02,40.95,239.06,19.73,3.79,97.89,6612.00,6997.00,25.00,0.00,0.00,25.27,0.61
APL Apollo Tubes,533758,APLAPOLLO,INE702C01027,Industrial Products,Iron & Steel Products,2159.00,59946.45,1919.51,2301.40,1895.91,6.19,497.65,28.25,263.11,10.94,237.17,354.35,-25.75,360.17,310.04,301.54,0.00,48.78,5756.68,10.57,23064.55,10.44,8.45,263.11,1229.04,31.75,25.41,53.43,4.69,4.15,2103.19,1219.03,1893.26,459.11,12.97,77.41,574.91,15.45,886.23,5240.99,48.54,3854.14,30.28,11.32,5606.71,158947.00,158128.00,183416.00,35.12,18.58,18.04,886.23
Apollo Hospitals,508869,APOLLOHOSP,INE437A01024,Healthcare Services,Hospital,8766.50,126048.82,3928.60,9326.80,8065.31,6.01,8492.90,28.02,580.70,34.17,432.80,529.30,10.72,758.56,516.30,494.00,2.49,59.92,7467.49,18.47,26429.90,17.20,20.56,610.40,2103.65,17.45,21.15,33.69,8.67,5.05,2855.70,2136.40,8058.26,1134.24,50.19,48.72,1360.20,4.09,1116.80,9408.20,2178.70,5883.30,31.36,13.30,7043.50,174281.00,174610.00,141007.00,41.49,23.72,6.53,1116.80
Apollo Micro Sys,540879,APOLLO,INE713T01028,Aerospace & Defense,Aerospace & Defense,388.00,14418.06,224.43,466.70,320.30,16.86,543.26,49.98,26.91,45.38,18.51,37.62,-31.48,72.43,22.88,30.03,30.51,118.84,401.38,78.19,1022.03,69.08,88.12,25.21,121.32,14.47,11.76,82.52,10.03,-34.23,-129.76,10.24,319.62,93.34,1.95,47.45,62.48,-13.61,156.11,1277.37,0.00,1665.51,62.05,10.56,251.29,398043.00,373806.00,305636.00,7.59,1.71,40.72,156.11
Apollo Pipes,531761,APOLLOPIPE,INE126J01016,Industrial Products,Plastic Products - Industrial,653.10,2876.79,69.12,798.85,450.09,2.54,123.87,51.72,-8.57,-205.28,8.14,0.99,-8453.85,-6.08,-4.75,1.39,0.00,,242.34,2.81,1125.34,-1.99,7.43,-11.12,-9.22,1.23,-0.88,-132.57,-3.76,,35.19,28.67,448.05,10.06,-1.06,79.87,137.75,-5.31,83.88,775.09,68.46,471.20,49.86,3.51,295.43,39071.00,44305.00,45226.00,2.53,7.20,38.29,83.88
Apollo Tyres,500877,APOLLOTYRE,INE438A01022,Auto Components,Tyres & Rubber Products,443.05,28138.15,4284.19,584.90,443.06,18.03,3675.23,36.93,331.31,0.09,331.01,935.47,-44.71,557.51,470.52,258.05,0.01,13.19,7675.81,12.37,29307.63,11.23,12.76,348.87,2133.34,13.86,13.07,72.55,4.48,0.85,3667.37,1823.14,443.06,1054.59,8.78,55.82,897.50,10.40,1044.03,16651.66,62.20,10698.32,7.13,1.68,7397.79,426532.00,408704.00,421813.00,10.09,29.05,21.97,1044.03
Apsis Aerocom,,APSISAERO,INE1OOJ01011,Aerospace & Defense,Aerospace & Defense,534.75,644.48,11.57,551.60,289.81,3.05,4.18,73.02,4.24,41.81,2.99,3.12,35.90,,,,0.00,85.82,,,30.65,49.59,78.47,4.24,7.51,31.78,25.26,12.93,24.96,,7.04,1.63,287.35,,,77.36,1.11,-0.36,36.51,36.85,0.00,46.41,52.91,13.18,16.99,307.00,,,3.02,5.25,18.72,36.51
Aptech,532475,APTECHT,INE266F01018,Other Consumer Services,Education,91.51,530.78,47.86,422.82,102.41,36.58,12.58,47.35,7.65,11.35,6.87,1.78,329.78,6.43,8.56,6.46,0.00,20.44,146.86,8.88,516.74,8.60,11.06,7.65,25.97,15.34,10.10,23.37,5.72,1.19,23.63,20.10,102.52,9.18,1.11,40.07,32.98,1.58,35.24,190.61,2.42,275.37,10.46,2.14,133.75,83261.00,81728.00,99403.00,0.45,0.58,51.61,35.24
Aptus Pharma,544529,,INE15XJ01010,Pharmaceuticals & Biotechnology,Pharmaceuticals,308.30,528.73,7.58,310.25,169.01,0.63,7.18,72.89,2.87,60.34,1.79,1.75,64.00,,,,0.00,114.44,,,46.56,89.58,117.57,2.87,4.62,29.96,30.47,49.03,8.91,,-5.60,-1.84,167.61,,,73.60,5.21,-17.76,1.03,16.49,0.00,35.24,70.56,22.71,32.20,686.00,337.00,,0.00,0.00,27.11,1.03
Aptus Value Hou.,543335,APTUS,INE852O01025,Finance,Housing Finance Company,258.50,12946.14,1874.36,401.70,271.22,26.85,7903.77,23.86,260.94,19.01,219.25,260.95,0.00,373.67,236.19,226.55,0.00,13.15,648.03,19.11,2272.27,21.14,15.38,260.94,984.63,15.41,20.11,23.27,43.47,-1.03,-489.26,-1404.91,271.35,534.62,7.46,45.16,423.74,-9.02,590.74,4959.89,240.15,838.52,10.52,2.56,600.29,166122.00,166229.00,164752.00,29.96,29.90,16.27,590.74
Aqylon Nexus,530943,AQYLON,INE416A01051,Entertainment,TV Broadcasting & Software Production,23.95,607.68,0.94,226.00,68.90,89.40,18.05,45.60,4.26,331.52,-1.84,-3.70,153.32,,1.48,14.11,96.64,855.89,,,21.64,328.51,28133.33,4.26,0.71,131.18,,149.31,50.30,-6076.80,6.60,5.85,69.35,,,37.91,28.28,4472.40,2.57,-31.05,0.00,6.33,99.87,,8.47,18382.00,14237.00,14013.00,8.39,27.60,18.43,2.57
Archean Chemical,543657,ACI,INE128X01021,Chemicals & Petrochemicals,Specialty Chemicals,489.90,6048.23,259.58,838.20,560.89,32.52,466.38,53.43,30.68,-23.66,40.19,13.42,148.24,24.69,24.00,29.04,24.49,62.46,237.76,1.97,1115.88,-0.43,11.92,30.36,96.83,7.41,5.42,-49.20,9.28,1.61,139.63,176.23,561.61,52.93,2.00,38.28,52.84,-1.10,55.00,1909.70,256.86,525.30,25.60,3.13,327.20,67113.00,64925.00,75697.00,11.00,24.18,11.40,55.00
Ardee Industries,544860,ARDEE,INE0XNF01022,Diversified Metals,Diversified Metals,55.92,1762.60,148.72,73.60,66.51,24.02,183.92,67.62,19.90,5.96,18.78,23.74,-16.18,,,,0.00,20.47,,,1167.65,57.21,35.19,19.90,84.98,49.08,80.93,155.43,5.87,,29.83,7.84,66.62,,,,0.88,-5.44,23.47,96.42,0.00,280.21,12.93,,338.81,103325.00,,,1.85,8.40,21.95,23.47
Arfin India,539151,ARFIN,INE784R01023,Non - Ferrous Metals,Aluminium,84.21,1420.81,44.57,106.24,78.19,20.74,129.27,69.77,3.53,246.08,1.02,5.71,-38.18,5.70,4.82,2.05,0.00,88.19,189.11,47.69,724.11,22.40,91.23,3.53,16.11,13.97,8.36,124.69,1.70,10.53,29.87,-21.20,78.13,11.47,0.34,45.45,5.48,-0.85,8.86,151.63,8.03,285.29,32.67,8.43,207.96,13548.00,11976.00,9081.00,0.79,0.00,29.39,8.86
Aries Agro,532935,ARIES,INE298I01015,Fertilizers & Agrochemicals,Fertilizers,503.70,655.03,88.86,517.90,353.40,2.74,55.73,52.66,14.91,48.65,10.03,-4.42,409.81,27.51,17.31,19.92,0.00,13.72,253.23,23.94,779.21,19.34,16.41,14.84,47.74,21.20,13.74,29.76,7.91,0.67,86.08,105.26,351.89,35.98,21.16,82.55,32.93,14.31,29.66,321.37,83.80,417.47,7.23,1.96,187.59,18136.00,18347.00,19422.00,3.13,0.02,44.20,29.66
Arih.Found.Hsg.,531381,ARIHANT,INE413D01011,Realty,"Residential, Commercial Projects",973.30,969.95,108.76,1513.40,980.11,24.43,399.50,37.29,24.09,47.34,16.35,4.29,461.54,31.17,19.94,20.04,0.00,14.19,165.93,88.99,471.98,88.55,62.56,24.09,68.36,17.47,17.29,37.96,17.95,2.85,78.64,-86.06,980.18,40.88,31.28,40.60,71.00,0.32,37.88,361.40,325.45,737.06,11.61,2.61,134.24,3218.00,3188.00,3074.00,0.01,1.84,60.84,37.88
Arihant Capital,511605,ARIHANTCAP,INE420B01036,Capital Markets,Stockbroking & Allied,79.91,875.92,67.31,124.90,77.64,33.60,239.14,67.68,21.49,69.21,12.70,0.29,4198.00,18.73,5.18,13.08,0.00,21.88,71.41,25.33,232.98,3.42,53.46,21.49,40.04,11.00,7.69,-20.10,27.58,-2.81,-121.92,30.08,77.62,27.32,1.71,62.95,404.56,-8.36,509.24,430.01,36.08,722.66,7.32,1.99,77.91,30214.00,30812.00,28520.00,0.03,0.03,32.24,509.24
Arihant Super.,506194,ARIHANTSUP,INE643K01018,Realty,"Residential, Commercial Projects",259.45,1122.12,131.60,555.00,283.90,44.58,874.19,71.10,9.78,-38.53,15.91,11.91,-17.88,12.85,8.27,9.96,0.00,28.11,132.60,8.11,561.08,4.66,8.79,9.78,39.92,10.55,13.69,-41.81,7.43,-1.23,-70.78,-177.84,284.15,29.13,2.97,52.85,18.18,-13.19,20.04,320.20,0.15,1628.95,16.22,3.09,131.59,7103.00,6753.00,7565.00,0.18,0.00,28.71,20.04
Arisinfra Solu.,544419,ARIS,INE0H9P01028,Other Construction Materials,Other Construction Materials,147.96,1210.22,113.17,209.10,128.07,17.23,70.27,37.57,16.89,306.31,4.16,19.83,-7.44,26.82,18.27,15.26,0.00,18.32,351.31,45.66,1146.20,45.21,37.12,20.04,66.06,15.57,11.22,1505.59,6.89,-3.04,141.99,-21.28,127.87,34.83,2.76,78.52,45.42,3.60,119.25,722.80,0.00,711.37,9.19,1.64,290.81,32633.00,32716.00,42706.00,1.94,1.09,59.40,119.25
Arkade,544261,ARKADE,INE0QRL01017,Realty,"Residential, Commercial Projects",128.02,2376.87,201.18,213.69,132.37,31.99,99.06,71.19,19.08,-33.66,28.76,72.52,117.41,61.55,40.30,45.81,0.00,13.38,303.66,15.17,803.93,12.10,-7.83,19.08,177.68,19.29,20.83,14.29,12.98,-2.07,-119.29,-217.72,132.41,66.49,3.31,43.08,134.06,-9.66,25.46,696.50,73.97,1043.25,12.87,2.69,146.97,61136.00,62202.00,70242.00,0.13,0.08,28.59,25.46
Arman Financial,531179,ARMANFIN,INE109C01017,Finance,Non Banking Financial Company (NBFC),1977.80,2079.61,284.47,2680.00,1702.46,8.40,1775.72,22.00,45.17,409.81,-14.58,41.01,10.14,25.66,22.18,7.99,0.00,17.87,175.01,9.92,696.64,0.00,33.63,45.17,116.35,11.74,6.26,1779.64,22.39,-0.65,-476.40,492.82,1699.69,90.43,24.41,54.53,403.42,-4.38,398.88,922.82,92.46,431.20,9.47,2.23,201.78,32079.00,33752.00,37608.00,3.08,4.85,70.07,398.88
Arrow Greentech,516064,ARROWGREEN,INE570D01018,Industrial Products,Packaging,693.05,1045.67,73.11,1099.00,592.92,16.05,2.26,65.65,27.38,151.19,10.90,7.40,268.68,30.15,13.29,15.74,0.00,16.38,94.43,54.62,246.75,12.75,111.15,27.43,63.83,30.45,22.41,18.51,31.23,3.11,43.05,67.57,591.91,33.49,19.95,44.16,45.80,16.73,53.00,219.30,76.63,198.73,10.48,4.46,87.84,20487.00,21442.00,21685.00,0.20,0.99,33.16,53.00
Artemis Medicare,542919,ARTEMISMED,INE025R01021,Healthcare Services,Hospital,323.50,5121.21,215.03,350.00,266.94,3.16,260.40,58.39,31.05,44.96,21.42,29.55,5.08,37.91,22.51,29.96,0.00,44.37,310.63,15.14,1092.70,15.49,12.89,31.05,115.41,14.53,11.88,31.21,11.01,3.55,128.82,150.18,266.38,58.07,2.39,65.38,393.26,3.39,205.77,922.84,15.02,358.00,22.69,5.46,282.01,36335.00,32044.00,31614.00,12.28,2.40,20.76,205.77
Artson,522134,,INE133D01023,Industrial Manufacturing,Industrial Products,152.00,561.18,-5.40,227.50,157.50,33.19,54.00,75.00,-0.41,-286.36,0.22,3.36,-112.20,-3.97,-12.22,-2.24,0.00,,55.28,14.87,144.96,8.73,-41.60,-0.41,-11.51,-14.60,-428.35,-374.05,-1.57,10.72,-5.48,20.44,157.56,-1.18,-1.08,45.68,5.01,2.14,0.00,-3.30,0.00,99.43,-86.28,1438.93,26.13,17719.00,17733.00,18902.00,0.00,0.01,24.99,0.00
Arvaya Healthcare,524723,,INE491D01017,Commercial Services & Supplies,Trading & Distributors,116.65,560.17,212.34,145.00,56.87,19.55,,30.62,38.45,252.04,-25.29,126.62,-63.73,,,,0.00,4.18,,,911.33,,,53.23,70.24,,,,1.78,,-3.28,,56.27,,,56.77,,,,,,,,,2990.67,3393.00,3387.00,3197.00,0.00,0.00,69.38,
Arvind Fashions.,542484,ARVINDFASN,INE955V01021,Retailing,Speciality Retail,443.50,5928.36,760.72,792.04,463.32,23.41,1335.88,35.10,9.71,-23.57,12.71,43.98,-58.38,75.60,36.11,56.35,8.31,45.24,1624.57,14.61,5437.38,13.94,15.46,27.61,131.05,19.55,14.07,666.17,2.19,1.19,404.31,529.52,463.51,213.38,1.96,46.05,164.73,15.06,63.91,890.18,0.00,2777.78,9.42,6.28,1278.50,174838.00,177446.00,189948.00,12.15,24.99,27.76,63.91
Arvind Ltd,500101,ARVIND,INE034A01011,Textiles & Apparels,Garments & Apparels,541.95,14743.24,1067.49,600.00,441.23,9.68,1659.52,38.09,67.02,25.89,53.24,155.20,-64.89,147.62,100.97,106.74,7.24,33.61,2797.41,17.98,9797.83,15.21,24.65,57.77,438.65,13.84,10.88,19.39,2.90,1.64,867.08,762.88,440.22,292.13,5.02,51.41,116.58,6.55,163.49,3782.07,268.54,4441.27,14.25,3.51,2500.96,181024.00,176908.00,186124.00,15.88,22.78,23.26,163.49
Arvind SmartSp.,539301,ARVSMART,INE034S01021,Realty,"Residential, Commercial Projects",670.70,3078.31,165.55,1025.00,608.15,5.25,583.18,53.83,99.01,785.60,11.18,42.32,120.49,77.58,29.22,18.07,0.00,16.71,301.86,114.83,779.92,5.31,212.14,97.39,184.27,12.37,14.16,55.16,30.66,-7.49,-170.44,-83.98,607.52,103.37,16.90,59.51,56.45,-7.80,174.44,603.32,121.36,2520.56,11.36,4.74,317.63,92477.00,93140.00,96519.00,0.69,8.99,36.50,174.44
Aryaman Fin.Serv,530245,ARYAMAN,INE032E01017,Finance,Non Banking Financial Company (NBFC),625.00,765.44,47.99,1100.00,617.74,41.31,0.00,63.92,10.13,0.90,10.04,4.59,144.62,8.67,8.87,10.29,0.00,25.81,11.07,-41.65,69.34,-46.94,-30.77,14.09,29.66,22.20,20.45,-21.80,70.70,2.24,33.53,50.11,617.66,7.23,5.09,64.17,103.72,16.84,80.70,148.18,133.89,87.22,14.12,4.77,19.93,2215.00,2347.00,2183.00,0.00,0.01,36.07,80.70
Asahi India Glas,515030,ASAHIINDIA,INE439A01020,Auto Components,Auto Components & Equipments,951.15,24247.40,959.04,1074.00,884.61,11.44,2197.96,51.58,149.08,165.41,56.17,132.30,12.42,136.54,99.47,58.19,3.36,54.32,1300.69,12.98,5174.58,10.32,15.03,149.08,446.41,11.76,10.71,37.04,10.55,3.39,501.69,719.97,883.94,258.54,5.36,59.83,164.54,-5.34,245.31,3906.60,77.72,2330.99,24.12,6.17,1413.39,64157.00,64539.00,63611.00,4.85,5.26,38.31,245.31
Asgard Alcobev,512025,,INE767M01029,Commercial Services & Supplies,Diversified Commercial Services,31.14,970.11,7.19,90.27,40.48,50.57,72.85,59.95,2.00,207.69,0.65,0.31,323.33,1.19,0.07,0.17,10.71,381.03,50.03,107.42,133.38,68.30,150.66,2.54,2.55,7.36,5.85,0.24,4.79,,3.70,-2.36,40.57,3.45,0.03,49.10,0.69,0.53,1.65,13.82,0.00,94.95,94.49,8.29,53.04,5664.00,5776.00,1402.00,0.00,0.00,40.04,1.65
Ashapura Minech.,527001,ASHAPURMIN,INE348A01023,Minerals & Mining,Industrial Minerals,592.45,5659.44,699.73,924.90,633.07,35.94,1443.74,48.04,115.34,4.99,109.86,110.73,-10.22,150.90,75.95,105.98,0.00,13.77,2017.01,111.76,5497.68,62.64,19.22,108.31,410.98,20.72,28.05,18.75,6.70,2.24,462.86,188.40,633.47,235.05,15.80,37.80,121.51,-1.81,329.33,1630.18,370.65,2587.96,9.66,3.43,1616.12,47193.00,43255.00,33267.00,19.22,0.40,32.34,329.33
Ashiana Housing,523716,ASHIANA,INE365D01021,Realty,"Residential, Commercial Projects",368.70,3706.35,173.94,469.00,345.12,17.70,306.63,61.11,13.11,3.07,12.72,20.98,-37.51,30.68,56.66,27.54,0.00,31.33,293.98,77.55,957.68,37.13,-63.30,13.11,118.29,14.45,14.52,195.43,12.20,2.01,342.19,233.51,344.88,36.38,3.05,45.56,393.40,20.86,625.08,853.01,257.21,4386.51,19.86,4.25,107.44,24051.00,23194.00,25086.00,8.19,8.08,22.63,597.86
Ashika Global Securities.,543766,ASHIKAG,INE094B01013,Finance,Non Banking Financial Company (NBFC),432.20,3195.06,141.77,915.00,394.48,17.04,261.79,74.32,101.30,15.48,87.72,-35.09,384.42,,-3.99,12.49,0.00,42.55,,,283.60,5561.56,43.30,100.97,75.09,13.33,7.49,217.09,59.86,,-86.03,-390.20,394.10,,,49.09,8.16,-18.41,485.39,1124.37,722.86,577.11,18.06,1.65,168.69,4572.00,4341.00,3921.00,1.45,0.44,23.80,485.39
Ashok Leyland,500477,ASHOKLEY,INE208A01029,"Agricultural, Commercial & Construction Vehicles",Commercial Vehicles,179.05,105171.37,11242.95,215.42,161.74,16.88,63935.70,51.51,615.81,0.78,611.07,1303.31,-51.66,1126.58,862.24,819.70,40.10,28.24,14613.23,16.19,57723.13,16.50,11.62,667.77,3723.71,13.63,27.43,16.59,5.11,-3.32,-4894.71,128.47,161.57,2772.23,1.77,64.52,7263.44,-7.43,10757.22,13654.30,7467.08,37420.27,13.52,7.38,13069.59,1645114.00,1502640.00,1392223.00,20.67,15.75,11.99,10757.22
Ashoka Buildcon,533271,ASHOKA,INE442H01029,Construction,Civil Construction,114.07,3202.21,2061.26,319.00,140.37,46.82,1608.46,54.47,127.77,-41.23,217.39,152.78,-13.37,207.58,2111.41,90.69,0.00,4.73,1406.23,-24.04,7132.42,-24.59,-20.53,127.17,676.82,26.52,15.34,-61.57,8.48,0.33,654.58,1673.45,140.63,322.38,7.39,38.03,376.68,12.68,662.51,6438.92,439.78,6648.50,2.43,0.49,1499.61,201522.00,196709.00,198952.00,4.39,14.02,27.10,662.51
Asian Energy,530355,ASIANENE,INE276G01015,Oil,Oil Equipment & Services,478.55,2328.01,107.75,491.00,340.73,2.54,158.64,56.14,11.96,115.50,5.55,33.91,-60.92,10.29,17.53,-3.97,0.00,36.04,208.35,104.26,946.87,82.01,135.06,12.76,64.59,16.51,12.93,41.59,4.71,43.76,52.99,-33.08,339.35,19.07,1.98,65.95,77.70,-8.20,146.85,449.26,11.94,715.10,19.67,4.35,271.19,23990.00,20289.00,21701.00,1.39,0.27,42.19,146.85
Asian Granito,532888,ASIANTILES,INE022I01019,Consumer Durables,Ceramics,46.72,1385.13,119.09,390.77,59.36,40.92,439.24,38.79,8.13,8.84,7.47,-31.89,124.70,7.68,18.96,16.71,0.00,106.38,496.89,22.11,1938.03,17.26,36.76,8.07,13.02,2.85,1.27,131.26,1.52,37.21,93.98,60.14,59.49,31.95,0.26,40.42,67.87,-3.98,82.32,1226.11,4.95,1290.82,16.47,0.91,530.95,77330.00,77037.00,87652.00,1.37,0.14,59.69,82.32
Asian Hotels (N),500023,ASIANHOTNR,INE363A01022,Leisure Services,Hotels & Resorts,306.70,1307.56,54.19,776.87,306.54,24.99,333.73,0.00,-3.54,73.87,-13.55,39.95,-111.06,-11.18,-56.47,-63.53,0.00,97.36,83.84,9.02,348.42,6.76,10.44,-3.54,13.43,3.52,0.57,115.61,-4.56,1.27,-155.55,436.57,306.54,7.91,-2.62,52.08,54.48,11.78,184.18,877.97,0.05,238.51,27.48,1.42,77.63,9250.00,9287.00,9608.00,2.58,1.97,95.45,184.18
Asian Hotels (W),533221,AHLWEST,INE915K01010,Leisure Services,Hotels & Resorts,521.10,607.14,206.17,751.40,416.17,30.65,839.24,72.11,14.28,76.73,8.08,29.94,31.86,30.04,21.65,24.41,0.00,6.73,122.20,7.40,443.81,8.19,9.44,14.28,90.28,19.66,,85.99,14.61,0.34,202.91,138.35,415.12,54.24,25.78,41.40,55.27,16.95,103.86,-25.09,0.07,143.16,6.48,,97.71,7358.00,7845.00,8713.00,0.00,0.57,27.30,103.86
Asian Paints,500820,ASIANPAINT,INE021A01026,Consumer Durables,Paints,2626.50,251933.30,7589.12,3590.00,2593.82,12.03,3928.93,52.63,1539.25,39.96,1099.77,1172.12,31.54,1471.04,1073.92,1018.23,9.54,51.66,9569.53,12.17,37186.93,9.78,17.94,1559.45,4877.01,26.34,21.79,26.67,14.79,4.42,7088.18,4423.96,2593.49,1842.03,15.14,37.44,781.98,16.32,1073.68,21275.67,7061.74,13898.81,31.15,11.79,10541.94,959219.00,1001799.00,1171145.00,13.32,20.70,13.19,1073.68
Asian Star Co.,531847,ASTAR,INE194D01017,Consumer Durables,"Gems, Jewellery And Watches",590.00,944.40,85.19,1614.20,641.97,22.67,493.31,74.66,12.05,-37.69,19.34,-0.40,2971.43,8.65,9.41,12.13,0.00,28.51,704.78,-7.19,2803.77,-3.75,-10.92,12.06,33.13,3.56,2.51,-27.90,1.89,2.19,89.88,230.41,642.49,16.33,5.40,45.83,315.30,3.64,331.12,1641.67,98.22,2242.65,14.84,0.57,638.31,1109.00,1083.00,1101.00,0.00,4.21,21.12,331.12
ASK Automotive,544022,ASKAUTOLTD,INE491J01022,Auto Components,Auto Components & Equipments,617.00,12163.70,552.00,687.70,486.84,10.28,679.01,74.95,85.12,28.83,66.07,71.54,18.98,124.45,79.92,79.80,0.00,38.45,1448.94,37.51,4643.15,27.91,52.38,85.12,316.38,25.42,25.13,23.18,6.27,3.90,301.19,360.20,485.54,178.47,6.31,57.07,20.06,-2.35,12.91,1271.67,45.36,740.57,21.72,9.28,1358.11,79443.00,83847.00,78376.00,9.50,10.97,4.58,12.91
ASM Technologies,526433,,INE867C01010,IT - Software,Computers - Software & Consulting,4554.45,6643.42,106.42,5165.00,3519.62,11.82,127.68,57.65,26.82,72.25,15.57,16.11,60.02,41.03,9.31,19.12,9.31,90.94,252.98,63.79,604.42,68.31,61.75,26.82,73.05,26.95,25.47,86.64,13.49,34.03,68.03,-23.48,3509.22,51.78,28.13,49.65,13.16,-7.61,29.16,292.45,88.27,230.17,52.06,21.64,198.82,28766.00,28455.00,21747.00,0.49,0.72,41.13,29.16
Assoc.Alcohols,507526,ASALCBR,INE073G01016,Beverages,Breweries & Distilleries,727.95,1461.67,149.07,1496.30,853.97,43.00,68.92,62.35,17.92,-24.26,23.66,23.51,-23.78,20.38,27.30,14.01,0.00,17.67,248.11,-2.26,1033.58,-5.25,5.31,17.92,82.74,17.99,14.57,-5.33,6.38,2.43,51.77,73.94,855.24,28.92,10.15,39.99,15.29,-4.21,19.28,674.61,108.51,316.31,10.56,2.10,280.86,40991.00,42643.00,38316.00,0.68,1.26,35.71,19.28
Astec Lifescienc,533138,ASTEC,INE563J01010,Fertilizers & Agrochemicals,Pesticides & Agrochemicals,593.50,1322.49,0.61,2271.43,695.21,36.98,448.93,71.97,-18.72,43.34,-33.04,-7.76,-141.42,-19.40,-15.69,-24.42,0.00,,86.17,16.89,440.62,9.33,-8.26,-18.71,-64.52,-5.44,-25.19,49.62,-22.39,27.31,-80.71,-8.40,696.23,-2.23,-8.71,34.98,2.71,-9.60,12.25,368.32,0.01,442.99,158.77,3.39,83.56,19889.00,21041.00,18549.00,0.01,3.33,24.69,12.25
Aster DM Quality,540975,ASTERDM,INE914M01019,Healthcare Services,Hospital,762.10,66430.16,989.63,891.30,714.76,14.50,2219.66,53.72,47.54,-46.12,88.23,139.93,-80.94,161.00,58.65,121.31,18.17,184.05,1411.01,17.86,4876.03,15.70,21.60,29.28,360.94,11.40,10.70,2.06,6.61,6.06,655.92,425.05,714.28,271.10,1.01,35.62,1380.00,-1.84,1325.36,4057.73,1166.56,1947.79,64.25,8.63,1310.68,133338.00,136892.00,148139.00,10.32,16.48,19.48,1325.36
Astra Microwave,532493,ASTRAMICRO,INE386C01029,Aerospace & Defense,Aerospace & Defense,1698.70,16128.31,360.46,1960.00,1324.80,13.33,287.66,6.54,12.35,-24.09,16.27,105.98,-88.35,30.51,46.81,23.90,0.00,85.32,229.10,6.76,1139.74,4.02,-11.55,12.35,189.04,20.28,15.99,16.28,6.99,31.58,386.73,-90.15,1321.05,53.79,3.21,47.53,98.17,-2.00,252.85,1295.58,49.73,1620.52,45.73,12.27,176.66,117894.00,116138.00,107384.00,10.74,16.09,66.64,252.85
Astral,532830,ASTRAL,INE006I01046,Industrial Products,Plastic Products - Industrial,1526.10,40998.70,1082.70,2454.00,1499.93,13.72,250.30,54.22,120.20,48.21,81.10,217.38,-43.57,196.76,107.70,134.80,0.00,69.21,1859.20,17.86,6785.40,16.79,15.93,120.20,592.39,19.22,13.85,22.27,7.62,4.47,1117.00,629.60,1499.67,294.04,7.32,57.14,608.30,8.29,943.40,4031.00,0.00,2639.10,34.77,10.10,1578.00,264925.00,258441.00,298456.00,13.89,20.93,10.59,943.40
Astrazeneca Phar,506820,ASTRAZEN,INE203A01020,Pharmaceuticals & Biotechnology,Pharmaceuticals,7153.00,17882.50,290.36,10691.00,8336.58,27.38,110.66,75.00,38.11,-32.04,56.08,45.69,-15.49,64.95,32.59,54.22,0.00,103.08,724.55,29.59,2432.06,31.10,29.73,37.93,173.48,29.26,23.29,-17.96,5.58,30.16,-15.14,65.36,8348.47,72.18,25.98,22.43,536.70,2.36,448.62,867.79,0.00,1739.93,68.44,20.49,682.79,29338.00,29007.00,34378.00,2.68,6.08,16.24,448.62
Ather Energy,544397,ATHERENERG,INE0LEZ01016,Automobiles,2/3 Wheelers,1494.60,58960.95,-257.04,1589.40,951.87,5.96,664.22,39.58,-50.87,71.46,-178.23,-100.23,49.25,-211.82,-84.64,-154.10,0.00,,1570.34,74.70,4244.12,67.15,88.79,-50.87,-384.80,-19.77,-33.41,52.35,-4.18,-11.48,31.89,-720.70,946.41,-129.25,-5.37,63.53,370.43,-29.38,823.15,2534.36,552.01,2822.89,-415.94,22.23,1216.92,254569.00,169887.00,141409.00,16.77,29.82,13.82,823.15
Atlanta Electric,544527,ATLANTAELE,INE0Z4F01028,Electrical Equipment,Heavy Electrical Equipment,1725.10,13265.44,360.11,2200.00,1404.95,21.59,50.74,87.28,46.84,50.42,31.14,102.28,-54.16,72.20,43.34,25.10,0.00,60.77,525.61,65.83,2002.73,59.03,47.99,46.84,218.28,45.26,31.69,74.72,10.04,13.01,184.33,83.58,1401.73,92.53,9.39,52.50,66.07,4.28,99.90,913.81,13.13,927.77,34.03,14.28,466.33,41899.00,34845.00,,1.92,4.76,6.05,99.90
Atul,500027,ATUL,INE100A01010,Chemicals & Petrochemicals,Specialty Chemicals,6526.00,19213.69,1241.75,10975.40,6499.94,9.34,183.02,45.33,245.30,91.99,127.77,210.15,20.29,246.86,163.54,182.37,0.97,24.16,1835.84,18.30,6643.49,15.75,25.03,253.93,795.43,14.90,11.49,59.14,13.74,2.38,1022.77,603.13,6499.68,339.88,81.00,45.31,64.66,7.29,94.67,6192.50,2591.86,2407.62,13.73,3.09,1847.95,56570.00,56855.00,55505.00,7.44,25.93,21.30,94.67
Atul Auto,531795,ATULAUTO,INE951D01028,"Agricultural, Commercial & Construction Vehicles",Commercial Vehicles,487.50,1352.87,86.25,844.40,477.93,18.29,144.56,42.70,7.93,168.81,2.95,14.79,-56.11,15.39,14.58,8.27,0.00,28.04,251.73,25.76,890.04,20.18,42.97,8.04,48.25,11.38,9.35,107.44,3.68,-4.35,47.47,25.26,477.83,23.44,5.47,44.29,19.83,1.50,25.76,469.65,56.69,349.04,15.63,2.80,218.43,59890.00,59046.00,60504.00,0.53,0.07,56.71,25.76
AU Small Finance,540611,AUBANK,INE949L01017,Banks,Other Bank,1113.50,83504.80,13275.56,1144.65,972.31,2.72,166532.70,22.74,795.95,37.03,580.86,831.87,-4.32,1018.42,667.66,560.87,0.00,29.23,5339.38,18.36,19560.64,17.32,21.11,795.95,2856.35,7.66,14.25,30.77,15.01,1.50,1828.87,5462.41,970.89,2913.97,13.58,62.17,8604.62,1.67,6973.26,19225.26,44793.65,10945.23,17.93,4.17,5302.74,162894.00,167443.00,190119.00,35.98,32.81,8.47,6973.26
Augmont Enterpri,,,INE16W401027,,,,7405.23,483.11,,,,18.11,,,,,,,,,,,22.20,,,94186.21,42.21,,,333.55,68.52,50.93,53.51,,18.75,-42.16,105.45,,,,,179.99,6.71,147.24,865.14,19.56,1199.96,15.06,,,,,,,,,147.24
Aurionpro Sol.,532668,AURIONPRO,INE132H01018,IT - Software,Computers - Software & Consulting,700.70,3872.18,311.68,1991.75,914.18,48.03,60.68,26.86,45.86,-10.62,51.31,60.72,-26.61,59.14,43.94,55.86,0.00,18.47,398.64,11.46,1432.34,14.76,6.31,45.03,209.60,16.29,13.44,7.52,12.58,3.23,55.88,157.10,916.33,75.51,10.70,35.63,361.71,1.57,204.99,1683.74,0.00,1258.53,12.09,2.23,358.07,55618.00,50976.00,35915.00,16.02,1.47,55.65,204.99
Aurobindo Pharma,524804,AUROPHARMA,INE406A01037,Pharmaceuticals & Biotechnology,Pharmaceuticals,1623.00,93383.83,7362.22,1682.40,1400.85,3.53,8072.84,51.88,1056.56,28.11,824.75,921.26,12.07,1270.32,909.80,848.13,13.75,24.70,9165.69,10.62,34935.29,9.09,16.30,1032.03,3780.97,12.86,10.10,11.49,11.54,1.94,5526.37,3924.62,1398.61,1863.63,22.08,54.17,8235.49,2.16,9870.29,37832.89,1051.12,31961.51,11.78,2.49,9150.35,239073.00,241298.00,272208.00,16.38,25.05,6.63,9870.29
Aurum Proptech,539289,AURUM,INE898S01029,IT - Services,IT Enabled Services,233.43,1683.35,115.64,741.47,197.06,11.79,224.76,47.89,0.05,100.53,-9.46,3.59,174.82,-7.47,2.71,-8.41,0.00,1790.80,142.21,72.37,430.55,64.50,70.90,45.18,0.94,1.84,-2.68,102.88,-0.30,18.45,62.93,27.68,196.69,36.00,-1.04,57.43,25.19,-1.31,81.00,468.04,78.89,339.66,13.41,3.32,111.84,55252.00,56379.00,60401.00,0.42,0.00,51.69,81.00
Australian Prem,,APS,INE0P0001010,Electrical Equipment,Heavy Electrical Equipment,249.50,502.99,93.28,669.90,336.91,54.13,43.61,72.62,28.39,8.94,26.06,28.13,0.92,,11.36,6.56,0.00,8.90,,,688.95,59.19,43.96,28.39,56.52,55.94,45.36,44.44,7.31,9.96,-3.94,24.29,337.79,,,43.02,29.44,-13.19,33.87,141.80,0.13,318.69,5.50,3.11,388.18,5368.00,5269.00,4117.00,0.00,0.47,26.91,33.87
Authum Invest,539177,AIIL,INE206F01022,Finance,Non Banking Financial Company (NBFC),561.60,47692.50,2293.31,683.50,518.07,17.83,3099.72,68.81,1114.81,18.43,941.32,45.53,2348.52,466.59,168.02,764.59,0.00,22.79,592.61,-0.43,2757.82,-36.77,19.65,1114.81,2092.95,13.76,13.16,-48.91,76.98,7.05,1011.15,1688.96,517.63,526.46,5.49,52.69,230.57,5.08,324.40,14466.58,15345.00,390.37,20.66,3.28,1448.22,37689.00,39531.00,37874.00,14.28,0.20,16.69,324.40
Auto.Corp.of Goa,505036,ACGL,INE451C01013,Auto Components,Auto Components & Equipments,1802.90,1097.72,103.04,3449.00,1948.68,24.97,9.52,48.98,11.22,-51.37,23.07,21.32,-47.37,16.93,10.86,14.64,0.00,18.15,259.18,25.58,926.19,29.75,-2.91,11.22,60.48,29.61,25.68,16.85,4.51,2.52,136.17,9.72,1950.14,18.72,27.80,32.76,71.52,14.96,213.31,302.50,0.00,359.65,10.17,3.56,248.94,11916.00,12082.00,12057.00,0.01,0.00,51.01,213.31
Automotive Axles,505010,AUTOAXLES,INE449A01011,Auto Components,Auto Components & Equipments,1745.40,2637.30,263.30,2693.20,1794.52,17.90,14.07,71.04,45.60,27.66,35.72,53.89,-15.38,47.35,38.81,35.95,0.00,14.43,504.67,9.29,2205.17,6.30,5.61,45.60,182.78,21.55,16.23,16.27,8.82,1.61,172.55,128.25,1795.01,56.21,31.33,40.20,38.93,14.44,258.91,1083.66,140.22,1059.24,8.47,2.40,516.82,23383.00,24109.00,28625.00,0.75,15.44,12.78,258.91
Automotive Stamp,520119,ASAL,INE900C01027,Auto Components,Auto Components & Equipments,489.30,776.03,60.02,1094.55,500.33,25.47,124.38,75.00,4.69,84.65,2.54,13.28,-64.68,8.02,7.47,4.39,0.00,25.11,287.58,35.79,970.78,28.34,46.37,4.69,30.91,25.31,127.51,101.63,1.85,2.04,58.97,-6.72,500.44,17.41,5.06,41.29,4.40,10.38,18.98,20.30,0.00,222.15,13.87,21.47,253.32,32616.00,33571.00,36856.00,0.09,0.00,24.90,18.98
Avadh Sugar,540649,AVADHSUGAR,INE349W01017,Agricultural Food & other Products,Sugar,813.70,1628.90,232.36,885.00,496.28,8.06,1407.18,60.39,0.23,102.73,-8.41,55.03,-99.59,4.31,16.70,-6.59,0.00,24.22,699.38,4.67,2756.16,4.23,8.74,0.23,67.25,6.83,5.63,-5.07,0.03,0.71,157.57,153.96,493.09,42.48,2.15,77.90,4.95,-0.57,3.53,1104.44,71.78,1523.53,12.85,1.45,779.25,22779.00,23769.00,24453.00,1.47,0.27,37.88,3.53
Avalon Tech,543896,AVALON,INE0LCL01028,Electrical Equipment,Other Electrical Equipment,2226.40,14874.97,202.26,2351.00,1387.39,5.30,212.92,44.39,34.87,145.39,14.21,41.15,-15.26,47.98,32.60,24.98,0.00,111.34,557.02,45.64,1764.30,44.38,49.83,34.87,133.60,19.54,16.94,67.08,7.20,58.36,57.19,25.06,1378.96,62.33,7.18,68.29,101.54,-1.38,71.35,708.35,80.62,1017.43,64.87,20.60,484.41,72969.00,65594.00,61743.00,7.81,24.72,23.08,71.35
Avantel,532406,AVANTEL,INE005B01027,Aerospace & Defense,Aerospace & Defense,156.94,4170.07,50.71,215.00,158.96,27.00,34.38,37.04,5.39,66.87,3.23,4.77,13.00,6.84,2.74,4.27,0.00,242.87,65.38,17.97,241.39,-3.16,35.66,5.39,17.17,9.63,5.29,-67.16,7.65,17.66,10.05,49.89,158.98,14.80,0.26,38.23,7.77,-6.51,11.05,285.09,0.00,218.08,73.02,12.33,70.42,189918.00,197774.00,221646.00,1.54,1.14,60.28,11.05
Avanti Feeds,512573,AVANTIFEED,INE871C01038,Food Products,Animal Feed,839.60,11439.18,905.27,1593.80,1001.39,47.32,13.23,43.23,103.30,-42.00,178.10,132.28,-16.25,154.22,163.47,168.80,0.00,21.26,1805.54,12.22,6359.97,11.41,18.32,116.30,538.06,24.38,18.29,-7.06,6.12,2.88,504.63,584.36,1003.01,173.05,10.05,32.36,898.66,9.58,437.97,3272.43,1262.02,1581.16,12.73,3.48,1899.86,122500.00,116798.00,126372.00,7.19,7.35,39.50,437.97
Avenue Super.,540376,DMART,INE192R01011,Retailing,Diversified Retail,3826.90,249608.01,5258.82,5900.00,4085.03,22.68,2424.99,74.48,860.61,11.34,772.97,656.59,31.08,1111.58,855.78,684.85,0.00,81.62,19311.65,15.80,71255.57,15.58,14.88,860.44,3058.13,17.18,12.94,12.96,4.58,7.88,3466.74,2462.97,4087.63,1465.17,17.04,35.73,358.20,-2.14,303.78,23812.08,4.01,7475.78,46.04,10.20,18794.53,542175.00,573764.00,618996.00,9.22,8.67,7.55,303.78
AvenuesAI,539807,CCAVENUE,INE483S01020,Financial Technology (Fintech),Financial Technology (Fintech),15.28,5330.27,439.88,49.34,16.09,25.46,429.53,27.29,76.15,24.33,61.25,79.48,-4.71,119.21,79.84,67.65,0.00,17.97,4168.52,112.15,9516.04,110.17,109.37,84.77,296.65,7.71,6.64,38.50,3.16,1.36,536.52,72.05,16.09,169.66,0.31,42.10,331.41,2.33,928.49,4396.99,813.58,3471.74,10.25,1.12,2680.40,721157.00,728580.00,782901.00,5.93,0.17,66.18,928.49
Avishkar Infra,508929,,INE433O01024,Realty,"Residential, Commercial Projects",567.20,1270.71,1.04,713.95,319.43,20.55,28.70,34.69,-0.34,26.09,-0.46,-0.89,66.98,,0.03,-0.46,0.00,,,,0.00,-100.00,,-0.35,-1.66,2.34,-16.59,-168.69,,,5.64,-28.96,316.94,,,29.41,1.20,-15.90,0.24,-10.03,0.14,62.97,1665.60,102.73,0.00,1893.00,1889.00,1734.00,0.00,0.00,65.30,0.24
AVT Natural Prod,519105,AVTNPL,INE488D01021,Agricultural Food & other Products,Other Agricultural Products,86.95,1324.25,103.25,135.70,70.04,6.33,113.61,75.00,31.10,156.60,12.12,22.02,41.24,26.22,17.37,13.29,0.00,15.81,247.51,54.39,822.02,40.77,82.16,31.10,83.78,14.22,12.16,54.04,12.89,2.60,11.98,-32.50,69.87,32.53,1.72,76.14,36.99,1.44,34.93,544.10,116.25,640.43,10.97,2.37,241.21,47171.00,48050.00,52207.00,0.03,0.02,24.94,34.93
AWFIS Space,544181,AWFIS,INE108V01019,Commercial Services & Supplies,Diversified Commercial Services,268.35,1920.40,642.40,946.00,364.54,58.03,1501.18,17.00,23.96,140.08,9.98,23.25,3.05,2.31,21.66,15.97,0.00,22.64,453.66,23.66,1583.70,23.29,26.96,23.96,84.84,13.17,14.01,69.78,5.64,0.52,616.24,362.56,365.51,167.98,0.32,43.43,81.69,11.09,89.59,480.91,0.00,677.60,4.87,3.48,424.92,49296.00,48389.00,42515.00,26.92,38.51,17.58,89.59
AWL Agri Busine.,543458,AWL,INE699H01024,Agricultural Food & other Products,Edible Oil,201.90,26240.51,2542.97,878.35,207.56,28.63,1109.27,56.94,350.28,48.15,236.43,292.08,19.90,396.58,269.03,244.85,0.00,22.34,20536.34,16.65,77720.16,16.72,17.52,351.39,1174.50,18.28,10.67,2.28,1.75,1.28,3928.34,2149.69,207.62,706.31,3.04,66.36,1022.56,10.63,1719.31,10311.38,1081.50,15002.40,9.21,2.51,20048.14,931230.00,941828.00,1034675.00,21.10,8.46,12.91,1719.31
Axentra Corp,511634,,INE919M01026,Construction,Civil Construction,307.65,606.07,1.13,371.85,173.04,17.27,,30.48,-0.19,-46.15,-0.13,1.27,-82.68,,,,0.00,618.44,,,10.34,,,0.22,1.04,,,,2.20,,,,171.69,,,29.40,,,,,,,,,9.99,5168.00,5114.00,5137.00,58.58,0.00,10.94,
Axis Bank,532215,AXISBANK,INE238A01034,Banks,Private Sector Bank,1255.00,390669.63,108254.11,1418.30,1265.16,11.51,1656431.05,7.87,7632.31,22.24,6243.72,7602.63,0.37,7699.85,7059.78,5566.56,0.00,14.07,34508.00,6.80,135731.89,5.58,9.87,7670.37,27773.44,6.24,13.12,-0.32,21.58,1.94,-8636.71,44383.68,1265.27,20605.09,24.61,51.59,73638.44,0.45,78627.37,220980.84,438796.54,224521.09,18.02,1.76,35541.96,836818.00,854844.00,885725.00,39.91,42.69,9.52,58656.85
Axis Solution,511144,,INE520G01024,IT - Software,Computers - Software & Consulting,591.95,2797.57,45.57,667.75,166.31,11.35,81.34,85.64,3.65,65.16,2.21,15.72,-76.78,7.52,5.87,5.15,0.00,92.06,65.69,35.53,259.62,26.51,77.43,3.65,30.39,23.07,22.18,11.93,7.50,-20.55,-22.02,-20.90,162.03,10.06,1.59,73.47,4.94,-8.23,8.59,97.14,0.14,215.59,58.45,19.37,48.67,2709.00,2540.00,2752.00,0.00,1.74,12.62,8.59
AXISCADES Tech.,532395,AXISCADES,INE555B01013,Aerospace & Defense,Aerospace & Defense,1606.70,6833.86,61.12,2211.00,1571.40,27.33,388.03,58.03,-7.13,-597.76,1.43,-16.33,-3614.29,10.58,27.66,23.13,9.53,208.35,402.45,34.57,934.46,3.64,94.16,-14.76,32.80,3.57,4.06,-47.47,-3.85,10.21,-1.36,88.34,1571.05,40.23,2.49,52.39,89.26,-0.48,45.46,706.27,17.04,830.99,54.77,9.39,183.35,46002.00,43908.00,44304.00,1.45,1.96,38.56,45.46
Axtel Industries,523850,AXTEL,INE767C01012,Industrial Manufacturing,Industrial Products,406.30,656.37,41.99,850.30,437.14,23.03,0.00,49.95,1.96,3.16,1.90,11.16,-82.44,13.16,7.98,10.12,0.00,21.02,102.76,52.60,228.85,42.07,18.70,1.96,31.22,29.95,20.53,97.35,6.07,1.65,70.51,31.22,437.45,15.69,8.14,43.21,22.40,30.92,16.47,108.50,81.28,97.50,13.61,5.27,32.31,18789.00,18625.00,18864.00,0.41,1.48,48.17,16.47
Aye Finance,544699,AYE,INE501X01029,Finance,Non Banking Financial Company (NBFC),176.65,4359.47,812.31,197.95,145.52,10.76,5065.10,0.00,74.50,143.54,30.59,85.91,-13.28,,42.60,34.53,0.00,18.35,,,1871.78,24.30,17.74,74.50,237.54,11.38,9.24,13.05,15.61,-0.39,-1354.64,-811.79,145.21,,,56.89,1137.89,-17.03,1011.07,2483.81,158.14,1233.25,9.68,1.72,477.37,21230.00,25687.00,,15.70,19.75,63.81,1011.07
AYM Syntex,508933,AYMSYNTEX,INE193B01039,Textiles & Apparels,Other Textile Products,254.95,1498.80,103.34,326.11,216.62,9.34,187.83,65.73,8.67,344.23,-3.55,9.03,-3.99,2.82,1.48,-0.39,0.00,79.77,347.33,-0.52,1389.67,-5.35,7.52,8.67,18.79,5.35,1.13,222.85,2.47,1.22,151.18,108.08,216.23,26.01,0.48,52.13,31.67,3.24,14.52,529.96,0.06,476.33,14.26,2.54,351.03,8140.00,8433.00,9144.00,3.62,0.48,30.18,14.52
Azad Engineering,544061,AZAD,INE02IJ01035,Electrical Equipment,Heavy Electrical Equipment,2825.50,18247.57,270.97,2986.60,2023.31,5.39,474.32,55.84,35.75,20.29,29.72,35.99,-4.48,41.00,34.71,32.61,0.00,131.29,186.19,27.85,638.49,28.72,25.90,35.16,138.99,11.92,9.09,39.10,20.37,-118.64,-118.97,53.67,2015.25,69.18,6.35,66.21,697.03,-18.38,184.59,1515.98,0.00,989.30,65.98,11.94,172.60,133221.00,126786.00,127692.00,13.30,10.32,20.53,184.59
B H E L,500103,BHEL,INE257A01026,Electrical Equipment,Heavy Electrical Equipment,415.50,144679.73,3427.40,446.75,343.41,6.99,8186.95,58.17,376.71,182.70,-455.50,1290.47,-70.81,527.54,390.40,374.89,0.00,59.48,9946.02,32.41,35992.99,27.00,40.29,376.71,2432.47,9.14,6.23,739.36,4.89,13.66,5837.38,2192.47,342.68,789.64,1.52,51.61,7612.41,3.16,11866.62,25450.19,302.06,52157.53,32.85,5.53,7697.72,1628020.00,1755262.00,1983215.00,9.52,22.35,9.88,11866.62
B P C L,500547,BPCL,INE029A01011,Petroleum Products,Refineries & Marketing,318.00,137964.47,45946.84,391.85,319.67,18.85,54424.42,52.98,-3757.26,-154.52,6890.96,5631.95,-133.30,3204.86,7188.40,6191.49,0.00,8.90,124794.09,18.91,493953.61,12.33,34.41,-1872.70,15499.28,25.64,28.75,-11.73,-2.48,0.39,50768.99,23677.79,319.69,5895.96,7.39,53.83,10475.59,14.91,17760.55,95897.68,30135.62,81310.81,5.45,1.38,151277.03,1050341.00,1033057.00,1107983.00,16.84,21.07,8.25,17760.55
B-Right Real,543543,,INE0IZQ01016,Realty,"Residential, Commercial Projects",881.00,910.18,67.15,1011.00,730.78,12.86,187.21,73.15,31.64,2667.61,1.14,3.56,174.47,,,,31.76,26.34,,,167.79,62.23,80.40,33.43,34.56,21.57,21.76,1172.86,29.51,-23.23,10.03,-20.84,729.27,,,48.30,0.64,-6.57,6.12,166.05,67.40,332.52,16.25,5.16,113.29,1192.00,189.00,154.00,1.36,0.00,25.48,6.12
B.L.Kashyap,532719,BLKASHYAP,INE350H01032,Construction,Civil Construction,55.15,1243.30,123.79,240.01,55.10,24.45,299.11,61.73,10.00,-7.83,10.85,23.60,179.87,14.58,11.83,-8.62,94.44,33.78,419.52,18.13,1387.83,21.77,2.59,10.00,36.81,13.03,2.59,127.36,2.90,1.32,114.67,76.43,55.10,30.65,0.65,54.91,35.06,5.97,43.39,504.22,0.20,1261.29,12.02,2.36,345.12,41453.00,42623.00,44231.00,0.26,0.17,37.85,43.39
Baazar Style,544243,STYLEBAAZA,INE01FR01028,Retailing,Speciality Retail,408.90,3112.44,275.77,447.10,322.57,8.54,995.22,44.80,2.23,12.63,1.98,-4.99,108.70,10.84,18.97,51.49,0.00,114.05,703.13,32.25,1950.21,34.94,28.86,2.23,27.29,7.43,5.16,59.50,0.46,3.68,125.53,52.77,321.70,99.23,1.42,66.71,22.12,-1.04,12.87,413.01,0.00,836.47,14.12,6.78,486.38,58870.00,68004.00,84432.00,1.69,5.94,47.55,12.87
Bafna Pharma.,532989,BAFNAPH,INE878I01022,Pharmaceuticals & Biotechnology,Pharmaceuticals,280.60,663.80,20.70,296.00,170.76,5.20,37.43,75.00,0.08,-97.64,3.39,2.75,-97.09,0.14,1.84,3.12,0.00,85.21,34.76,-1.99,142.58,-3.13,-23.22,0.08,7.79,11.87,12.27,-22.64,0.30,4.31,15.37,22.14,169.66,2.72,0.06,67.15,3.43,-4.08,2.02,72.49,0.00,89.65,39.19,6.90,26.58,7062.00,6928.00,7283.00,9.34,0.00,15.66,2.02
Bagmane Prime REIT,544758,BAGMANE,INE2OVN25015,Realty,Real Estate Investment Trusts (REITs),106.97,36369.80,-0.26,110.50,104.27,3.19,3538.48,,57.85,-77.18,253.46,-0.11,53290.91,,,,,,,,0.00,-100.00,-29.88,58.51,-0.26,0.00,-0.02,-100.03,13.39,,1595.89,1595.89,104.25,,,53.75,244.76,19.24,244.76,1816.80,0.00,374.07,-152693.62,19.95,437.01,,,,,,,207.94
Baheti Recycling,,BAHETI,INE029Q01017,Industrial Products,"Aluminium, Copper & Zinc Products",831.95,862.61,61.53,855.00,638.98,2.70,229.26,74.13,17.79,61.87,10.99,9.27,91.91,,,,0.00,31.88,,,724.86,38.37,53.38,17.79,27.06,21.66,35.42,50.75,4.34,-3.90,-35.68,-22.70,637.04,,,75.23,0.39,-11.60,0.43,83.22,1.58,332.21,17.74,9.21,409.72,1035.00,1013.00,751.00,0.04,0.00,25.83,0.43
Bai-Kakaji Poly.,544670,,INE1IJQ01026,Consumer Durables,Plastic Products - Consumer,252.35,540.14,57.11,275.00,197.07,8.24,32.08,74.07,13.32,,,,,,,,0.00,24.62,,,353.23,8.72,,13.32,21.94,21.21,19.20,20.75,6.94,3.53,29.22,-9.93,196.51,,,59.57,0.66,-14.67,2.45,153.66,0.15,97.28,9.98,3.09,192.04,522.00,2041.00,,2.42,7.76,15.75,2.45
Bajaj Auto,532977,BAJAJ-AUTO,INE917I01010,Automobiles,2/3 Wheelers,11724.00,322180.02,15823.30,12774.00,10072.29,1.70,22713.15,55.01,3225.63,45.93,2210.44,3633.09,-8.69,3854.17,2749.82,2122.03,0.01,27.33,23157.86,47.18,71460.48,36.91,65.14,3188.75,11787.50,28.24,29.15,55.23,14.70,7.48,2596.60,-1405.57,10055.69,4539.56,140.25,59.46,2847.60,3.39,3071.89,38552.49,24642.18,26240.15,19.29,8.44,21688.83,678954.00,314095.00,358806.00,9.01,13.42,22.44,3071.89
Bajaj Consumer,533229,BAJAJCON,INE933K01021,Personal Products,Personal Care,463.50,6054.16,244.16,692.00,444.21,33.02,15.80,42.97,70.75,84.82,38.28,63.63,11.19,66.02,46.37,42.29,0.00,27.14,336.15,26.72,1239.58,24.92,24.94,70.75,223.04,30.05,24.66,76.43,20.71,3.98,196.92,65.10,444.02,71.05,5.05,33.13,112.23,14.63,39.17,741.92,366.91,240.59,20.71,8.02,341.56,122807.00,118576.00,140577.00,16.11,14.91,25.99,39.17
Bajaj Electrical,500031,BAJAJELEC,INE193E01025,Consumer Durables,Household Appliances,340.60,3930.28,195.26,1463.17,401.46,47.90,158.89,62.70,41.97,515.40,6.82,-71.39,171.64,6.38,-34.10,9.86,0.00,,1070.34,-3.32,4486.93,-5.30,2.33,48.38,-40.98,2.89,-0.72,-142.93,3.85,0.59,619.27,346.80,402.08,54.46,0.55,45.82,120.55,19.25,257.69,1571.10,401.90,2467.49,15.96,2.47,1089.36,84855.00,81287.00,68573.00,5.37,16.82,15.12,257.69
Bajaj Finance,500034,BAJFINANCE,INE296A01032,Finance,Non Banking Financial Company (NBFC),1085.00,675516.04,56008.05,1177.60,980.11,7.86,435112.49,54.68,5985.75,27.37,4699.61,5464.57,9.50,8161.06,4066.01,4947.76,0.00,32.98,23816.39,18.03,85963.63,17.85,18.65,6080.60,20480.62,10.87,18.25,17.53,26.25,-0.95,-65789.80,-67791.64,979.05,16407.06,12.90,51.93,13543.54,-13.78,15755.32,113377.23,30577.80,24804.98,18.68,5.92,23165.45,985158.00,1002945.00,899777.00,20.20,16.30,8.64,15755.32
Bajaj Finserv,532978,BAJAJFINSV,INE918I01026,Finance,Holding Company,2010.00,322014.33,57114.18,2195.00,1898.94,8.43,429913.96,58.72,3132.35,12.31,2789.05,2538.67,20.48,8356.31,4367.57,4746.47,0.00,31.33,43124.48,15.30,157641.68,14.54,19.13,6296.67,10277.36,10.58,13.23,7.91,14.98,-0.50,-55301.41,-61750.42,1897.82,16583.40,25.95,55.73,15736.80,-11.81,17618.04,77754.66,194413.54,54966.57,12.32,4.13,42036.90,597797.00,601457.00,683279.00,6.90,12.11,22.23,17618.04
Bajaj Healthcare,539872,BAJAJHCARE,INE411U01027,Pharmaceuticals & Biotechnology,Pharmaceuticals,326.45,1098.92,111.95,745.00,356.32,36.76,249.09,58.59,13.89,14.13,12.17,13.83,159.96,15.31,15.67,11.11,0.00,19.53,165.37,11.80,627.82,12.27,11.28,13.70,56.27,11.47,9.40,19.55,8.39,2.92,58.08,21.62,356.62,29.06,4.55,48.52,4.45,4.58,37.99,516.17,0.00,569.08,11.28,2.06,165.63,41310.00,38158.00,35980.00,2.19,1.92,37.30,37.99
Bajaj Hindusthan,500032,BAJAJHIND,INE306A01021,Agricultural Food & other Products,Sugar,21.78,5206.87,387.82,481.29,19.04,16.23,6355.89,13.33,-184.70,-6.39,-173.61,404.57,-147.29,-88.40,14.71,-105.25,100.00,40.19,1135.49,-1.88,5332.31,-1.93,-9.81,-184.76,129.55,3.11,24.41,197.97,-16.41,0.81,229.57,280.39,19.01,-25.86,-0.37,62.80,73.56,6.26,87.90,762.63,3569.05,3414.69,39.06,5.17,1125.97,754171.00,765300.00,789152.00,1.14,50.67,34.78,87.90
Bajaj Holdings,500490,BAJAJHLDNG,INE118A01012,Finance,Holding Company,11540.00,128428.66,8567.38,14873.20,10959.40,16.86,9.62,51.46,2706.45,31.77,2053.90,2575.00,5.09,428.27,2018.24,1689.88,0.00,14.50,561.63,41.52,1139.25,30.15,21.46,2708.08,8856.69,11.00,11.90,27.18,686.75,6.34,4780.33,-1956.76,10953.57,457.41,38.46,60.49,99.89,2.09,31.90,73039.29,84865.09,141.77,14.11,1.76,394.33,83499.00,83963.00,72783.00,9.47,8.26,30.80,31.90
Bajaj Housing,544252,BAJAJHFL,INE377Y01014,Finance,Housing Finance Company,84.07,70049.94,10142.85,188.50,91.60,28.15,103703.99,86.70,715.28,22.63,583.30,669.19,6.89,1033.57,664.89,642.96,0.00,25.92,3212.65,16.62,11604.20,16.29,17.10,715.28,2702.43,8.85,12.11,19.39,23.35,-0.36,-19894.86,-17074.87,91.68,2937.93,1.24,41.28,61.78,-15.10,165.60,14194.13,2502.21,689.22,16.38,3.11,3063.02,2315861.00,2364074.00,2510340.00,0.90,1.00,11.34,165.60
Bajaj Steel Inds,507944,BAJAJST,INE704G01024,Industrial Manufacturing,Industrial Products,354.20,736.74,72.62,988.00,438.96,42.87,62.51,56.62,-0.27,-103.65,7.40,2.32,-111.64,9.62,5.91,21.28,0.00,25.20,171.29,-1.90,537.00,-2.59,11.92,-0.27,29.24,11.73,9.10,-48.34,-0.22,1.10,78.21,52.43,439.81,17.45,4.63,36.48,80.05,-0.07,99.32,413.57,12.11,413.59,10.77,1.74,120.35,23071.00,23738.00,23466.00,0.04,0.01,43.35,99.32
Bajel Projects,544042,BAJEL,INE0KQN01018,Electrical Equipment,Heavy Electrical Equipment,189.53,2192.80,137.90,330.00,184.24,16.54,366.81,62.53,4.73,59.80,2.96,14.14,-66.55,5.29,-0.42,3.60,2.55,81.28,655.12,6.73,2750.82,2.11,-6.71,4.73,26.98,10.96,4.10,109.15,0.83,,21.09,69.13,184.19,22.33,0.46,53.73,267.84,5.89,183.21,724.43,66.31,2118.72,20.10,2.93,566.88,83063.00,83533.00,85939.00,0.53,9.20,27.72,183.21
Balaji Amines,530999,BALAMINES,INE050E01027,Chemicals & Petrochemicals,Specialty Chemicals,2437.20,7896.77,294.10,5223.55,1714.47,1.01,133.28,54.56,74.94,97.21,38.00,63.21,20.61,67.52,30.75,37.10,17.68,38.68,397.52,16.73,1522.57,11.08,27.23,78.12,204.14,11.02,8.74,34.10,17.13,2.34,184.04,255.44,1707.21,84.44,19.99,67.86,353.53,-0.55,271.36,1969.98,0.00,940.89,22.05,4.00,455.93,111615.00,115754.00,121950.00,3.17,1.58,40.69,271.36
Balaji Telefilms,532382,BALAJITELE,INE794B01026,Entertainment,Media & Entertainment,95.43,1163.31,-55.46,399.00,93.52,32.47,18.93,31.30,22.46,489.25,-5.77,-14.06,258.12,-24.61,-24.56,-4.97,0.00,,131.40,169.21,378.30,0.41,229.93,22.39,-20.87,-9.54,-7.66,-125.45,9.32,-3.81,-72.78,51.73,93.50,-20.26,-2.02,64.32,11.99,1.74,25.21,599.58,110.17,592.73,-58.52,1.86,240.29,29571.00,29529.00,32867.00,24.54,0.02,44.08,25.21
Balkrishna Inds,502355,BALKRISIND,INE787D01026,Auto Components,Tyres & Rubber Products,2328.60,45015.84,2381.01,3377.95,2303.89,16.09,4110.82,58.30,450.77,56.35,288.30,299.46,50.53,366.99,382.15,273.19,0.00,32.03,2739.64,14.46,11518.33,9.78,25.19,450.77,1405.57,11.18,9.66,-3.28,13.05,2.13,2249.32,1764.14,2303.64,595.96,18.98,48.98,86.25,1.32,64.51,10916.63,3123.96,3826.99,17.63,4.11,3455.27,122372.00,120740.00,127401.00,10.33,24.60,6.77,64.51
Balmer Law. Inv.,532485,BLIL,INE525F01025,Finance,Holding Company,71.90,1595.98,474.98,107.91,72.76,24.91,219.64,59.67,45.49,1.86,44.66,54.11,-14.28,58.03,66.57,57.10,0.00,8.91,713.28,11.73,2795.20,8.80,9.90,72.59,179.21,16.91,12.67,2.36,9.66,0.66,293.87,163.88,72.76,91.58,1.64,63.01,619.44,7.86,613.19,1417.36,729.60,1848.22,2.45,1.11,751.14,51689.00,51757.00,51431.00,0.95,0.03,39.34,613.19
Balmer Lawrie,523319,BALMLAWRIE,INE164A01016,Diversified,Diversified,176.72,3021.98,397.15,320.45,182.40,25.81,219.64,0.00,71.41,3.60,68.93,84.52,-14.34,55.51,64.98,55.18,0.00,10.83,710.67,11.84,2785.07,8.87,10.00,70.93,279.07,14.60,13.70,2.96,9.47,1.30,289.21,156.18,182.46,89.09,3.25,53.41,458.12,8.15,452.98,1898.02,729.60,1683.20,6.72,1.46,748.73,108631.00,109420.00,110144.00,2.38,1.79,95.79,452.98
Balrampur Chini,500038,BALRAMCHIN,INE119A01028,Agricultural Food & other Products,Sugar,674.35,14269.08,814.55,781.00,543.33,13.66,3170.04,42.86,44.15,-14.39,51.57,159.57,-72.33,87.76,113.43,53.89,0.00,38.46,1863.77,11.55,6365.66,14.99,6.13,44.15,371.04,9.28,9.54,-11.31,2.70,2.43,599.47,425.16,542.02,172.71,4.15,55.28,3.42,-4.10,4.20,4117.92,467.83,3383.62,21.81,3.29,1636.79,187662.00,186610.00,188796.00,9.33,29.09,18.71,4.20
Balu Forge,531112,BALUFORGE,INE011E01029,Industrial Products,Castings & Forgings,638.90,7755.73,332.45,890.00,504.06,8.34,151.87,53.51,66.09,15.89,57.03,65.74,0.53,88.97,71.09,65.04,1.37,28.94,357.86,19.48,1174.88,19.70,28.95,66.09,267.96,22.72,19.56,18.18,21.98,26.60,31.70,148.24,502.70,97.26,7.33,78.36,96.21,-14.31,89.00,1473.13,0.00,793.84,22.52,4.86,300.71,83997.00,79711.00,77243.00,5.04,0.95,36.64,89.00
Banco Products,500039,BANCOINDIA,INE213C01025,Auto Components,Auto Components & Equipments,627.85,8980.60,779.74,879.80,631.14,28.64,613.77,67.88,122.38,11.74,109.52,144.77,-16.99,162.30,85.83,138.90,0.00,18.63,1274.69,22.78,4110.19,21.65,22.04,122.38,481.95,30.91,31.18,11.39,10.34,3.53,380.29,164.31,631.17,212.63,11.35,46.59,119.05,11.44,80.77,1655.71,78.55,2543.10,11.85,5.33,1183.90,76328.00,76781.00,69540.00,3.92,0.24,27.98,80.77
Bandhan Bank,541153,BANDHANBNK,INE545U01014,Banks,Private Sector Bank,173.50,27952.79,12898.72,741.80,179.14,21.41,180647.26,37.54,501.67,34.87,371.96,534.14,-6.08,454.65,205.59,111.87,0.00,20.66,5391.27,0.70,21844.05,-0.20,2.83,501.67,1353.27,6.41,4.88,-34.11,8.91,0.73,1142.59,2752.33,179.19,2512.93,2.82,42.62,7477.45,2.94,13126.69,23963.92,38668.28,20317.90,15.34,1.09,5630.55,664000.00,711284.00,788123.00,18.64,27.47,16.26,13126.69
Bank of Baroda,532134,BANKBARODA,INE028A01039,Banks,Public Sector Bank,242.50,125405.53,108756.09,325.55,264.28,25.51,1835226.38,63.97,5710.15,64.60,3469.16,5800.78,-68.68,7191.14,5500.66,5180.63,0.00,5.68,35112.77,5.39,136546.33,4.91,6.84,1839.26,22087.41,5.63,12.70,13.52,16.77,1.07,33426.12,34891.58,264.49,22709.25,13.48,43.10,58190.84,0.94,64685.97,167463.91,461230.12,215854.23,17.28,0.74,35114.52,1460575.00,1459934.00,1631562.00,10.14,18.33,7.47,50665.14
Bank of India,532149,BANKINDIA,INE084A01016,Banks,Public Sector Bank,145.95,66446.19,64924.02,589.00,142.00,18.21,1076662.15,73.38,3302.58,49.81,2204.58,3087.76,6.96,3856.51,2814.27,2575.58,0.00,5.64,19772.63,6.76,77243.58,6.21,8.83,3303.98,11779.32,5.93,12.41,19.41,16.44,-1.12,4752.86,18534.45,141.96,14411.85,8.47,58.00,52125.84,0.51,47660.42,86436.24,280505.61,125318.84,16.54,0.73,20096.90,595832.00,626189.00,715785.00,6.87,13.96,5.78,47393.57
Bank of Maha,532525,MAHABANK,INE457A01014,Banks,Public Sector Bank,85.60,65839.71,23813.41,96.75,73.53,9.42,383215.67,73.60,2023.32,34.50,1504.37,2044.88,-1.05,2295.12,1798.99,1668.61,0.00,8.74,8207.72,15.14,30262.41,15.83,13.90,2023.32,7535.80,6.03,22.65,31.03,25.18,1.98,-11336.03,7627.84,73.41,5625.65,2.98,65.97,37992.99,0.57,26645.31,28004.26,100586.83,20945.64,17.68,1.84,8034.65,875943.00,901410.00,991930.00,5.82,14.28,6.32,14879.82
Bannari Amm.Sug.,500041,BANARISUG,INE459A01010,Agricultural Food & other Products,Sugar,3847.90,4825.15,240.65,4674.95,3594.43,11.44,9.25,58.69,-10.92,-171.61,15.25,41.58,-126.26,4.06,48.39,42.70,0.00,39.63,576.77,0.89,1670.50,-7.59,-58.81,-10.92,121.75,9.32,8.01,7.28,-6.33,1.10,514.23,429.55,3591.88,32.00,3.24,60.46,1.93,15.48,14.03,1900.86,263.28,880.55,23.98,2.52,172.45,6366.00,6358.00,7763.00,0.27,0.00,41.04,14.03
Bansal Wire Inds,544209,BANSALWIRE,INE0B9K01025,Industrial Products,Iron & Steel Products,320.50,5017.62,323.48,503.95,314.14,14.30,554.66,75.00,20.46,-47.89,39.26,41.23,-48.94,48.93,43.27,38.32,0.00,34.73,1279.45,21.23,4388.67,20.92,24.37,20.46,144.47,13.79,12.09,-6.02,1.75,-7.43,333.08,-153.30,314.08,82.04,3.13,49.22,5.87,-26.63,6.95,1352.39,1.23,1455.85,18.20,3.51,1167.89,50678.00,52905.00,56124.00,1.99,15.57,7.43,6.95
BASF India,500042,BASF,INE373A01013,Chemicals & Petrochemicals,Specialty Chemicals,3914.00,16942.00,721.33,8750.00,3855.29,18.96,132.38,73.33,349.55,137.55,147.15,63.58,469.44,239.13,105.14,101.05,0.00,27.36,4532.18,16.09,16071.06,8.41,28.94,362.05,619.32,14.54,10.74,49.95,7.23,3.46,-100.96,389.06,3854.70,287.27,55.24,52.28,807.10,5.36,873.60,3934.21,8.09,6971.42,16.02,4.26,4837.44,64263.00,62474.00,64780.00,5.21,6.29,15.17,873.60
Bata India,500043,BATAINDIA,INE176A01028,Consumer Durables,Footwear,685.55,8811.21,802.52,2262.00,807.45,46.55,1386.57,50.16,63.98,15.88,55.21,19.00,2795.02,32.07,66.10,13.90,0.00,50.69,827.55,3.27,3552.59,1.91,3.94,63.98,173.84,12.74,10.62,-20.66,6.54,1.34,594.88,737.82,808.68,162.85,2.49,41.27,634.45,17.27,496.49,1531.34,36.09,1617.23,12.25,5.52,978.95,245930.00,241836.00,234388.00,6.38,27.22,16.24,496.49
Bayer Crop Sci.,506285,BAYERCROP,INE462A01022,Fertilizers & Agrochemicals,Pesticides & Agrochemicals,4089.30,18378.17,968.70,7196.85,4508.08,25.50,81.80,71.44,321.60,15.39,278.70,162.10,98.40,209.09,95.70,152.70,0.00,25.10,1532.26,-1.36,5595.40,-2.79,-4.16,321.60,732.10,29.14,23.70,23.56,17.53,2.36,1078.50,262.00,4512.29,246.63,46.52,43.03,893.70,23.86,1421.80,2920.80,57.40,4860.90,16.10,6.20,1835.00,58884.00,55795.00,55753.00,3.97,11.64,12.96,1421.80
BCL Industries,524332,BCLIND,INE412G01024,Beverages,Breweries & Distilleries,37.69,1112.47,251.08,86.30,35.20,16.11,569.16,58.23,32.25,5.29,30.63,23.31,36.35,38.67,35.36,31.55,4.38,9.54,580.12,-16.10,2582.89,-13.08,-26.36,35.52,116.60,13.87,13.44,13.24,6.09,0.81,324.67,63.20,35.17,57.38,1.19,56.98,27.74,0.57,157.49,880.42,82.12,737.19,5.85,1.22,583.19,131345.00,132599.00,140423.00,0.24,0.01,40.61,157.49
Beekay Steel Ind,539018,BEEKAY,INE213D01015,Industrial Products,Iron & Steel Products,425.00,810.56,116.59,845.00,426.51,16.52,332.43,71.92,38.07,22.14,31.17,-19.84,289.40,11.11,13.84,11.63,0.00,18.55,312.40,17.59,1266.91,13.81,32.48,38.07,43.70,5.48,3.57,-51.38,10.16,0.45,145.77,146.91,426.52,28.92,5.82,53.70,1.54,1.24,1.40,1027.42,197.84,661.99,8.61,0.77,374.71,7202.00,7418.00,7721.00,0.00,0.00,28.09,1.40
Beezaasan Exp.,544369,,INE13VU01016,Chemicals & Petrochemicals,Explosives,551.65,835.85,22.32,551.65,298.13,0.00,37.04,75.00,5.02,-0.20,5.03,8.26,-40.19,,,,0.00,62.99,,,211.58,-1.59,-2.15,5.03,13.27,12.21,10.52,8.64,4.53,22.56,1.77,5.11,295.58,,,89.79,20.49,-5.25,21.83,140.28,52.65,79.79,38.13,5.38,111.12,937.00,1002.00,1118.00,1.62,3.76,19.63,21.83
Behari Lal Engg.,544870,BLEL,INE1EEM01017,Industrial Products,Iron & Steel Products,470.85,1991.81,101.75,548.00,500.92,14.08,17.78,70.84,,,,,,,,,0.00,30.79,,,532.62,5.12,,,64.68,30.89,23.62,23.69,,,27.54,61.89,501.22,,,,32.78,6.84,42.59,267.06,0.00,251.18,19.33,,,73551.00,,,1.81,10.69,16.65,42.59
Belding India,513307,,INE363L01045,Industrial Products,"Aluminium, Copper & Zinc Products",1025.55,1484.88,4.99,2400.00,1233.27,57.27,38.40,55.78,-3.20,,,-4.14,11.18,,-1.22,-0.02,0.00,,,,0.25,-99.86,,-4.13,-8.57,0.53,-0.97,-2233.80,-1877.27,,35.96,2.36,1235.36,,,49.08,0.70,,127.39,1034.88,0.10,236.19,381.39,1.42,0.22,1533.00,1454.00,2136.00,0.20,6.36,37.67,127.39
Belrise Industri,544405,BELRISE,INE894V01022,Auto Components,Auto Components & Equipments,229.66,22211.61,1147.78,268.20,202.68,14.37,1236.76,61.14,114.27,11.45,102.53,135.31,-16.14,149.99,116.75,122.86,0.00,44.98,2048.82,13.70,7818.66,12.22,16.15,114.27,493.76,13.85,12.59,33.74,5.47,2.65,816.54,654.09,202.40,279.58,1.55,41.92,95.69,2.86,785.10,4638.59,374.34,4068.73,19.58,4.02,2088.28,221048.00,201261.00,223147.00,12.09,13.12,13.63,785.10
BEML Land Assets,543898,BLAL,INE0N7W01012,Finance,Investment Company,166.76,694.46,-2.06,377.45,187.76,28.67,0.00,54.03,-0.47,82.85,-2.74,3.75,-112.53,,-0.46,-0.53,0.00,303.26,,,1.96,,,-0.47,2.29,-192.83,0.90,152.40,-47.96,84.69,1.29,0.94,187.97,,,31.47,0.01,83.71,0.02,-40.52,0.00,0.12,643.00,620.06,0.98,69192.00,70596.00,78740.00,0.00,8.21,37.75,0.02
BEML Ltd,500048,BEML,INE258A01024,"Agricultural, Commercial & Construction Vehicles",Construction Vehicles,1937.70,16138.91,328.43,2744.58,1808.47,14.89,308.84,54.03,-27.01,57.87,-64.11,179.82,-115.02,17.20,-22.38,48.03,0.00,90.43,976.77,16.41,4536.15,12.78,29.28,-27.01,178.46,7.71,4.86,-40.29,-3.30,4.71,118.23,183.12,1807.17,51.71,2.07,60.93,4.96,1.49,37.09,2892.03,7.61,5770.87,44.03,5.50,819.62,197269.00,200609.00,195176.00,5.48,19.40,21.10,37.09
Benares Hotels,509438,BENARAS,INE664D01019,Leisure Services,Hotels & Resorts,10200.00,1326.00,65.44,12499.95,9952.74,7.28,3.91,62.58,8.25,8.84,7.58,15.35,-46.25,8.70,14.23,6.08,0.00,30.13,27.10,13.37,148.02,7.67,35.51,8.25,44.01,29.83,22.51,-0.86,24.34,3.03,48.74,41.86,9950.25,10.36,66.92,47.39,89.65,7.22,80.89,211.33,0.00,96.78,18.53,6.24,33.89,6717.00,6647.00,6810.00,0.02,0.05,37.35,80.89
Bengal & Assam,533095,BENGALASM,INE083K01017,Finance,Non Banking Financial Company (NBFC),6160.00,7024.80,496.71,11498.90,6581.12,33.04,642.33,72.87,186.60,-24.59,247.45,202.75,-3.50,134.77,155.68,225.63,0.00,9.14,727.16,13.20,2436.68,12.13,10.44,196.54,768.85,3.92,8.11,6.41,31.05,0.68,252.34,294.36,6585.35,137.65,112.20,42.45,89.06,5.06,113.70,10675.80,10803.91,1081.60,15.20,0.66,632.96,25138.00,25463.00,20207.00,4.41,0.00,22.71,113.70
Berger Paints,509480,BERGEPAINT,INE463A01038,Consumer Durables,Paints,503.70,58731.56,1943.85,727.45,507.42,15.28,635.13,74.98,404.34,18.22,342.02,307.47,20.81,344.76,271.35,206.38,0.00,47.82,3033.21,7.28,12263.24,5.22,11.97,405.01,1228.27,21.55,17.31,5.08,11.30,3.95,1540.04,1269.05,507.45,458.02,2.95,39.40,500.48,14.82,305.31,6799.56,1188.92,4473.56,28.38,8.49,3583.75,312571.00,326701.00,353795.00,4.82,11.78,8.40,305.31
Best Agrolife,539660,BESTAGRO,INE052T01021,Fertilizers & Agrochemicals,Pesticides & Agrochemicals,17.85,633.09,104.78,118.34,19.16,48.19,442.42,50.44,40.65,104.07,19.92,-37.24,209.16,16.13,-12.74,38.93,0.00,21.39,446.58,-13.59,1271.63,-24.14,3.92,40.65,29.60,5.16,1.16,-56.81,10.26,2.10,97.44,228.16,19.18,49.32,0.45,48.39,99.33,7.85,97.89,733.30,0.96,1311.83,7.27,0.82,396.20,66662.00,68254.00,36630.00,5.56,2.13,41.87,97.89
Beta Drugs Ltd,,BETA,INE351Y01019,Pharmaceuticals & Biotechnology,Pharmaceuticals,2261.00,2506.52,86.86,2807.90,1797.48,19.48,147.80,59.10,15.80,35.04,11.70,9.05,82.10,,8.52,12.22,0.00,54.98,,,410.17,6.20,25.29,16.48,45.59,19.16,18.78,-9.41,13.13,6.37,37.29,36.14,1792.83,,,45.84,147.02,0.22,124.85,234.63,0.00,335.16,27.17,9.36,125.55,7359.00,4736.00,3139.00,1.02,6.23,33.65,124.85
BF Investment,533303,BFINVEST,INE878K01010,Finance,Holding Company,447.70,1686.04,375.79,829.00,441.40,23.72,0.10,74.13,145.99,279.79,38.44,114.24,27.79,21.73,89.38,39.95,0.00,4.33,25.05,29.47,78.18,22.65,19.62,145.99,389.57,4.86,3.65,398.68,1294.24,9.83,32.90,21.24,441.34,21.90,5.77,43.00,403.42,0.27,568.85,8519.81,8763.73,599.75,2.15,0.20,11.28,27271.00,27575.00,29788.00,0.70,0.14,25.02,568.85
BF Utilities,532430,BFUTILITIE,INE243D01012,Transport Infrastructure,"Road AssetsToll, Annuity, Hybrid-Annuity",514.20,1936.48,7.26,2627.94,592.46,42.80,0.08,56.73,-5.03,-178.35,6.42,-4.82,-38.19,-6.79,-2.33,1.79,0.00,,8.74,9.70,18.98,0.42,1.91,-5.03,-8.33,3.88,1.52,-270.00,-85.54,-18.39,-11.45,-23.68,593.24,-6.41,-1.80,31.59,34.98,-7.83,43.58,147.74,111.10,48.44,-268.13,11.64,5.88,46840.00,47824.00,50315.00,1.61,0.06,41.59,43.58
BGR Energy Sys.,532930,BGRENERGY,INE661I01014,Construction,Civil Construction,256.95,1854.19,-455.49,989.00,286.71,47.65,4534.56,51.01,-224.14,15.46,-265.12,-767.94,71.02,-627.21,-192.56,-62.54,58.82,,61.86,-25.69,226.87,-38.23,-82.18,-223.29,-1247.16,-26.94,,-11.41,-1414.12,-0.67,-22.95,-1857.43,287.01,-220.73,-86.92,45.98,77.66,-33.28,49.29,-2932.89,0.00,3705.74,-16.12,,15.79,67585.00,68589.00,73319.00,0.01,0.00,48.98,49.29
Bhageria Indust.,530803,BHAGERIA,INE354C01027,Chemicals & Petrochemicals,Dyes And Pigments,221.30,965.85,98.25,329.00,188.20,9.95,8.35,71.77,35.94,199.75,11.99,14.10,154.89,28.26,12.02,12.19,0.00,13.01,328.44,60.41,997.45,55.21,79.76,35.94,74.25,11.01,7.77,54.14,12.65,1.35,102.34,52.58,187.86,39.74,6.48,61.10,30.67,5.90,4.96,578.52,24.67,287.19,7.23,1.61,284.02,17139.00,18219.00,16712.00,0.05,0.00,28.18,4.96
Bhagiradha Chem.,531719,BHAGCHEM,INE414D01027,Fertilizers & Agrochemicals,Pesticides & Agrochemicals,286.60,3716.32,59.50,448.00,257.21,9.56,234.63,19.60,13.33,234.92,3.98,4.07,227.52,10.87,4.62,5.50,0.00,135.04,197.12,40.70,607.19,34.08,57.55,13.33,27.52,4.53,2.63,126.88,6.84,106.18,12.01,-52.80,256.91,25.50,0.84,54.13,29.78,-19.34,18.92,685.36,0.00,436.49,47.84,5.32,195.02,13043.00,12815.00,13911.00,0.10,3.00,77.31,18.92
Bhagyanagar Ind,512296,BHAGYANGR,INE458B01036,Non - Ferrous Metals,Copper,384.75,1288.78,110.85,438.00,265.89,12.16,258.92,65.80,20.25,167.50,7.57,18.49,9.52,30.20,12.84,11.27,0.00,20.51,873.82,50.56,2597.30,49.10,45.20,20.25,62.85,20.71,21.58,216.31,2.87,-15.97,59.00,-143.53,264.70,42.81,9.02,50.47,8.31,2.26,0.93,251.16,0.10,549.30,11.83,4.78,705.08,31751.00,31754.00,23996.00,2.15,2.08,29.98,0.93
Bhansali Engg.,500052,BEPL,INE922A01025,Chemicals & Petrochemicals,Petrochemicals,128.35,3194.10,255.96,177.00,102.96,7.33,0.00,57.48,65.60,42.95,45.89,51.60,27.13,63.98,42.22,40.45,0.00,15.98,399.83,22.99,1440.25,5.47,53.34,65.60,199.87,23.75,17.27,15.83,13.89,1.35,168.12,108.75,102.71,66.60,2.57,62.31,404.47,14.26,441.67,1058.34,2.42,1075.57,9.67,2.95,472.15,111850.00,113545.00,119830.00,1.39,0.00,41.11,441.67
Bharat Bijlee,503960,BBL,INE464A01036,Electrical Equipment,Heavy Electrical Equipment,2338.90,2643.69,203.75,5700.80,2687.30,31.43,301.00,33.65,19.63,-29.59,27.88,39.30,-50.05,22.57,24.68,28.23,0.00,23.64,562.97,18.91,2356.07,18.29,17.70,19.63,111.84,8.37,6.05,-18.72,3.59,2.89,-92.50,175.30,2690.80,35.96,19.97,40.75,400.31,2.20,230.43,2023.08,1356.51,1314.31,13.93,1.30,547.17,41365.00,42602.00,45473.00,5.84,15.63,44.88,230.43
Bharat Coking,544678,BHARATCOAL,INE05XR01022,Consumable Fuels,Coal,34.43,16034.05,775.25,45.21,36.89,23.84,2241.74,90.00,-68.09,-138.50,176.87,27.28,-349.60,,-22.88,-52.99,0.00,,,,12910.81,-14.28,-3.56,-68.09,-116.68,4.05,1.91,-90.54,-1.90,1.02,-640.64,626.91,36.92,,,47.90,1129.85,-5.73,1013.06,1121.80,0.00,10303.65,35.70,2.77,3587.27,556383.00,598787.00,,0.38,1.05,8.57,1013.06
Bharat Dynamics,541143,BDL,INE171Z01026,Aerospace & Defense,Aerospace & Defense,1363.00,49962.47,647.14,2096.60,1353.90,17.66,0.32,74.93,118.79,547.36,18.35,113.18,4.96,174.72,72.92,215.88,0.00,95.94,1690.84,47.41,2766.10,-18.69,130.81,118.79,520.77,13.84,10.19,-7.13,20.76,5.20,604.00,167.39,1353.81,229.72,4.77,56.91,4190.37,4.77,4709.31,4057.69,3.91,12756.97,57.13,11.78,572.24,560750.00,568164.00,541535.00,1.69,11.53,11.85,4709.31
Bharat Electron,500049,BEL,INE263A01024,Aerospace & Defense,Aerospace & Defense,406.90,297434.90,8596.11,473.45,409.92,14.06,65.46,51.14,1054.34,8.70,969.91,2225.22,-52.63,1762.84,1579.70,1287.16,0.00,48.39,6908.22,19.27,28717.35,19.83,24.94,1054.53,6146.43,36.44,27.45,11.75,19.01,9.77,1541.37,564.27,409.95,1918.33,2.41,50.01,9545.10,6.24,8572.03,23257.33,799.59,38057.29,32.94,12.40,5546.98,2604298.00,2530896.00,2542378.00,18.02,21.02,9.82,8572.03
Bharat Forge,500493,BHARATFORG,INE465A01025,Auto Components,Auto Components & Equipments,2005.00,95856.77,3037.85,2295.00,1825.79,12.64,7308.62,44.07,119.95,-57.72,283.68,291.13,-138.51,428.51,272.80,299.28,0.00,94.93,4786.57,18.72,17542.84,17.54,18.71,-89.89,1009.77,12.61,11.99,-1.52,2.59,5.68,1486.64,1796.34,1823.99,798.04,8.95,35.95,1291.38,1.81,989.94,9484.21,1738.50,10028.93,32.42,10.01,4639.94,232361.00,228156.00,242732.00,15.04,32.18,8.54,989.94
Bharat Global,521238,,INE893C01032,IT - Hardware,Computers Hardware & Equipments,93.77,949.51,0.01,1702.95,133.15,72.44,81.41,0.00,-1.12,-178.32,1.43,-1.30,13.85,,-0.38,0.17,0.00,,0.18,-97.15,6.16,-99.03,-100.00,-1.12,-2.63,-0.04,-0.06,-117.63,,-1.54,5.90,-156.42,133.55,,,54.34,0.48,-30.00,0.79,89.00,4.19,487.58,-415.38,4.99,0.00,45965.00,48701.00,60954.00,0.00,0.00,100.00,0.79
Bharat Parenter.,541096,BPLPHARMA,INE365Y01019,Pharmaceuticals & Biotechnology,Pharmaceuticals,1541.20,1062.19,25.36,1870.00,1281.19,4.81,146.11,67.20,1.01,-87.73,8.23,-4.80,56.37,-6.34,-9.67,-8.60,0.00,,56.92,-11.92,323.17,-11.19,-19.19,-3.56,-15.41,-1.82,-2.51,-171.78,-3.80,15.74,38.36,-27.25,1278.58,2.37,-9.19,65.96,57.59,-11.29,11.93,315.34,6.10,310.08,59.28,3.30,93.74,3059.00,3095.00,3231.00,0.11,1.38,31.31,11.93
Bharat Rasayan,590021,BHARATRAS,INE838B01021,Fertilizers & Agrochemicals,Pesticides & Agrochemicals,1278.40,2124.84,240.34,3782.93,1648.70,57.81,1.23,74.99,36.64,-32.66,54.41,43.25,-6.34,30.87,33.99,26.16,0.00,15.29,272.78,-4.61,1202.60,-5.17,-10.40,36.64,138.93,17.53,13.34,-9.02,10.84,1.72,132.02,172.02,1652.42,38.13,18.57,40.89,55.69,5.72,23.02,1240.24,298.19,1060.34,9.72,1.70,338.16,22445.00,21935.00,15668.00,0.41,2.00,22.61,23.02
Bharat Seats,523229,BHARATSE,INE415D01024,Auto Components,Auto Components & Equipments,224.74,1411.37,104.56,263.55,189.45,14.73,110.10,74.66,13.21,43.90,9.18,13.25,-0.30,19.09,9.90,9.90,0.00,29.86,665.33,45.08,2101.72,48.32,35.30,13.21,47.26,20.19,20.43,34.03,2.29,1.78,106.71,96.14,189.09,33.05,3.04,47.87,3.12,6.84,15.47,217.10,0.00,355.58,13.58,6.15,577.83,30200.00,29712.00,25965.00,0.15,0.22,24.96,15.47
Bharat Wire,539799,BHARATWIRE,INE316L01019,Industrial Products,Iron & Steel Products,186.06,1279.78,131.77,401.90,196.58,29.04,74.89,41.27,12.23,-21.65,15.61,16.46,-25.70,22.85,18.25,22.14,51.00,18.53,148.49,-9.78,579.28,-7.68,-7.95,12.23,69.08,12.32,12.44,-1.24,9.38,1.41,97.69,74.05,196.68,32.03,3.32,40.22,9.35,5.18,17.78,742.25,0.00,438.33,10.50,1.57,130.39,31626.00,31679.00,32204.00,2.06,19.00,37.68,17.78
Bharti Airtel,532454,BHARTIARTL,INE397D01024,Telecom - Services,Telecom - Cellular & Fixed line services,1902.10,1187005.71,119317.70,2174.70,1906.61,12.54,195411.70,50.07,8376.97,40.84,5947.90,9293.18,8.26,13816.32,8502.80,8650.80,0.00,38.01,61786.67,18.49,220049.30,19.63,18.35,10011.60,31230.76,17.56,20.27,5.79,17.54,1.13,122229.60,98332.20,1906.65,35112.32,18.06,43.51,16719.90,15.35,30376.80,146009.80,18901.30,76514.80,10.50,7.78,58539.10,924369.00,901086.00,828719.00,26.48,20.64,2.64,30376.80
Bharti Hexacom,544162,BHARTIHEXA,INE343G01021,Telecom - Services,Telecom - Cellular & Fixed line services,1579.80,78990.00,5053.40,2052.90,1588.06,19.22,6137.30,70.00,482.40,23.19,391.60,463.31,7.99,570.45,473.70,421.20,0.00,42.74,2504.20,8.07,9600.70,7.87,10.91,482.40,1848.19,21.37,25.95,28.63,19.22,1.67,4464.00,4582.60,1588.15,1315.01,11.41,49.62,37.00,19.13,60.60,6915.20,631.20,1593.80,16.05,11.02,2509.90,89330.00,89246.00,96675.00,3.58,10.64,15.77,60.60
Bhartiya Intl.,526666,BIL,INE828A01016,Consumer Durables,Leather And Leather Products,840.45,1127.08,105.57,988.40,762.28,14.24,541.96,61.17,17.76,218.28,5.58,-8.78,302.28,24.05,6.70,9.93,0.00,44.01,533.92,33.68,1450.85,34.34,33.16,17.76,25.61,8.05,2.87,-3.97,4.76,2.17,40.06,44.30,761.49,45.16,17.93,60.09,76.73,3.98,102.73,473.90,27.05,1161.97,13.27,2.31,372.80,4799.00,4720.00,4800.00,7.43,0.25,31.16,102.73
BIGBLOC Const.,540061,BIGBLOC,INE412U01025,Cement & Cement Products,Cement & Cement Products,43.27,612.60,23.14,148.50,53.09,45.91,201.57,72.81,0.16,105.02,-3.19,0.89,12.20,-3.22,0.44,-3.15,0.00,364.64,91.14,35.38,306.21,33.47,40.44,-0.72,1.68,1.87,-1.25,-21.13,-0.91,2.28,19.00,12.95,53.18,5.76,-0.23,36.13,1.47,-11.09,0.59,109.22,0.64,130.23,28.99,4.45,79.15,42369.00,42990.00,49725.00,0.21,0.00,26.97,0.59
Bikaji Foods,543653,BIKAJI,INE00E101023,Food Products,Packaged Foods,612.10,15347.58,456.48,1007.95,662.28,25.43,216.92,73.88,64.57,2.22,63.17,63.61,1.51,104.75,64.70,77.60,0.00,55.33,878.80,10.47,2871.70,10.54,8.74,64.57,277.40,21.99,17.85,29.33,9.52,6.22,293.63,213.54,662.78,131.22,4.18,42.22,190.12,7.29,247.68,1648.72,238.34,742.89,33.32,9.17,678.17,111049.00,114783.00,133515.00,4.61,17.51,4.01,247.68
Billionbrains,544603,GROWW,INE0HOQ01053,Capital Markets,Stockbroking & Allied,196.24,123113.06,2915.23,227.20,180.07,13.63,292.22,27.14,735.04,94.28,378.35,686.36,7.09,979.89,546.93,471.34,1.31,50.46,1634.24,60.42,5241.60,37.74,66.01,735.04,2439.67,37.32,28.81,30.83,48.96,486.18,-20.60,-962.16,179.91,1007.13,1.56,48.95,4256.19,-0.58,8338.84,8403.55,2637.60,13598.46,33.79,12.76,1501.42,767929.00,706903.00,,6.89,10.08,54.78,8338.84
Biocon,532523,BIOCON,INE376G01013,Pharmaceuticals & Biotechnology,Pharmaceuticals,417.50,68039.73,3729.90,487.75,397.44,6.63,15434.10,44.68,142.35,327.65,33.29,125.26,-31.12,163.99,-51.80,132.80,0.00,93.56,4655.73,8.39,17321.10,9.83,10.00,136.80,727.26,3.61,1.40,99.92,3.18,2.26,1994.00,4061.20,397.24,928.38,1.01,47.14,4120.20,1.93,3193.60,33221.30,1779.10,16490.00,20.83,1.99,4336.00,392833.00,386593.00,428131.00,8.14,23.33,23.75,3193.60
Birla Cable,500060,BIRLACABLE,INE800A01015,Telecom -  Equipment & Accessories,Telecom -  Equipment & Accessories,267.68,803.04,50.59,432.55,185.65,14.48,132.57,66.35,30.69,2190.30,1.34,10.81,183.90,16.87,4.02,0.69,6.28,17.38,245.05,39.18,861.32,28.14,51.12,30.69,46.21,8.93,6.23,628.86,11.51,3.12,-20.91,112.40,184.82,24.13,5.62,58.26,14.69,3.86,3.30,251.87,52.59,301.12,10.62,2.85,266.64,48220.00,47691.00,51508.00,0.02,0.01,33.62,3.30
Birla Corpn.,500335,BIRLACORPN,INE340A01012,Cement & Cement Products,Cement & Cement Products,895.30,6894.71,1571.79,1802.00,1006.04,33.49,3390.72,62.90,115.73,-3.21,119.57,275.71,-60.74,124.70,52.76,90.48,0.00,12.37,2292.05,3.88,9847.84,3.90,7.83,115.73,557.27,9.78,7.83,35.40,4.37,0.45,950.44,1669.49,1007.15,320.30,16.19,43.05,126.48,8.79,134.92,7287.69,1646.42,2327.55,6.52,0.94,2646.45,88705.00,93942.00,127355.00,6.13,16.97,14.00,134.92
Birla Cotsyn,533006,,INE655I01032,Textiles & Apparels,Other Textile Products,19.74,521.81,-12.37,28.51,4.43,30.76,38.00,94.57,-1.90,52.62,-4.01,-1.96,3.06,,-8.53,-4.67,0.00,,,,45.29,,,-1.90,-17.06,-29.93,-73.44,-43.97,-12.33,,-14.08,-205.33,4.28,,,59.03,7.36,-131.08,6.99,-9.92,0.07,13.42,-51.96,31.61,15.41,75627.00,77349.00,81318.00,0.07,0.00,5.35,6.99
BirlaNu Ltd,509675,BIRLANU,INE557A01011,Other Construction Materials,Other Construction Materials,1480.50,1116.43,57.25,6758.05,1545.26,29.06,1111.69,40.57,9.40,812.12,-1.32,-40.41,142.06,-38.06,-53.03,-42.86,0.00,,885.82,9.34,3852.14,8.18,11.57,9.40,-126.90,-4.29,-14.86,-6.56,0.80,0.66,118.55,82.09,1545.91,14.16,-50.47,49.06,80.80,3.13,55.02,1102.81,0.43,1109.10,25.51,1.01,1174.02,28900.00,29236.00,31147.00,2.74,0.08,52.56,55.02
Birlasoft Ltd,532400,BSOFT,INE836A01035,IT - Software,Computers - Software & Consulting,293.55,8207.65,914.02,861.85,350.60,38.07,140.74,40.38,161.00,51.27,106.43,175.93,-8.49,203.41,119.89,116.10,0.00,13.76,1371.46,3.20,5404.46,1.35,7.35,161.00,596.51,21.15,14.06,26.11,11.67,1.25,480.94,587.52,351.18,228.41,7.28,40.08,444.88,14.22,465.93,4057.17,2171.41,1926.65,7.96,1.99,1379.40,400850.00,396641.00,452892.00,12.78,21.98,24.85,465.93
Bizotic Commer.,543926,,INE0OJ401014,Textiles & Apparels,Garments & Apparels,107.20,620.17,26.19,175.50,118.00,38.92,8.12,74.98,9.71,146.45,3.94,8.38,15.87,,,,0.00,34.55,,,250.79,124.04,199.54,9.71,17.95,26.79,20.52,318.41,5.49,-3.91,-40.00,5.43,118.10,,,47.15,0.97,-25.54,3.86,107.48,0.00,189.52,23.84,5.16,177.00,704.00,668.00,829.00,0.00,0.23,24.78,3.86
Black Box,500463,BBOX,INE676A01027,IT - Services,IT Enabled Services,754.80,13405.19,575.98,1104.30,709.15,31.65,1153.00,69.95,72.19,20.84,59.74,76.68,-13.65,85.27,49.68,55.65,0.00,46.92,1825.94,15.23,6653.61,12.20,23.92,55.92,285.70,22.20,26.84,4.15,4.20,22.91,83.95,-87.61,708.69,167.74,4.80,43.07,229.36,0.28,539.98,1251.41,0.00,3236.20,22.55,10.41,1718.50,72559.00,73638.00,78709.00,4.69,3.41,21.82,539.98
Black Rose Indus,514183,BLACKROSE,INE761G01016,Chemicals & Petrochemicals,Specialty Chemicals,114.66,584.77,35.16,239.00,99.29,16.88,1.44,75.00,10.41,145.52,4.24,9.42,10.41,10.92,4.40,4.43,0.00,20.40,104.82,24.81,352.25,8.89,48.84,10.39,28.67,18.69,13.61,37.90,11.69,2.69,45.12,-12.51,99.13,12.50,2.14,58.56,9.08,7.25,10.04,164.34,20.01,133.05,13.10,3.45,89.08,50231.00,50206.00,54226.00,0.00,0.18,24.82,10.04
Blackbuck,544288,BLACKBUCK,INE0UIZ01018,Transport Services,Transport Related Services,605.30,11025.54,229.39,748.00,567.07,19.08,59.21,25.00,42.17,25.13,33.70,65.73,-35.84,32.93,31.72,29.20,1.38,64.22,223.11,47.62,712.52,49.01,42.17,42.17,171.68,12.83,12.32,-52.59,20.65,58.83,169.43,58.33,566.69,54.63,1.81,59.22,704.88,24.34,638.38,1403.68,50.13,870.26,43.70,7.74,204.17,79449.00,82331.00,39118.00,31.47,14.38,29.14,638.38
Bliss GVS Pharma,506197,BLISSGVS,INE416D01022,Pharmaceuticals & Biotechnology,Pharmaceuticals,570.50,6063.00,239.44,602.45,340.06,5.30,21.75,35.01,50.10,16.40,43.04,35.57,38.84,52.47,24.78,28.59,0.00,44.06,310.92,27.22,1005.22,20.59,37.65,51.37,137.62,16.93,11.75,29.05,17.99,4.69,138.72,105.91,337.74,64.85,4.81,69.24,213.31,5.28,166.87,1182.32,4.97,944.89,23.98,5.06,285.58,46767.00,44874.00,46707.00,8.07,9.46,47.45,166.87
BLS E-Services,544107,BLSE,INE0NLT01010,IT - Services,IT Enabled Services,319.70,2904.68,96.52,423.70,225.75,2.56,6.13,71.87,15.30,4.22,14.68,14.74,2.14,28.40,15.23,18.28,0.00,49.98,447.41,65.86,1177.89,71.21,24.63,18.63,58.12,16.39,10.70,5.18,6.13,6.24,50.68,67.29,224.80,31.02,2.57,65.02,91.40,6.72,261.82,431.62,126.24,407.52,26.01,5.56,304.09,69588.00,76520.00,90442.00,0.64,0.02,27.24,261.82
BLS Internat.,540073,BLS,INE153T01027,Leisure Services,"Tour, Travel Related Services",237.76,9789.55,914.03,522.30,279.60,36.77,430.58,70.39,190.07,11.15,171.00,177.80,7.88,225.97,170.22,185.70,0.00,13.87,945.87,28.40,3178.18,31.81,25.33,201.63,705.77,29.34,32.74,24.91,22.64,1.55,902.93,828.83,280.02,264.36,5.17,37.96,740.77,20.50,1181.78,2422.29,351.60,1829.00,9.42,3.97,890.53,223624.00,218959.00,205127.00,4.14,3.10,22.33,1181.78
Blue Cloud Soft.,539607,BLUECLOUDS,INE373T01047,IT - Software,Software Products,20.02,1848.01,126.13,130.50,22.17,47.32,268.86,38.44,17.95,24.74,14.39,12.11,48.22,32.67,18.58,15.42,0.00,28.85,376.84,48.99,1088.37,41.04,41.97,17.95,64.06,14.16,11.58,32.96,6.14,,207.93,-12.55,22.19,55.99,0.35,42.76,3.01,-39.04,3.02,847.69,0.00,397.64,12.86,1.63,292.52,70124.00,61546.00,32513.00,13.28,0.00,48.28,3.02
Blue Dart Expres,526612,BLUEDART,INE233B01017,Transport Services,Logistics Solution Provider,5007.00,11881.61,992.49,9640.00,5304.95,28.84,1141.90,75.00,88.49,81.22,48.83,48.94,81.15,104.25,68.33,81.38,0.00,36.65,1713.88,10.62,6356.68,9.23,14.97,88.49,324.17,16.64,16.82,30.80,5.34,1.20,810.25,735.12,5307.94,274.06,43.93,45.69,167.31,19.10,238.98,1753.07,412.56,1751.80,12.02,6.69,1657.72,37650.00,35375.00,30906.00,3.35,14.47,7.17,238.98
Blue Jet Health,544009,BLUEJET,INE0KBH01020,Pharmaceuticals & Biotechnology,Pharmaceuticals,590.10,11169.16,357.42,1028.20,535.35,22.30,43.68,73.15,78.26,-14.16,91.17,64.34,21.64,35.10,40.17,52.14,0.00,47.55,123.97,-25.08,885.67,-27.51,-17.38,78.26,234.91,26.07,19.35,-34.49,26.70,4.91,334.15,45.76,534.80,39.47,1.85,51.74,119.79,3.87,148.87,1325.22,251.88,730.35,31.90,7.53,293.11,78927.00,79199.00,70772.00,0.63,9.11,17.11,148.87
Blue Pearl Agri,514440,,INE439N01031,Chemicals & Petrochemicals,Commodity Chemicals,8.73,526.03,1.37,114.61,30.57,92.38,0.04,0.08,0.28,3.70,0.27,0.21,33.33,0.41,0.28,0.28,0.00,500.98,14.05,12.94,48.87,19.31,-9.58,0.28,1.05,2.23,1.69,59.09,2.63,-3.51,-0.08,-59.99,30.79,0.42,0.01,38.75,0.37,-32.72,0.33,1.24,0.00,83.07,383.75,8.55,10.66,11909.00,10787.00,8408.00,23.56,0.00,76.36,0.33
Blue Star,500067,BLUESTARCO,INE472A01039,Consumer Durables,Household Appliances,1485.00,30533.80,995.60,2419.95,1705.77,27.56,809.99,36.49,95.52,-21.03,120.96,213.80,-54.88,114.88,80.55,98.78,0.00,57.70,2590.20,6.93,12797.66,5.90,13.27,102.51,529.17,21.24,17.20,-0.92,2.83,8.36,153.81,688.07,1707.99,173.70,5.59,34.69,431.92,0.06,402.07,3390.29,457.20,5953.01,31.78,8.90,3377.92,120369.00,111852.00,148932.00,12.75,28.24,22.49,402.07
Blue Water,,BLUEWATER,INE0X3M01010,Transport Services,Logistics Solution Provider,456.00,501.60,44.32,490.50,271.99,7.03,107.53,69.55,13.97,295.75,3.53,9.19,52.01,,7.39,5.10,0.00,14.07,,,546.39,97.11,315.38,13.97,35.65,31.41,49.76,135.39,6.61,,-53.43,-8.73,270.15,,,62.94,0.78,-24.81,15.68,70.10,0.00,196.12,9.66,6.18,211.22,542.00,531.00,552.00,0.00,5.18,25.27,15.68
Bluestone Jewel,544484,BLUESTONE,INE304W01038,Consumer Durables,"Gems, Jewellery And Watches",797.95,12188.64,434.09,926.70,593.34,13.89,1983.89,16.25,6.96,120.16,-34.52,32.03,-80.89,-18.59,68.85,-52.10,37.21,216.42,736.71,43.43,2680.60,40.02,49.56,5.96,56.32,6.78,1.11,128.59,0.81,,-199.09,-665.83,591.28,98.70,-1.22,52.05,186.89,,511.67,1785.47,46.62,3517.52,27.97,6.75,736.85,40653.00,39697.00,,34.69,32.48,16.59,511.67
Bluspring Enter.,544414,BLUSPRING,INE0U4101014,Commercial Services & Supplies,Diversified Commercial Services,128.13,1915.57,93.67,137.00,87.41,6.47,135.89,58.05,-0.49,88.70,-4.34,6.01,-141.62,-0.99,-23.24,3.52,0.00,126.23,970.44,13.17,3534.10,11.84,19.07,-1.59,15.18,5.22,-0.53,152.46,-0.17,,51.60,-22.12,87.00,22.14,-0.02,60.98,68.21,-4.82,54.61,519.21,35.00,1004.59,18.76,2.86,949.29,81683.00,87200.00,115089.00,5.69,8.64,27.60,54.61
BMW Industries,542669,,INE374E01021,Industrial Products,Iron & Steel Products,48.54,1092.57,179.92,86.00,48.19,25.54,368.40,74.36,19.12,25.79,15.20,33.16,-42.34,21.01,17.58,15.03,0.00,12.85,170.68,17.80,682.55,13.07,11.64,19.04,85.04,12.35,10.57,25.22,11.47,0.67,83.17,108.15,48.19,40.28,0.93,40.50,7.61,-2.08,11.34,780.75,0.00,304.05,7.72,1.36,166.00,47276.00,50073.00,53058.00,0.00,0.00,25.64,11.34
BN Agrochem,526125,BNAGROCHEM,INE00HZ01011,Commercial Services & Supplies,Trading & Distributors,230.05,2249.27,22.48,419.95,278.95,45.22,50.65,5.93,2.98,-85.16,20.08,2.95,1.02,,-6.78,17.92,0.00,131.77,,,927.48,84.49,26.66,2.98,17.07,4.38,8.01,-60.97,1.16,,24.04,-31.27,279.44,,,29.13,6.71,-0.71,13.92,368.92,72.00,435.42,517.19,4.82,257.51,9402.00,9294.00,9266.00,0.00,0.00,94.07,13.92
Bodal Chemicals,524370,BODALCHEM,INE338D01028,Chemicals & Petrochemicals,Dyes And Pigments,89.98,1133.24,202.85,193.75,64.46,1.56,813.19,57.00,30.38,218.78,9.53,32.06,-5.24,9.99,0.24,5.99,0.00,16.50,661.84,37.75,2267.08,27.57,56.11,30.38,68.70,6.68,4.23,128.70,4.28,0.59,175.97,113.78,64.20,49.38,0.79,81.00,36.06,3.69,21.29,1132.36,0.12,934.39,8.51,0.98,709.04,67902.00,70465.00,75023.00,0.02,0.00,42.98,21.29
Bombay Dyeing,500020,BOMDYEING,INE032A01023,Textiles & Apparels,Other Textile Products,111.22,2297.08,62.70,321.90,127.63,43.14,3.15,53.57,7.34,-47.23,13.91,21.10,-66.35,-20.56,-9.85,1.92,0.00,107.24,372.65,2.76,1493.29,-2.55,8.72,7.08,21.42,1.27,0.28,-27.73,1.79,0.60,-182.05,-17.02,127.80,-9.23,-1.00,31.36,98.72,69.46,81.79,2243.91,1303.38,850.71,28.04,1.01,410.80,146956.00,148774.00,151349.00,0.91,0.99,44.54,81.79
Bombay Super Hyb,544757,BSHSL,INE032Z01020,Agricultural Food & other Products,Other Agricultural Products,89.88,943.18,36.51,665.70,98.78,39.88,108.27,73.85,14.30,16.54,12.27,4.41,224.26,1.40,7.74,2.24,0.00,32.87,31.12,15.91,373.72,5.30,19.37,14.30,28.69,15.97,22.62,4.10,7.83,-6.79,-15.80,-31.12,98.87,3.66,0.13,54.82,0.18,-6.26,0.21,120.52,0.50,243.26,27.21,7.20,182.57,16406.00,16418.00,17393.00,0.00,0.00,26.16,0.21
Bondada Engineer,543971,,INE0Q8P01029,Telecom - Services,Telecom - Infrastructure,284.10,3172.59,343.32,753.98,333.66,43.52,292.42,61.52,52.89,38.24,38.26,59.17,-14.23,,54.16,52.32,0.00,14.55,,,2976.62,80.96,23.99,53.93,218.10,39.43,35.70,90.09,7.80,212.57,124.57,-140.93,334.16,,,41.16,40.70,-2.74,261.53,671.72,9.42,1760.64,9.06,4.57,691.65,17195.00,16160.00,12546.00,0.53,0.12,37.84,261.53
Borana Weaves,544404,BORANA,INE16SF01016,Textiles & Apparels,Other Textile Products,318.10,847.59,99.73,420.00,314.65,24.26,70.81,65.23,16.48,35.08,12.20,17.21,-4.24,23.10,18.55,16.65,0.00,12.30,124.45,30.31,408.43,32.22,24.49,16.48,68.92,32.74,35.02,60.65,16.34,4.20,36.96,22.64,314.61,30.29,8.67,49.54,0.04,-20.27,1.68,254.93,1.46,121.90,8.48,3.01,100.84,9091.00,8731.00,16293.00,1.66,2.78,30.33,1.68
Borosil,543212,BOROLTD,INE02PY01013,Consumer Durables,Houseware,255.35,3053.67,198.36,516.10,260.13,35.91,148.08,64.68,12.80,-26.48,17.41,10.59,20.87,21.77,23.95,22.71,0.00,41.80,365.42,7.36,1216.82,8.72,8.98,12.80,73.05,11.52,9.16,-11.29,5.05,3.54,118.83,-19.33,260.18,50.05,1.82,58.50,1.54,-8.46,3.20,874.96,83.46,586.03,16.63,3.44,253.59,73935.00,74127.00,74532.00,0.35,6.20,28.77,3.20
Borosil Renew.,502219,BORORENEW,INE666D01022,Industrial Products,Glass - Industrial,527.00,7756.58,487.23,833.35,543.52,26.91,162.14,56.01,87.71,156.91,34.14,169.01,-48.10,128.68,78.26,45.82,0.00,19.31,496.46,31.19,1608.25,33.98,22.10,87.71,401.74,26.62,27.74,463.85,21.62,3.44,424.51,186.45,543.69,158.41,8.74,32.51,10.60,8.26,47.68,1492.01,629.68,312.29,14.55,4.91,405.69,224437.00,237050.00,266435.00,5.62,3.33,35.04,47.68
Borosil Scienti.,544184,BOROSCI,INE02L001032,Industrial Products,Glass - Industrial,127.07,1130.31,71.74,230.00,136.03,29.89,8.63,68.27,4.37,93.97,2.25,27.21,-84.04,7.24,8.70,2.84,0.00,25.42,119.74,12.01,478.12,11.22,11.22,4.35,44.47,12.08,9.52,85.18,4.07,,43.27,120.03,136.12,12.41,0.81,28.82,15.05,10.67,13.75,432.41,122.45,335.40,14.99,2.56,106.75,53712.00,55319.00,58178.00,0.23,0.26,31.22,13.75
Bosch,500530,BOSCHLTD,INE323A01026,Auto Components,Auto Components & Equipments,48895.00,144221.18,3504.40,49190.00,38708.80,0.60,118.80,70.54,706.10,5.20,671.20,570.00,23.88,627.28,532.60,554.50,0.00,61.03,5560.41,15.97,21088.00,13.63,22.00,706.10,2363.20,21.54,14.57,6.49,12.09,7.91,2175.30,2373.40,38606.43,746.17,212.67,76.04,507.90,11.21,402.60,14815.70,8020.10,10694.00,39.72,9.71,5841.90,65497.00,66646.00,67199.00,7.10,15.17,7.19,402.60
Bosch Home Comfort,523398,BOSCH-HCIL,INE782A01015,Consumer Durables,Household Appliances,1705.60,4637.53,86.93,3484.40,1471.23,5.33,81.68,74.52,22.79,29.34,17.62,38.83,-44.24,-18.40,-19.03,-39.96,32.20,229.69,473.46,16.86,2941.58,12.57,28.49,22.79,20.19,4.64,2.28,-49.90,2.08,5.08,113.43,83.25,1468.87,-4.99,-6.77,64.25,137.43,16.08,56.56,473.32,0.00,1431.39,50.72,9.27,1095.52,35615.00,31241.00,32749.00,0.38,6.30,18.79,56.56
Brainbees Solut.,544226,FIRSTCRY,INE02RE01045,Retailing,E-Retail/ E-Commerce,191.96,10022.01,446.68,734.25,254.13,56.24,1593.90,0.00,-20.98,50.50,-42.40,-17.12,8.84,-70.50,-38.70,-50.54,0.00,,2354.31,12.16,8791.61,11.71,13.08,-43.95,-112.60,0.57,-2.37,25.46,-1.40,-13.77,365.10,-83.45,254.76,72.43,-0.96,25.54,1705.57,-2.42,1402.55,4729.60,5.02,4560.79,21.67,2.08,2106.23,145922.00,140637.00,140001.00,3.61,22.71,66.70,1402.55
Brigade Enterpr.,532929,BRIGADE,INE791I01019,Realty,"Residential, Commercial Projects",655.10,21373.25,1643.23,1089.83,591.46,18.32,6343.95,41.10,176.08,17.48,149.88,143.61,13.76,192.28,205.83,170.28,0.00,31.37,1389.13,0.42,5531.63,4.81,-12.93,216.94,681.35,10.54,10.47,-9.38,17.09,2.68,-137.06,995.31,590.82,380.59,5.44,72.36,3261.00,-3.82,2685.01,6575.63,62.26,16063.26,14.82,3.13,1115.55,162943.00,159254.00,132690.00,15.63,25.46,17.80,2685.01
Brigade Hotel,544457,BRIGHOTEL,INE03NU01014,Leisure Services,Hotels & Resorts,60.06,2281.33,192.42,91.77,65.83,32.82,309.24,74.09,15.95,156.84,6.21,22.98,-30.94,20.04,21.72,10.60,0.00,33.47,132.53,5.42,527.91,7.60,2.32,17.34,68.16,12.85,11.22,117.62,13.65,,199.53,148.95,65.89,42.54,0.49,46.80,22.36,2.89,250.72,577.73,0.06,300.93,11.94,2.38,127.04,39091.00,39595.00,,0.81,19.82,5.27,250.72
Bright Outdoor,543831,,INE0OMI01019,Media,Advertising & Media Agencies,351.50,767.08,35.23,450.00,373.94,21.89,0.00,69.76,13.97,40.68,9.93,10.08,38.59,,,,0.00,31.90,,,153.03,20.75,30.19,13.97,24.05,18.68,13.77,26.05,15.43,-20.23,3.61,5.05,374.16,,,40.90,20.51,-5.52,25.49,163.74,0.23,192.51,21.05,4.13,90.52,535.00,634.00,643.00,7.05,1.02,22.18,25.49
Brightcom Group,532368,BCG,INE425B01027,IT - Services,IT Enabled Services,9.07,1830.26,1752.21,122.88,10.62,45.75,0.00,18.38,261.58,24.05,210.87,207.83,25.86,470.61,310.60,233.03,1.08,1.81,2222.55,35.19,7224.74,33.30,20.38,261.58,1013.04,14.87,9.99,33.05,14.93,0.52,102.65,174.57,10.64,576.38,2.33,40.16,1153.40,-3.30,1415.51,10167.29,626.84,9414.37,0.23,0.17,1752.18,555405.00,567604.00,631930.00,1.12,0.00,80.49,1415.51
Britannia Inds.,500825,BRITANNIA,INE216A01030,Food Products,Packaged Foods,5310.00,127901.07,3737.33,6473.10,5554.43,16.21,1380.28,50.55,591.35,13.56,520.72,678.34,-12.70,837.49,682.14,655.06,0.00,49.11,5191.40,7.25,19529.34,6.63,8.17,593.38,2604.12,56.00,53.52,18.70,11.87,4.45,2611.60,2490.62,5556.89,951.21,34.65,41.81,312.48,36.30,352.44,5082.47,3609.76,3039.14,33.67,25.05,4999.97,268246.00,251466.00,272914.00,13.40,20.88,15.13,352.44
Brookfield India,543261,BIRET,INE0FDU25010,Realty,Real Estate Investment Trusts (REITs),341.95,28377.78,2199.64,376.50,332.11,9.18,16582.62,,179.81,44.36,124.56,36.90,310.95,197.64,201.22,149.38,90.00,52.90,966.85,44.17,3300.83,34.53,51.78,221.34,536.49,5.36,2.75,105.31,22.73,1.59,2285.42,1841.03,332.01,685.42,1.93,49.92,665.74,5.72,765.44,-1291.91,883.12,1053.36,17.69,1.31,973.83,,,,,,,765.44
BSE,,BSE,INE118H01025,Capital Markets,Exchange and Data Platform,3325.60,135451.38,3569.59,4446.80,3273.98,25.21,0.02,0.00,874.02,65.70,527.46,797.33,9.70,1097.10,596.59,557.02,0.00,47.84,1791.75,67.71,5442.02,60.72,63.48,872.66,2831.59,59.99,46.05,78.51,55.72,7.26,3103.72,414.17,3273.46,1157.48,26.94,39.27,5183.86,31.45,5172.80,6591.43,3837.00,5872.13,33.10,20.30,1566.02,999275.00,975435.00,949953.00,21.32,24.15,54.45,5172.80
Butterfly Gan Ap,517421,BUTTERFLY,INE295F01017,Consumer Durables,Household Appliances,639.25,1142.98,84.24,1903.35,673.24,24.26,7.64,75.00,8.89,38.26,6.43,11.44,-22.29,18.61,10.77,17.00,0.00,23.20,329.07,12.32,969.61,11.38,14.12,8.89,49.27,16.81,11.99,35.17,4.16,1.76,88.37,33.64,673.58,27.45,10.41,34.35,13.99,11.17,13.80,354.38,127.17,251.71,12.34,3.07,213.87,19110.00,18902.00,17309.00,0.01,0.43,24.55,13.80
C C C L,532902,CCCL,INE429I01024,Realty,"Residential, Commercial Projects",15.07,673.27,-2.24,244.00,16.45,47.85,0.30,60.05,-8.52,48.27,-16.47,1.07,-174.50,-11.73,3.52,-0.43,0.00,,139.75,111.55,363.67,77.34,134.40,-5.49,-2.36,-1.85,-4.32,94.75,-7.08,2.33,-97.85,155.52,16.46,-8.60,-0.26,43.14,91.48,32.81,104.52,189.44,28.08,327.68,92.98,2.41,120.27,47394.00,47795.00,45013.00,0.00,8.97,30.98,104.52
C D S L,,CDSL,INE736A01011,Capital Markets,"Depositories, Clearing Houses and Other Intermediaries",1434.00,29970.60,675.65,1989.80,1353.02,14.32,2.20,15.00,117.51,14.80,102.36,80.22,47.47,158.16,132.95,139.94,0.00,63.59,356.71,11.86,1178.86,8.78,13.10,117.67,471.28,31.98,24.53,-4.75,40.19,6.22,466.62,543.47,1352.21,179.98,7.56,68.50,174.18,18.31,83.07,1750.78,1487.08,354.35,43.02,15.29,292.76,1522866.00,1514807.00,1497889.00,8.24,15.19,61.57,83.07
C P C L,500110,CHENNPETRO,INE178A01016,Petroleum Products,Refineries & Marketing,1375.00,20475.32,4871.63,1489.70,1058.09,7.70,1964.16,67.29,1031.35,2671.95,-40.10,1421.85,-27.46,1561.76,1001.59,719.19,0.00,4.91,24503.29,50.08,76197.10,33.51,84.77,1031.35,4173.98,34.94,31.85,2379.87,3.77,0.59,2944.96,1352.37,1054.90,1825.60,104.88,56.01,375.29,13.13,1256.77,10960.30,491.30,10219.43,3.33,1.84,27369.27,149620.00,154303.00,201668.00,14.98,1.01,16.71,1256.77
C.E. Info System,543425,MAPMYINDIA,INE0BV301023,IT - Software,Software Products,1008.50,5522.65,198.09,2747.85,1164.04,49.58,7.04,51.41,49.77,7.94,46.11,50.77,-2.34,30.24,18.76,18.52,0.00,40.07,119.45,5.00,492.21,1.83,14.89,49.74,137.82,19.13,11.99,-12.47,35.60,5.46,93.33,117.06,1165.60,38.63,5.52,47.52,78.72,6.87,83.84,894.00,516.94,320.33,23.85,6.10,139.72,150090.00,142309.00,154742.00,1.52,12.74,34.32,83.84
Caliber Mining,544833,CMLL,INE11XY01018,Consumable Fuels,Coal,509.00,3327.63,445.31,624.40,531.76,18.48,1120.49,74.18,29.76,-21.56,37.94,70.88,-55.44,,,,0.00,21.30,,,1677.66,17.29,67.10,29.76,164.38,21.23,34.85,24.96,4.53,2.05,411.04,48.22,531.99,,,41.49,22.98,-19.80,98.15,593.96,4.68,610.90,9.77,,657.05,109641.00,,,1.70,12.93,11.10,98.15
Camlin Fine,532834,CAMLINFINE,INE052I01032,Chemicals & Petrochemicals,Specialty Chemicals,106.57,2047.17,148.56,334.70,139.04,54.65,720.10,48.03,-20.76,-606.79,-2.94,12.77,-138.98,-15.96,-37.10,-14.95,16.21,,520.39,13.17,1845.03,9.33,27.51,-33.63,-26.23,4.78,3.75,-139.24,-4.24,1.86,82.07,23.00,139.36,23.83,-0.78,36.78,153.80,1.62,153.22,1021.67,30.26,1234.33,21.85,1.97,519.88,55178.00,52232.00,59538.00,0.91,5.42,45.63,153.22
Campus Activewe.,543523,CAMPUS,INE278Y01022,Consumer Durables,Footwear,225.17,6882.99,314.40,640.00,243.43,24.19,236.16,72.08,26.14,17.75,22.20,44.14,-40.78,37.17,63.68,20.07,0.00,44.69,437.36,13.13,1816.05,13.71,12.21,26.14,154.03,21.22,18.00,30.53,6.79,3.54,134.77,235.21,243.62,64.58,1.22,51.92,24.51,13.82,3.96,753.45,0.00,903.41,22.09,7.59,385.20,177825.00,179881.00,198551.00,6.03,11.39,10.49,3.96
Cams Services,543232,CAMS,INE596I01020,Capital Markets,"Depositories, Clearing Houses and Other Intermediaries",746.00,18523.00,659.01,1073.50,760.22,11.71,54.31,0.00,121.81,15.80,105.19,98.99,23.05,148.32,121.98,110.94,0.00,40.82,373.49,5.54,1430.92,5.19,5.58,121.81,453.72,48.27,36.96,2.12,34.50,3.65,577.73,442.31,760.36,173.56,5.97,37.63,209.83,31.82,370.89,1158.78,570.80,651.98,25.89,15.31,353.05,526029.00,542124.00,473085.00,44.88,23.54,31.56,370.89
Can Fin Homes,511196,CANFINHOME,INE477A01020,Finance,Housing Finance Company,802.75,10688.98,3884.00,971.50,846.75,17.37,38257.89,29.99,267.82,19.63,223.87,345.67,-22.52,378.66,264.78,251.43,0.00,9.46,1132.19,7.88,4292.09,8.18,7.43,267.82,1129.70,9.14,19.66,28.17,24.43,-0.27,-2910.33,-2255.48,847.20,1042.50,28.44,39.23,307.64,-6.18,304.50,5953.77,2142.96,357.71,12.30,1.79,1096.15,90611.00,93995.00,98637.00,13.23,24.53,32.25,304.50
Canara Bank,532483,CANBK,INE476A01022,Banks,Public Sector Bank,129.45,117419.58,114815.12,164.22,131.48,20.53,1765026.88,62.93,5180.71,3.48,5006.60,4574.23,13.27,5443.50,5174.37,4896.43,0.00,5.91,33012.55,2.93,127805.38,3.11,4.55,5182.06,19858.64,6.52,16.08,7.47,15.72,1.05,7941.94,60668.58,131.50,22310.90,6.00,51.54,90047.68,1.57,54053.90,121809.66,404306.88,239770.35,15.95,0.95,32957.16,1521088.00,1502130.00,1699715.00,12.68,11.91,12.48,51171.89
Canara HSBC,544583,CANHLIFE,INE01TY01017,Insurance,Life Insurance,153.88,14618.60,160.95,166.69,139.49,7.68,250.00,62.00,28.14,20.15,23.42,34.73,-18.97,37.98,27.65,40.81,0.00,111.31,3479.52,48.19,12275.18,9.07,19.81,28.14,131.33,8.35,8.11,7.91,0.65,0.50,3533.50,1207.82,139.35,38.02,0.40,58.51,610.96,138.44,613.33,683.61,49683.15,1107.46,100.11,8.95,4350.86,84466.00,85552.00,,5.42,29.67,2.47,230.65
Canara Robeco,544580,CRAMC,INE218I01013,Capital Markets,Asset Management Company,260.60,5196.82,284.01,353.55,264.43,26.29,17.59,75.00,75.60,23.98,60.98,41.36,82.79,77.48,52.75,48.71,0.00,23.79,124.17,15.35,477.97,13.00,20.07,75.60,218.42,40.11,30.28,8.87,52.01,3.72,172.28,159.38,264.46,80.44,3.89,52.20,0.29,20.62,2.19,546.41,735.23,60.27,17.12,6.97,145.37,167479.00,166900.00,,1.28,9.35,14.38,2.19
Cantabil Retail,533267,CANTABIL,INE068L01024,Textiles & Apparels,Garments & Apparels,246.50,2061.68,276.55,334.85,246.57,23.33,544.11,74.46,16.33,11.32,14.67,29.23,-44.13,21.39,45.09,6.75,0.00,21.17,203.08,15.40,872.70,16.03,12.69,16.33,97.40,19.37,22.07,24.68,9.13,1.27,199.33,150.48,246.57,60.47,2.56,56.09,27.97,11.41,25.39,461.29,0.08,397.31,9.06,4.31,178.82,20367.00,19020.00,22501.00,2.16,0.21,23.17,25.39
Capacit'e Infra.,540710,CAPACITE,INE264T01014,Construction,Civil Construction,227.38,1923.73,450.67,465.00,243.79,31.92,483.21,31.69,39.44,-13.68,45.69,46.73,-10.57,58.81,50.48,51.06,18.65,10.38,709.52,9.81,2662.29,12.37,6.71,39.84,185.29,15.48,10.41,-4.90,6.33,2.07,223.30,51.53,243.95,114.16,6.88,58.58,93.89,-1.69,163.65,1824.24,32.43,2738.36,4.97,1.01,628.93,62179.00,61699.00,67867.00,14.16,7.73,46.42,163.65
Capillary Tech.,544614,CAPILLARY,INE0ILV01024,IT - Software,Software Products,506.60,4031.97,104.95,799.00,545.76,36.60,53.61,51.45,22.87,2949.33,0.75,20.08,-122.02,,7.99,0.29,0.00,78.70,,,811.36,22.79,42.66,-9.55,51.23,3.42,2.95,321.76,8.91,8.58,149.91,-46.20,546.15,,,46.22,214.07,2.95,359.05,1007.61,136.45,596.36,27.89,3.93,256.64,16688.00,16620.00,,3.34,19.38,25.83,359.05
Capital India,530879,CIFL,INE345H01024,Finance,Non Banking Financial Company (NBFC),20.75,811.44,50.67,55.68,26.88,48.13,961.42,72.59,-3.27,-12.35,-2.91,-0.16,-223.15,-27.03,-5.19,44.69,0.00,,131.69,-0.07,531.70,-1.50,4.16,-9.63,-60.34,1.17,-8.63,-1938.07,-7.54,-0.58,-254.08,-93.31,26.95,4.70,-0.23,43.47,271.37,-5.32,316.52,594.96,210.04,413.24,30.32,1.21,127.74,8216.00,7880.00,5095.00,0.02,0.03,27.36,316.52
Capital Infra,544338,CAPINVIT,INE0Z8Z23013,Construction,Civil Construction,76.90,2760.57,398.48,109.99,74.44,12.61,2960.90,,125.62,270.40,-73.72,195.05,-35.60,,10.76,78.43,0.00,6.74,,,898.72,420.64,37.41,125.62,409.86,7.19,7.15,652.64,48.45,,1025.36,284.49,74.41,,,64.60,259.01,,382.93,-802.72,32.89,1744.53,8.27,1.09,259.29,,,,,,,382.93
Capital Small,544120,CAPITALSFB,INE646H01017,Banks,Other Bank,282.60,1284.85,793.80,469.00,279.07,13.95,11281.16,18.29,41.30,29.02,32.01,40.08,3.04,63.97,34.41,34.89,0.00,8.53,299.25,16.68,1089.70,16.28,16.63,41.30,150.68,7.07,10.09,12.75,14.33,-4.09,-385.09,279.49,279.04,193.42,14.07,41.17,649.84,-0.17,412.67,1442.85,2036.63,1858.84,15.12,0.86,288.18,63826.00,63242.00,68325.00,0.59,27.48,53.65,380.28
Caplin Point Lab,524742,CAPLIPOINT,INE475E01026,Pharmaceuticals & Biotechnology,Pharmaceuticals,2516.30,19126.82,876.43,2700.00,2154.21,6.80,4.61,70.57,176.91,15.78,152.80,170.11,3.59,196.77,165.86,160.23,0.00,28.75,624.72,16.98,2287.33,15.01,19.63,179.09,665.35,24.63,20.62,17.73,29.34,4.07,523.23,432.37,2150.57,218.78,25.57,48.73,591.41,7.03,621.04,3571.22,859.02,2585.66,20.06,5.33,610.36,94385.00,93896.00,94169.00,5.76,2.49,21.19,621.04
Capri Global,531595,CGCL,INE180C01042,Finance,Non Banking Financial Company (NBFC),256.35,24664.82,3096.77,289.40,203.87,3.12,24112.10,59.92,353.38,102.05,174.90,282.82,24.95,512.93,255.44,236.00,0.00,21.87,1697.31,51.36,5306.22,50.16,57.05,353.38,1127.64,11.67,16.50,95.19,22.42,-0.47,-8727.78,-4311.64,203.35,1134.45,5.33,67.52,1531.21,-22.01,2122.91,7107.27,1236.10,2678.13,13.20,3.42,1576.48,59632.00,63725.00,61368.00,8.21,18.42,13.46,2122.91
Captain Techno.,540652,,INE931X01010,Industrial Manufacturing,Industrial Products,289.00,671.06,20.61,322.00,209.99,3.33,20.06,64.69,5.21,10.62,4.71,6.41,-15.61,,,,0.00,57.75,,,129.87,40.92,31.57,5.73,11.62,29.73,25.10,44.35,8.50,9.06,8.24,9.86,209.20,,,63.19,0.25,-2.68,1.27,28.99,11.68,46.17,33.47,12.85,67.39,489.00,499.00,528.00,0.00,0.00,35.32,1.27
Carborundum Uni.,513375,CARBORUNIV,INE120A01034,Industrial Products,Abrasives & Bearings,1105.70,21064.18,684.25,1841.15,1004.63,15.40,412.53,38.90,76.40,23.44,61.89,23.95,300.80,84.53,73.16,74.26,0.00,84.00,1462.70,12.68,5413.92,10.14,17.03,80.34,250.78,10.52,6.92,-13.89,5.63,4.33,367.36,304.24,1003.61,159.14,4.22,48.85,380.59,3.65,700.44,3880.77,198.81,2840.68,28.69,5.40,1426.63,64977.00,65914.00,69834.00,11.13,29.05,20.91,700.44
CARE Ratings,534804,CARERATING,INE752H01013,Capital Markets,Ratings,1661.00,4998.60,252.22,1964.80,1625.33,9.63,26.18,0.00,32.26,25.14,25.78,52.83,-38.27,60.00,36.54,57.21,0.00,28.14,161.20,18.21,490.84,17.62,18.92,32.99,177.66,26.30,19.69,24.87,29.54,3.91,147.57,122.95,1624.97,65.68,19.50,45.27,97.00,12.14,129.02,902.40,86.88,656.78,18.82,5.35,111.68,58466.00,58978.00,61111.00,23.41,31.58,45.01,129.02
Carraro India,544320,CARRARO,INE0V7W01012,Auto Components,Auto Components & Equipments,538.10,3059.18,240.70,692.40,525.92,19.39,154.93,68.77,30.65,7.51,28.51,41.02,-25.28,44.36,27.87,30.60,0.00,22.42,724.21,24.47,2289.88,26.42,10.42,30.65,136.43,28.25,25.57,56.21,5.67,2.55,130.89,94.54,525.80,62.85,7.80,54.54,60.73,7.87,80.32,518.56,23.98,833.57,12.82,5.32,540.17,89553.00,91082.00,111849.00,2.91,16.10,12.22,80.32
Cartrade Tech,543333,CARTRADE,INE290S01011,Retailing,E-Retail/ E-Commerce,3142.20,15243.45,347.50,3291.35,2361.27,4.53,140.43,0.00,53.35,24.45,42.87,64.61,-19.90,61.32,61.53,64.07,0.00,64.01,229.71,18.77,807.38,19.97,16.25,56.75,238.14,11.84,9.69,53.38,29.37,10.98,256.99,171.02,2353.42,76.14,11.41,71.07,76.60,5.23,41.21,2435.51,910.00,1234.97,41.46,6.06,201.16,145505.00,145442.00,177058.00,54.37,15.63,29.98,41.21
Carysil,524091,CARYSIL,INE482D01024,Consumer Durables,Household Appliances,1139.70,3241.60,190.29,1280.90,1014.77,11.02,274.04,41.34,31.43,37.73,22.82,27.10,17.06,37.41,21.26,27.42,0.00,30.12,274.81,14.19,959.10,13.99,15.49,32.05,107.61,17.77,17.45,52.21,12.23,3.76,108.67,60.17,1013.51,53.87,12.90,43.82,68.02,-1.09,58.58,602.73,0.00,521.32,17.07,5.33,262.14,50289.00,47620.00,55303.00,1.63,11.91,45.11,58.58
Castrol India,500870,CASTROLIND,INE172A01027,Petroleum Products,Lubricants,186.75,18471.86,1403.73,284.40,188.27,11.39,53.15,51.00,347.70,42.50,244.00,242.18,43.57,357.84,244.67,227.80,0.00,17.13,1574.05,15.51,6219.38,11.84,25.03,347.70,1078.56,60.27,45.86,12.79,18.58,1.63,1090.14,1044.10,188.29,387.88,3.62,48.39,1398.97,41.77,1140.99,1414.36,376.81,2874.48,11.20,9.68,1871.47,541506.00,544404.00,541916.00,8.17,13.63,26.41,862.88
CCL Products,519600,CCL,INE421D01022,Agricultural Food & other Products,Tea & Coffee,1095.20,14623.98,742.35,1242.20,1061.44,11.83,1324.36,46.14,116.88,61.33,72.45,114.53,2.05,169.77,100.27,100.86,0.00,33.81,1489.58,32.20,4602.18,35.83,13.72,116.88,432.54,15.85,18.04,38.94,9.74,3.92,858.29,289.69,1061.10,249.75,12.71,36.01,97.72,1.81,217.55,2317.85,2.87,2209.28,20.25,6.24,1200.45,63904.00,62293.00,54988.00,12.07,21.10,20.54,217.55
CEAT,500878,CEATLTD,INE482A01020,Auto Components,Tyres & Rubber Products,3584.30,14498.53,2118.43,4438.00,3540.06,19.24,3272.09,47.29,3.78,-96.69,114.19,251.03,-98.36,185.00,155.40,185.71,0.00,22.78,4626.55,22.63,16466.70,21.49,22.36,4.00,636.54,19.15,16.14,38.53,0.09,0.90,1785.55,1091.96,3539.61,537.81,45.74,49.24,53.24,7.37,43.30,5005.56,221.81,4361.43,8.58,2.87,4318.00,148990.00,136374.00,141661.00,13.82,22.19,16.42,43.30
Ceigall India,544223,CEIGALL,INE0AG901020,Construction,Civil Construction,337.85,5885.51,639.69,425.00,316.23,16.72,1311.14,82.05,62.88,18.23,53.18,126.61,-50.60,86.45,72.38,56.16,0.00,18.30,997.95,23.73,4153.86,20.31,15.68,63.75,321.59,17.26,15.71,20.08,6.74,-2.29,-91.28,-519.56,316.01,145.68,4.77,55.79,633.92,-10.65,378.68,2051.04,10.10,3625.51,10.16,2.75,969.64,133934.00,149520.00,167926.00,3.88,3.65,10.41,378.68
Ceinsys Tech,538734,CEINSYS,INE016Q01014,IT - Software,Computers - Software & Consulting,728.20,1524.68,174.91,2105.00,1010.98,61.54,56.74,50.88,30.95,-2.18,31.64,37.17,-16.73,42.07,38.87,25.74,12.44,11.40,204.81,25.31,661.89,32.16,0.76,30.95,133.80,27.46,24.76,61.26,19.61,4.63,3.49,5.68,1013.82,47.52,20.09,30.14,162.35,0.53,291.60,652.12,23.26,780.54,7.03,2.27,157.79,29709.00,26893.00,26638.00,10.05,0.24,38.83,291.60
Cellecor Gadgets,,CELLECOR,INE0OMO01025,Consumer Durables,Consumer Electronics,34.50,767.03,71.54,81.50,33.88,21.32,141.76,46.30,20.08,23.34,16.28,19.53,2.82,,,,0.00,19.36,,,1291.81,25.91,8.35,20.08,39.61,22.64,21.96,28.19,3.09,-1.97,1.11,-33.62,33.87,,,59.47,21.76,-16.41,30.85,182.60,0.11,442.15,12.27,3.72,650.32,4891.00,5263.00,4773.00,8.72,0.00,31.93,30.85
Cello World,544012,CELLO,INE0LMW01024,Consumer Durables,Houseware,354.45,7829.27,526.34,1025.00,438.03,47.40,38.11,75.00,73.40,0.52,73.02,90.12,-18.55,101.65,69.41,91.32,0.00,24.63,619.75,5.50,2321.41,7.24,-0.43,73.40,317.84,17.41,13.19,-3.47,13.94,2.69,255.06,261.73,438.87,124.27,4.60,44.82,87.61,1.47,127.77,2590.51,619.54,1572.31,14.96,2.90,526.72,122084.00,120736.00,123494.00,3.23,15.14,6.61,127.77
Cemindia Project,509496,CEMPRO,INE686A01026,Construction,Civil Construction,1287.10,22110.78,1185.77,1650.00,1001.16,21.99,1001.23,67.46,140.83,2.62,137.23,242.17,-41.85,147.85,110.89,107.69,0.00,36.75,2399.78,9.32,10205.10,8.91,5.61,140.83,601.58,32.76,27.80,46.85,5.18,4.02,499.78,184.28,998.28,238.37,8.61,45.64,824.82,7.01,948.85,2382.41,0.00,5630.54,18.12,9.21,2720.92,90808.00,90782.00,92686.00,7.26,2.86,22.40,948.85
Central Bank,532885,CENTRALBK,INE483A01010,Banks,Public Sector Bank,30.83,27905.47,29045.21,212.13,34.61,24.66,508229.06,81.19,1323.13,8.00,1225.12,745.72,77.14,1796.76,1264.79,1234.06,0.00,6.11,9718.26,10.73,37270.22,9.45,12.79,1324.61,4564.93,5.64,11.90,8.25,13.62,-148.12,2803.98,-2459.64,34.64,6199.94,1.98,42.34,22931.43,-0.46,18952.96,31906.67,154862.65,50549.86,17.88,0.68,9725.90,744225.00,714547.00,718928.00,0.93,10.95,6.93,18080.94
Central Mine Pla,544739,CMPDI,INE05HV01027,Construction,Civil Construction,231.79,16549.81,858.41,283.70,205.74,18.30,1.45,85.00,116.27,53.88,75.56,187.82,-38.09,,172.67,,0.00,25.31,,,2316.53,10.17,17.62,116.27,613.09,38.06,28.35,-8.07,24.15,2.98,716.42,671.14,205.48,,,39.92,1080.17,23.04,1430.00,2140.44,0.00,2936.47,17.62,7.25,481.37,76622.00,90963.00,,0.50,7.85,6.64,1430.00
Centrum Capital,501150,CENTRUM,INE660C01027,Finance,Other Financial Services,23.12,1125.55,1452.93,90.70,25.88,39.95,16057.71,39.44,-92.43,-563.53,-13.93,-138.03,-375.89,-213.52,-134.60,-8.50,23.57,,830.60,0.93,3642.97,0.53,7.76,-148.81,-364.75,7.33,-84.62,-230.93,-16.32,5.77,-1814.42,2532.43,25.91,206.85,-2.72,42.58,1455.09,0.17,1283.81,262.97,4157.90,6725.13,11.94,3.61,911.98,35233.00,34991.00,38297.00,1.29,1.93,54.84,1283.81
Centum Electron,517544,CENTUM,INE320B01020,Aerospace & Defense,Aerospace & Defense,3334.50,4922.39,151.03,3968.80,3042.96,15.98,123.48,46.82,11.23,-36.87,17.79,35.00,6332.93,20.97,-62.05,4.23,0.00,56.31,314.82,13.65,1058.62,8.19,14.35,105.50,87.42,25.53,-12.54,67.28,5.50,4.83,60.40,-29.35,3040.03,33.18,14.20,39.07,129.64,9.14,120.11,328.47,0.00,914.19,33.34,14.32,204.15,30466.00,26539.00,20455.00,3.31,19.67,30.20,120.11
Century Enka,500280,CENTENKA,INE485A01015,Textiles & Apparels,Other Textile Products,557.55,1218.25,178.58,864.90,500.85,16.99,22.17,24.87,61.31,299.41,15.35,38.56,53.62,38.52,23.87,22.56,0.00,8.17,470.34,15.08,1858.17,-0.91,38.04,61.31,149.05,8.26,6.18,156.28,11.06,0.80,125.43,117.87,500.28,53.50,17.63,42.28,4.60,3.53,10.69,1478.74,493.47,570.40,4.91,0.81,554.29,37239.00,36944.00,39084.00,1.96,10.91,62.26,10.69
Century Plyboard,532548,CENTURYPLY,INE348B01021,Consumer Durables,Plywood Boards/ Laminates,743.05,16508.56,660.93,938.60,764.02,13.50,1764.88,71.83,80.30,54.84,51.86,78.14,4.89,129.42,65.05,70.95,0.00,55.66,1752.71,26.50,5789.20,23.39,33.52,83.30,296.62,11.46,10.79,46.31,5.34,4.65,457.04,-2.73,764.23,219.76,5.61,40.60,49.14,-9.66,59.01,2587.64,5.61,1957.19,24.93,6.33,1561.38,49365.00,50320.00,53649.00,3.86,19.41,4.90,59.01
Cera Sanitary.,532443,CERA,INE739E01017,Consumer Durables,Sanitary Ware,5717.00,7373.52,320.92,11499.65,5797.39,15.18,46.70,54.41,45.31,-2.62,46.53,69.38,-41.41,54.99,23.67,56.65,0.00,35.73,546.41,11.99,2096.86,8.98,19.46,45.31,206.35,19.25,14.83,-16.53,9.32,3.64,211.89,115.60,5798.20,66.66,42.64,36.79,26.20,10.17,48.06,1465.89,815.01,757.88,22.97,5.01,485.98,131617.00,141006.00,152096.00,15.42,14.07,16.08,48.06
CESC,500084,CESC,INE486A01021,Power,Integrated Power Utilities,153.33,20324.97,4789.38,212.70,166.13,25.02,21670.57,52.11,402.00,3.88,387.00,439.00,-8.71,354.24,304.00,448.00,0.00,13.08,5657.47,7.41,18853.00,8.73,5.44,419.00,1554.00,10.88,12.04,12.77,7.64,0.60,4057.49,2581.44,166.26,1039.38,2.56,32.64,4041.86,2.51,5572.03,12397.12,154.30,9645.52,7.79,1.62,5485.00,346570.00,347619.00,408741.00,11.46,26.14,10.26,5572.03
CFF Fluid,543920,,INE0NJ001013,Aerospace & Defense,Aerospace & Defense,1027.80,2155.72,59.45,1073.00,758.47,4.21,19.82,68.06,20.07,104.80,9.80,19.13,4.91,,,,0.00,54.96,,,208.74,43.40,59.64,20.07,39.22,23.50,18.95,64.51,19.19,-17.19,-26.05,-3.22,755.76,,,59.48,2.60,-12.82,43.55,245.24,0.00,273.59,35.86,8.10,104.61,5120.00,5441.00,3773.00,0.01,0.66,31.29,43.55
CG Power & Ind,500093,CGPOWER,INE067A01029,Electrical Equipment,Heavy Electrical Equipment,865.05,136284.31,1851.20,981.15,804.89,11.83,118.39,56.36,313.01,16.26,269.23,363.54,-15.18,383.37,283.91,284.44,0.00,107.09,3521.61,20.49,12820.71,21.42,13.99,308.28,1272.67,26.71,20.48,26.93,9.40,13.37,702.45,916.10,804.29,444.87,2.43,44.81,1259.12,6.58,1027.56,7655.49,453.27,7600.62,69.75,17.09,3280.81,533530.00,521349.00,492418.00,11.97,18.23,13.37,1027.56
Chalet Hotels,542399,CHALET,INE427F01016,Leisure Services,Hotels & Resorts,912.45,19982.12,1230.08,1082.00,830.03,15.43,2367.67,67.29,92.55,-54.44,203.15,163.03,-47.16,220.51,124.07,154.82,31.91,37.33,768.55,4.52,2387.48,6.05,-42.73,86.13,535.27,17.07,19.15,87.78,18.06,2.46,1066.86,950.39,829.20,338.47,10.07,71.09,186.21,5.56,308.50,3478.80,29.30,903.13,20.00,5.40,512.27,49687.00,52522.00,64175.00,4.26,24.99,3.45,308.50
Chamanlal Setia,530307,CLSEL,INE419D01026,Agricultural Food & other Products,Other Agricultural Products,313.20,1557.41,167.45,447.20,278.67,3.59,82.74,74.05,31.99,47.83,21.64,38.27,-16.41,29.72,35.94,18.93,0.00,12.45,301.13,10.32,1478.23,2.68,12.58,31.99,125.13,18.32,14.61,22.80,9.25,18.09,51.17,72.68,278.33,33.28,5.98,67.54,57.50,1.67,128.96,828.26,0.11,871.96,8.32,1.86,345.92,27647.00,27693.00,27642.00,3.30,1.57,21.08,128.96
Chambal Fert.,500085,CHAMBLFERT,INE085A01013,Fertilizers & Agrochemicals,Fertilizers,427.55,17129.89,2900.06,742.45,462.16,26.37,1067.50,61.34,523.61,-4.62,548.96,169.26,209.38,819.95,586.39,648.75,23.07,8.88,6987.25,8.96,20123.07,15.58,-11.77,523.60,1928.04,25.17,19.95,10.17,10.42,0.85,137.77,1393.90,462.51,975.78,20.47,33.60,236.32,9.17,557.37,10007.30,1080.66,5458.75,5.99,1.65,5027.02,264797.00,257533.00,252649.00,14.92,5.34,18.40,557.37
Chandan Healthca,,CHANDAN,INE0B2N01016,Healthcare Services,Healthcare Service Provider,226.25,553.23,61.60,358.00,247.85,36.80,53.74,49.61,7.50,29.53,5.79,4.90,60.32,,4.54,7.80,0.00,21.06,,,289.34,20.11,19.07,7.92,26.27,23.07,13.22,-12.49,9.80,-190.77,16.17,-29.05,248.06,,,42.60,6.21,-18.55,3.58,146.54,19.96,164.71,9.74,3.24,80.85,1591.00,1624.00,897.00,0.01,5.09,45.29,3.58
Chembond Chemic.,544450,CHEMBONDCH,INE0TGX01019,Chemicals & Petrochemicals,Specialty Chemicals,267.76,720.18,50.53,291.80,195.07,8.24,0.00,68.00,9.53,52.24,6.26,11.73,-17.81,11.32,9.71,7.20,0.00,18.83,91.57,25.37,347.25,18.39,32.27,9.55,38.25,23.64,17.74,19.72,11.04,-6.28,8.29,9.79,194.34,12.95,4.20,57.63,25.86,-11.98,36.36,193.54,30.50,185.98,12.60,3.48,86.48,10732.00,11344.00,12871.00,0.65,2.65,28.70,36.36
Chemcon Special.,543233,CHEMCON,INE03YM01018,Chemicals & Petrochemicals,Specialty Chemicals,201.15,736.83,45.62,743.80,188.00,31.84,53.14,74.47,10.96,71.52,6.39,6.37,72.06,6.71,5.09,5.75,0.00,26.16,66.43,23.68,252.95,17.43,24.23,10.96,28.17,6.42,4.80,10.56,16.48,1.63,41.55,40.52,187.87,10.90,1.83,66.73,141.52,2.06,188.63,446.51,10.40,346.01,11.29,1.53,66.49,64587.00,64986.00,69527.00,0.25,0.00,25.28,188.63
Chemfab Alka.,541269,CHEMFAB,INE783X01023,Chemicals & Petrochemicals,Commodity Chemicals,367.10,527.66,33.41,1230.00,436.40,47.78,125.76,72.14,5.73,124.71,2.55,0.48,1093.75,-2.57,-4.45,-2.01,0.00,,62.75,-18.03,292.64,-16.24,-20.08,5.73,-0.25,1.03,-2.49,-109.06,7.83,0.82,38.09,39.91,437.10,6.05,-1.79,47.48,4.93,-11.68,0.92,361.03,13.56,113.72,18.41,1.41,73.16,10650.00,10942.00,11586.00,0.04,0.07,27.69,0.92
Chemplast Sanmar,543336,CHEMPLASTS,INE488A01050,Chemicals & Petrochemicals,Specialty Chemicals,177.84,2811.82,226.00,826.35,251.81,60.59,1951.84,54.99,-175.58,-173.28,-64.25,104.54,-286.91,-127.09,-119.20,-51.04,0.00,,1045.88,1.23,4248.55,-1.22,2.25,-175.58,-241.28,0.34,-6.80,-21.55,-15.61,0.76,294.29,171.67,252.55,-12.18,-8.04,40.28,723.99,-9.12,532.90,1675.57,7.65,1481.45,48.10,1.60,1124.66,64604.00,62594.00,66577.00,12.02,23.71,9.28,532.90
Cheviot Company,526817,CHEVIOT,INE974B01016,"Paper, Forest & Jute Products",Jute & Jute Products,1154.00,674.15,77.90,2055.55,1118.57,15.80,8.59,74.88,45.29,57.75,28.71,-9.05,600.44,22.76,17.20,14.84,0.00,9.87,192.35,29.78,598.23,28.81,42.46,45.29,68.28,10.19,7.61,13.91,26.56,1.26,41.72,26.17,1118.22,25.59,38.97,50.15,11.28,3.29,4.73,700.01,353.58,179.98,6.95,0.96,170.55,18729.00,19545.00,21279.00,0.29,0.17,24.65,4.73
Choice Intl.,531358,CHOICEIN,INE102B01014,Finance,Holding Company,781.85,17417.78,425.43,860.50,741.21,9.14,907.65,53.66,55.30,22.83,45.02,60.31,-10.66,86.64,65.62,56.46,11.90,76.40,355.20,29.43,1194.29,26.47,32.04,60.61,227.97,17.96,16.13,32.48,19.56,-11.10,-267.05,-294.46,740.80,121.49,3.55,38.99,490.60,-14.47,518.96,1448.73,177.95,2653.16,39.34,10.42,309.79,25427.00,26091.00,25307.00,10.10,0.28,35.97,518.96
Chola Financial,504973,CHOLAHLDNG,INE149A01033,Finance,Investment Company,1559.40,29282.02,22052.52,2299.00,1643.93,24.45,210400.03,46.44,805.96,39.32,578.50,687.14,10.05,2236.08,1385.82,1214.27,0.02,10.97,11155.42,17.90,40889.97,17.54,19.55,1788.99,2668.75,9.75,17.47,21.10,16.10,-0.09,-30032.77,-34201.30,1644.78,6211.09,53.65,47.28,9679.85,-15.23,14975.78,15435.37,24968.30,22101.87,9.64,1.89,11113.57,44121.00,47752.00,50780.00,13.00,26.89,13.21,14975.78
Cholaman.Inv.&Fn,511243,CHOLAFIN,INE121A01024,Finance,Non Banking Financial Company (NBFC),1868.10,159548.07,21648.27,1952.50,1675.96,4.32,211069.61,49.23,1656.22,45.56,1137.83,1645.20,0.67,2195.61,1289.97,1159.61,0.00,27.74,8997.18,20.10,32662.59,19.64,21.87,1656.22,5751.00,9.71,19.35,29.14,18.70,-0.49,-30020.80,-32413.15,1674.03,6168.00,25.71,52.92,9500.75,-15.09,14695.08,30287.92,6645.81,17987.82,15.55,5.23,8856.29,151219.00,160428.00,183933.00,24.46,20.62,5.70,14695.08
CIAN Agro,519477,,INE052V01019,Agricultural Food & other Products,Edible Oil,1395.80,3906.27,520.64,3633.15,1372.57,61.58,1199.03,67.61,149.70,186.73,52.21,63.93,134.16,83.57,89.52,19.00,44.37,12.13,619.09,46.91,2310.18,51.75,14.85,149.70,322.15,12.27,10.81,245.40,25.52,1.94,375.09,281.47,1372.33,155.15,29.86,43.34,2.03,5.40,24.47,2126.63,21.36,1027.88,8.23,1.81,586.66,58062.00,40052.00,7266.00,0.07,0.12,32.21,24.47
CIE Automotive,532756,CIEINDIA,INE536H01010,Auto Components,Auto Components & Equipments,397.00,15060.69,1465.87,628.45,441.15,24.52,513.39,65.70,234.46,15.49,203.01,248.06,-5.51,285.51,204.31,213.94,0.00,16.80,2668.70,12.52,9997.34,12.50,10.62,235.62,896.49,14.74,11.80,14.53,8.95,1.06,1257.98,880.84,441.60,396.85,7.53,31.43,324.25,10.01,254.05,7364.49,770.67,3915.25,9.68,1.94,2620.55,110555.00,100114.00,121265.00,4.95,20.65,8.65,230.93
Cipla,500087,CIPLA,INE059A01026,Pharmaceuticals & Biotechnology,Pharmaceuticals,1402.70,113317.56,6388.29,1702.05,1413.02,16.16,613.77,29.22,789.05,-39.19,1297.62,554.64,44.80,1144.47,674.25,1353.37,0.00,31.66,7664.99,1.00,28324.40,1.85,2.33,785.55,3579.05,15.49,11.60,-33.63,11.03,2.31,3940.02,5004.98,1413.12,1508.84,14.17,37.37,799.84,7.22,1307.42,34270.39,8223.41,16466.44,18.37,3.29,7119.28,578679.00,584217.00,549655.00,20.20,34.35,15.93,1307.42
Citius Transnet,544753,CITIUSINVT,INE2Q7823014,Transport Infrastructure,"Road AssetsToll, Annuity, Hybrid-Annuity",113.56,6927.16,-3.15,116.50,107.45,2.52,,,-248.72,,,-3.15,-7795.87,,,,,,,,0.00,,,-248.72,-3.15,,,,-67.98,,,,107.39,,,65.92,,,,,,,,,365.86,,,,,,,
Citurgia Biochem,506373,,INE795B01031,Chemicals & Petrochemicals,Commodity Chemicals,108.65,1435.22,-0.52,212.00,79.72,48.75,6.89,99.36,-0.08,0.00,-0.08,-0.26,69.23,,-0.29,-0.11,0.00,,,,0.00,,,-0.08,-0.74,,,-68.18,,-1171.61,-0.13,-0.12,79.43,,,42.70,0.12,26.00,0.13,-34.15,0.00,8.32,-2827.41,,0.00,5762.00,5767.00,5383.00,0.00,0.00,0.63,0.13
City Union Bank,532210,CUB,INE491A01021,Banks,Private Sector Bank,226.80,22471.05,5814.80,245.38,198.41,7.57,83634.75,0.00,382.57,25.06,305.92,359.56,6.40,486.30,332.16,328.59,0.00,16.02,2003.82,21.21,7249.42,19.81,23.65,382.57,1402.88,6.74,13.20,20.41,19.27,2.11,802.47,1128.30,198.12,1392.57,4.91,58.74,3874.58,0.76,6267.32,10490.56,18986.92,11693.77,16.59,2.13,1984.99,215181.00,207495.00,210298.00,18.65,44.84,36.50,6267.32
Clean Max Enviro,544717,CLEANMAX,INE647U01026,Power,Power Generation,1182.30,13888.62,1289.00,1536.00,1104.00,23.03,12684.32,49.43,48.52,441.69,-14.20,55.42,21.54,,21.18,35.60,20.02,88.55,,,2342.69,27.89,106.83,55.18,156.85,6.16,1.76,120.98,6.63,1.21,1731.24,1404.20,1103.21,,,35.95,1189.39,-16.72,2287.96,4626.56,136.75,3405.11,16.35,2.98,832.16,23620.00,31746.00,,11.21,14.67,24.70,2287.96
Clean Science,543318,CLEAN,INE227W01023,Chemicals & Petrochemicals,Specialty Chemicals,829.45,8815.60,388.22,2705.00,850.19,31.90,2.14,51.29,73.35,4.70,70.06,58.27,25.88,68.37,45.88,55.43,0.00,37.85,248.69,1.61,982.10,-0.35,10.52,73.35,232.93,20.68,15.32,-13.26,27.33,3.12,274.52,213.84,850.40,88.91,6.43,60.14,19.73,3.47,28.21,1573.14,404.94,481.15,22.37,5.57,268.43,241947.00,237113.00,225484.00,13.37,16.23,19.11,28.21
CLN Energy,544347,,INE0WDX01010,Auto Components,Auto Components & Equipments,575.00,606.81,42.29,659.05,439.66,10.09,93.27,72.60,11.99,44.63,8.29,8.57,39.91,,,,0.00,29.53,,,345.96,57.84,34.37,11.99,20.55,22.38,19.61,62.71,6.18,-2.85,-45.75,-66.82,438.30,,,64.64,7.80,-25.52,30.25,104.50,0.27,228.85,15.84,5.27,193.96,708.00,715.00,863.00,12.60,1.88,12.93,30.25
CMR Green Tech.,544777,CMRGREEN,INE00WV01027,Industrial Products,"Aluminium, Copper & Zinc Products",218.21,4780.01,468.49,275.40,235.19,20.77,1425.98,84.00,61.37,16.41,52.72,64.31,3.33,,48.50,,0.00,21.62,,,8640.19,29.61,64.92,68.18,212.40,13.98,14.63,47.84,2.18,-98.35,-409.95,-92.00,235.37,,,47.76,7.96,-11.21,8.82,1487.60,2.56,2751.22,13.23,,3122.73,72870.00,,,2.49,4.33,9.18,8.82
CMS Info Systems,543441,CMSINFO,INE925R01014,Commercial Services & Supplies,Diversified Commercial Services,246.15,4061.54,641.76,616.50,312.50,43.13,221.38,0.00,83.68,-10.58,93.58,77.69,5.84,86.91,57.40,73.35,0.00,13.54,621.66,2.14,2494.47,1.71,1.16,83.68,300.04,17.65,13.20,-20.04,13.18,0.82,389.59,482.53,313.17,151.99,5.27,37.53,295.66,8.78,154.59,2267.70,373.85,1566.49,6.34,1.67,634.70,156082.00,157083.00,177582.00,22.70,36.00,41.29,154.59
Coal India,533278,COALINDIA,INE522F01014,Consumable Fuels,Coal,403.50,248666.09,53277.08,544.70,426.86,17.86,14072.18,61.13,8852.11,0.63,8797.05,10839.18,-18.87,5708.38,7165.98,4262.64,0.00,7.97,33152.03,9.82,157855.72,6.10,7.77,8849.81,31203.02,34.97,28.16,-6.00,19.13,0.59,43214.60,30236.90,427.10,8246.52,9.26,35.36,34215.31,13.00,52574.37,112938.83,10225.88,121875.48,3.94,2.09,46254.80,2551169.00,2632588.00,2307450.00,10.37,22.20,6.18,52574.37
Cochin Shipyard,540678,COCHINSHIP,INE704P01025,Industrial Manufacturing,Ship Building & Allied Services,1547.00,40698.60,1080.39,2979.45,1527.03,21.86,1574.63,67.91,135.80,-27.71,187.86,216.40,-37.25,59.20,137.69,101.09,0.00,68.87,849.13,-10.74,4240.19,-11.58,-6.91,135.80,590.98,14.28,11.18,-30.47,14.92,9.19,-1252.84,-269.05,1526.83,108.31,2.25,65.57,3021.22,-14.38,2277.03,5761.29,474.82,10050.00,39.14,6.91,909.92,966293.00,986156.00,1011541.00,2.83,6.96,22.30,2277.03
Coffee Day Enter,539436,COFFEEDAY,INE335K01011,Leisure Services,Restaurants,29.78,629.11,182.05,374.90,31.83,42.16,826.77,7.74,0.84,112.35,-6.80,-0.76,-96.58,-17.93,70.49,-15.70,0.00,,294.28,5.28,1136.33,4.53,7.64,4.52,-6.10,1.27,-1.01,79.61,1.56,0.30,171.75,195.89,31.85,41.65,-0.16,44.49,243.58,5.34,26.47,2582.84,93.93,3417.09,6.90,0.23,289.90,156829.00,153027.00,161392.00,0.22,1.20,90.83,26.47
Coforge,532541,COFORGE,INE591G01025,IT - Software,Computers - Software & Consulting,1880.00,83269.05,3009.00,2005.36,1539.76,5.51,727.80,0.00,557.24,96.31,283.85,652.73,-20.19,714.45,296.70,425.40,0.00,43.43,5540.34,39.01,18195.40,35.68,49.22,531.70,1917.42,23.50,21.41,97.53,10.34,5.90,1791.70,1237.10,1536.34,1034.28,15.73,68.22,883.20,8.48,1099.20,9470.40,0.00,5905.80,23.70,6.62,5527.70,340980.00,293510.00,185865.00,24.31,42.62,33.07,1099.20
Cohance Life,543064,COHANCE,INE03QK01018,Pharmaceuticals & Biotechnology,Pharmaceuticals,462.35,17689.39,461.08,1360.00,501.23,55.50,400.49,57.49,-24.12,-144.15,54.63,17.62,-643.80,6.38,29.02,66.39,94.56,164.29,433.97,-21.89,2141.50,-19.79,-23.13,-45.19,107.67,8.35,7.04,-77.48,-10.70,3.93,368.32,288.16,501.62,54.02,0.09,56.75,88.67,6.19,59.66,3873.03,528.55,1796.26,51.76,4.52,422.26,99149.00,85230.00,80910.00,6.50,20.09,15.92,59.66
Colab Platforms,542866,,INE317W01030,Finance,Other Financial Services,135.05,2755.02,6.47,204.60,107.57,33.99,1.88,33.88,1.42,18.33,1.20,0.79,79.75,,1.08,1.55,0.00,569.22,,,169.14,157.68,49.79,1.42,4.84,23.14,17.19,36.34,4.35,,-0.29,3.76,107.30,,,8.97,3.55,6.55,9.94,8.78,0.00,14.77,410.61,94.41,32.64,50191.00,50090.00,19522.00,0.13,0.00,65.99,9.94
Colgate-Palmoliv,500830,COLPAL,INE259A01022,Personal Products,Personal Care,1860.00,50589.33,1959.03,3893.00,2106.67,25.75,47.41,51.00,345.53,7.77,320.62,365.68,-2.90,456.18,323.86,327.51,0.00,36.96,1630.62,7.31,6204.28,3.79,11.80,343.08,1368.77,108.02,82.73,-1.77,21.55,2.81,1806.30,1394.46,2109.15,497.24,16.77,28.61,1095.13,82.94,1468.82,1556.91,0.00,2231.11,24.66,31.94,1603.30,326817.00,333741.00,305222.00,13.60,15.54,19.57,1468.82
Commerl. Synbags,539986,COMSYN,INE073V01015,Industrial Products,Packaging,288.72,1164.67,49.27,298.00,175.69,3.11,112.96,59.18,9.68,91.30,5.06,7.11,36.15,9.37,6.25,8.54,0.00,36.88,111.26,14.18,402.91,13.22,21.17,9.68,31.58,15.01,16.86,75.84,8.94,5.50,32.49,8.04,174.56,13.96,2.32,75.35,6.03,2.19,5.58,133.49,22.79,172.43,23.39,6.70,108.30,5378.00,5832.00,4810.00,0.00,0.06,40.77,5.58
Concord Biotech,543960,CONCORDBIO,INE338H01029,Pharmaceuticals & Biotechnology,Pharmaceuticals,1542.20,16133.91,408.66,2664.00,1337.42,11.77,0.63,44.08,61.19,43.74,42.57,90.02,-32.03,72.96,67.78,62.90,0.00,56.74,253.99,2.81,1111.60,-6.45,27.71,61.19,284.35,17.43,12.57,-20.42,23.49,5.26,263.78,244.52,1335.36,90.37,6.97,67.06,1.18,8.38,9.28,2009.29,487.69,843.15,35.48,7.99,260.52,83325.00,82249.00,82045.00,7.53,9.37,39.04,9.28
Concord Control,543619,,INE0N0J01014,Industrial Manufacturing,Industrial Products,2272.30,2359.42,62.53,3069.85,2348.49,25.98,53.99,65.57,24.88,73.02,14.38,16.02,55.31,,,,0.00,55.65,,,210.47,69.27,72.57,24.88,42.40,30.64,25.84,87.20,19.30,-17.06,-55.35,-6.98,2349.26,,,36.41,14.91,-11.57,16.68,198.66,24.43,235.29,38.33,11.29,128.93,1914.00,1883.00,1621.00,0.05,0.63,33.76,16.68
Concord Enviro,544315,CEWATER,INE037Z01029,Other Utilities,Waste Management,271.75,562.42,63.21,860.00,350.64,51.16,167.36,51.43,-17.14,-433.46,5.14,10.42,-224.08,-13.22,-8.18,4.49,0.00,,116.92,-6.35,540.82,-8.97,-16.64,-17.57,-4.72,6.63,4.13,-107.16,-20.08,1.99,-23.16,4.75,351.43,-3.86,-6.39,45.16,89.32,-5.18,65.80,561.22,92.95,699.09,19.19,0.98,85.35,49680.00,49708.00,56092.00,0.37,7.21,41.00,65.80
Confidence Petro,526829,CONFIPET,INE552D01024,Gas,LPG/CNG/PNG/LNG Supplier,79.69,2647.63,379.14,120.00,59.87,7.77,761.30,57.38,61.90,207.04,20.16,31.35,81.88,52.80,21.28,20.41,41.45,19.67,1875.28,90.77,6001.11,72.45,116.60,62.55,134.63,9.23,6.76,47.35,2.60,1.63,399.69,9.63,59.67,133.77,1.57,56.96,157.55,0.60,223.38,1385.26,7.35,1391.73,7.30,1.87,2408.53,100789.00,110008.00,113233.00,0.81,0.19,41.62,223.38
Cons. Finvest,,CONSOFINVT,INE025A01027,Finance,Non Banking Financial Company (NBFC),271.85,879.83,61.77,346.95,231.40,15.05,0.00,74.89,13.00,2.69,12.66,13.77,-5.59,17.16,11.96,15.71,0.00,16.16,16.99,-6.91,61.23,-7.20,3.71,13.00,54.44,5.65,4.95,-44.44,84.53,14.99,-1.45,9.99,230.99,16.82,5.30,47.09,0.04,0.68,0.08,1127.06,1269.55,1.22,14.16,0.76,15.38,16476.00,17145.00,19288.00,2.69,0.02,22.40,0.08
Container Corpn.,531344,CONCOR,INE111A01025,Transport Services,Logistics Solution Provider,517.00,39375.65,2314.13,955.16,505.90,9.27,964.57,54.80,266.74,0.08,266.54,262.65,2.05,344.95,334.98,379.98,0.00,31.70,2378.48,1.02,9085.10,1.65,0.28,268.90,1242.00,12.41,9.81,-6.15,12.45,2.14,1482.23,1711.54,505.79,523.96,4.49,54.82,3663.10,4.42,3487.32,12561.54,1068.61,4762.40,15.91,3.04,2159.76,357912.00,357604.00,340662.00,7.85,29.85,7.49,3487.32
Control Print,522295,CONTROLPR,INE663B01015,IT - Hardware,Computers Hardware & Equipments,601.30,961.73,90.83,1080.00,645.98,33.11,6.82,52.99,3.92,-39.45,6.47,11.19,-64.97,15.82,5.26,18.59,0.00,24.72,123.39,10.21,486.23,10.89,3.84,3.92,38.90,16.45,9.52,-59.12,3.39,1.52,49.62,49.79,646.43,22.05,9.89,54.47,17.19,4.13,24.34,436.86,41.35,327.01,10.80,2.12,115.56,28042.00,27470.00,25794.00,3.07,0.16,43.78,24.34
Coromandel Inter,506395,COROMANDEL,INE169A01031,Fertilizers & Agrochemicals,Fertilizers,1949.70,57519.36,3471.23,2720.00,2063.53,21.98,1506.19,56.35,380.82,-24.59,505.01,175.46,232.83,854.09,488.47,793.44,0.01,30.80,11690.21,21.09,32602.01,23.50,15.94,381.56,1867.49,22.05,16.41,-5.97,4.67,2.83,1557.54,2463.61,2064.68,1178.16,28.89,37.79,3538.34,7.41,493.81,12528.39,2044.10,14007.14,16.71,4.58,8164.77,130118.00,137335.00,143623.00,11.50,19.92,12.07,493.81
Corona Remedies,544644,CORONA,INE02ZQ01018,Pharmaceuticals & Biotechnology,Pharmaceuticals,2103.10,12862.58,304.63,2270.10,1756.14,7.36,164.85,69.00,60.10,29.53,46.40,45.05,33.41,78.32,41.25,52.15,0.00,60.75,431.70,19.54,1479.07,18.16,21.90,60.10,211.73,33.29,29.53,27.94,14.23,6.62,229.48,190.49,1752.65,93.45,12.81,51.83,69.27,1.10,44.12,684.81,25.40,348.31,39.52,17.24,422.43,20185.00,19609.00,,3.63,12.90,14.47,44.12
Cosmic CRF,543928,,INE0ORA01015,Industrial Products,Iron & Steel Products,1387.85,1277.69,84.63,2210.00,1145.31,8.69,133.11,55.11,26.06,127.60,11.45,24.50,6.37,,,,0.00,25.27,,,716.60,78.42,77.46,26.06,50.56,13.60,11.89,106.36,6.32,,23.76,-72.60,1142.87,,,60.76,176.23,,110.70,437.01,0.00,506.08,15.36,2.86,412.15,3452.00,3534.00,3123.00,0.09,10.39,34.42,110.70
Cosmo First,508814,COSMOFIRST,INE757A01017,Industrial Products,Packaging,924.30,2426.26,485.20,1428.00,794.39,9.19,1680.38,40.78,53.75,25.38,42.87,41.51,45.62,54.81,29.50,46.69,0.00,14.15,1267.68,37.94,4004.23,33.23,45.69,53.75,171.45,11.23,10.45,18.01,4.61,0.55,396.73,166.37,793.09,139.46,20.88,54.95,26.85,-4.11,58.83,1590.37,394.07,1524.31,7.84,1.50,1165.54,37610.00,36773.00,37518.00,2.40,1.49,54.21,58.83
Craftsman Auto,543276,CRAFTSMAN,INE00LO01017,Auto Components,Auto Components & Equipments,10539.00,27564.16,1285.77,10995.65,8376.08,4.15,3623.48,42.41,150.55,99.22,75.57,116.78,29.32,188.21,107.11,90.86,0.00,58.84,2704.35,35.11,8716.85,37.85,36.30,150.55,468.42,13.91,12.49,102.83,6.19,4.89,521.68,283.33,8354.34,418.80,71.96,58.20,123.23,-8.08,178.78,3252.13,13.54,3271.77,21.57,7.70,2431.58,64028.00,59164.00,65341.00,17.28,32.90,7.41,178.78
Creative Newtech,544631,CNL,INE985W01018,Commercial Services & Supplies,Trading & Distributors,1215.40,1825.13,103.94,1282.75,792.72,5.25,324.26,56.62,13.54,33.01,10.18,17.79,-23.89,31.79,23.37,18.95,0.00,24.78,987.23,50.55,2786.65,49.10,20.82,13.54,73.65,18.75,21.38,35.89,2.84,-2.28,-273.10,21.86,788.47,40.16,21.17,64.20,55.23,-17.46,22.18,348.61,2.75,921.66,18.70,5.02,476.09,9062.00,8832.00,9350.00,0.27,1.28,41.83,22.18
Credent Connect N Care,,CREDENT,INE1KPX01025,Commercial Services & Supplies,Diversified Commercial Services,355.35,647.55,29.10,380.00,376.23,6.49,21.95,,7.61,,,,,,,,,35.10,,,214.16,,,7.61,18.45,,42.13,,8.45,,-6.62,,376.44,,,,,,2.21,30.54,0.00,63.05,22.93,,90.03,,,,,,,2.21
CreditAcc. Gram.,541770,CREDITACC,INE741K01010,Finance,Microfinance Institutions,1440.20,23108.64,3001.41,1796.00,1369.72,11.88,23641.13,66.21,493.39,719.72,60.19,339.55,45.31,413.34,252.09,125.81,0.00,19.08,1738.77,15.28,6379.52,11.86,21.92,493.39,1210.84,9.98,10.51,524.34,27.66,-0.79,-2770.36,1125.16,1369.01,981.03,25.76,38.07,1442.74,-7.30,1326.64,7682.02,1075.35,2016.27,12.47,2.94,1783.49,79071.00,83884.00,101902.00,13.48,12.67,7.64,1326.64
Credo Brands,544058,MUFTI,INE220Q01020,Retailing,Speciality Retail,78.63,514.19,168.84,324.80,92.44,39.84,228.15,54.99,2.29,-63.65,6.30,15.23,-84.96,13.93,7.02,18.87,0.00,11.58,165.34,0.99,597.43,-2.74,4.44,2.29,44.42,14.38,11.99,-31.60,1.83,0.41,132.34,159.12,92.58,41.40,2.13,43.68,45.39,13.78,72.61,425.53,0.00,445.93,4.16,1.17,125.27,71056.00,72261.00,73113.00,0.51,3.04,41.45,72.61
Crest Ventures,511413,CREST,INE559D01011,Finance,Non Banking Financial Company (NBFC),372.35,1059.33,90.31,621.65,368.79,17.26,282.04,69.84,11.34,-54.98,25.19,8.35,34.04,4.73,9.85,3.74,0.00,32.11,18.85,-36.19,126.27,-33.55,-52.08,11.46,32.99,5.67,3.75,-48.81,37.90,-0.56,46.15,-14.15,368.75,8.86,1.64,53.04,82.59,0.01,184.14,1278.77,407.99,1048.27,16.38,0.81,30.24,8651.00,9115.00,10431.00,1.71,0.00,27.81,184.14
CRISIL,500092,CRISIL,INE007A01025,Finance,Other Financial Services,4513.40,33006.50,1128.76,6955.40,4380.27,11.76,334.66,66.64,216.46,26.16,171.57,233.26,-7.20,285.07,241.50,193.10,0.00,37.32,1140.23,25.13,4125.86,22.03,27.56,216.46,884.32,32.55,24.46,21.53,20.13,4.18,755.58,765.06,4378.93,333.61,38.98,57.03,304.45,21.74,323.34,3264.05,1000.01,2543.62,24.37,10.09,1075.39,88482.00,81755.00,68832.00,6.38,12.95,14.02,426.46
Crizac,544439,CRIZAC,INE0S4R01014,Retailing,Internet & Catalogue Retail,178.83,3129.21,314.66,387.95,225.20,53.90,1.84,79.94,47.13,2.88,45.81,75.04,-38.03,53.87,50.53,48.34,0.00,14.19,182.74,12.63,1033.83,15.17,-3.98,46.17,220.45,52.34,40.29,38.40,22.95,,144.14,183.58,225.67,58.52,3.08,43.14,173.91,18.22,165.04,549.60,31.00,574.42,9.44,5.35,201.21,62067.00,59200.00,207716.00,1.61,3.22,15.22,165.04
Crompton Gr. Con,539876,CROMPTON,INE299U01018,Consumer Durables,Household Appliances,238.25,15341.27,808.50,512.80,269.52,29.41,191.52,0.00,140.32,12.12,125.15,116.41,126.14,136.56,98.25,70.10,0.00,33.80,1785.70,9.44,7396.99,7.40,11.20,140.32,453.93,18.98,10.33,-14.47,6.94,1.86,637.42,716.04,269.84,172.79,2.12,34.97,338.84,17.27,170.03,3049.29,2072.51,2101.08,18.63,4.83,2022.47,305022.00,312417.00,260723.00,19.89,66.46,13.63,170.03
Cryogenic OGS,544440,,INE0TL001013,Industrial Manufacturing,Industrial Products,376.85,538.14,12.94,408.45,233.39,7.74,0.00,74.29,4.47,35.05,3.31,4.58,-19.02,,,,0.00,62.43,,,40.82,24.07,1.39,4.47,8.62,29.56,20.61,42.24,22.62,13.65,7.99,1.94,231.94,,,62.49,11.07,7.68,32.78,40.37,2.46,46.51,39.05,9.85,19.76,682.00,440.00,,0.00,1.65,24.06,32.78
CSB Bank,542867,CSBBANK,INE679A01013,Banks,Private Sector Bank,347.75,6032.97,3742.64,574.70,367.94,39.49,51400.36,40.00,150.04,26.51,118.60,201.58,-25.57,245.39,152.67,160.33,0.00,9.08,1376.18,24.07,4751.57,24.84,23.67,150.04,664.62,7.05,13.46,10.94,11.66,-0.99,-313.65,-5255.52,368.14,764.52,14.14,61.53,3187.29,-2.84,4016.65,4720.75,11955.29,5139.16,13.96,1.23,1287.32,67652.00,65328.00,65044.00,12.63,15.07,30.11,4016.65
CSL Finance,530067,CSLFINANCE,INE718F01018,Finance,Non Banking Financial Company (NBFC),229.74,523.41,197.94,545.00,246.74,29.29,855.70,48.16,22.15,3.89,21.32,19.53,14.06,34.53,20.92,24.46,0.00,6.01,76.02,19.40,266.60,19.33,17.70,22.15,87.06,14.42,14.83,16.20,31.66,-0.31,-56.65,-172.24,246.91,58.64,15.16,60.40,80.51,-8.86,92.69,599.09,0.00,98.96,6.26,0.84,69.97,8342.00,8226.00,8881.00,0.10,3.54,46.90,92.69
Cube Highways,543899,CUBEINVIT,INE0NR623014,Transport Infrastructure,"Road AssetsToll, Annuity, Hybrid-Annuity",156.11,20982.27,3182.20,165.00,142.69,5.39,17664.71,,61.11,13184.78,0.46,134.84,-54.73,162.62,41.04,40.22,50.26,75.69,1338.71,27.30,4421.24,27.80,19.31,61.11,277.21,6.44,1.38,808.43,5.42,0.98,3802.95,2916.36,142.55,968.18,1.21,46.51,1455.88,9.67,813.91,-3656.92,500.10,2880.22,11.29,2.14,1126.63,,,,,,,813.91
Cummins India,500480,CUMMINSIND,INE298A01020,Industrial Products,"Compressors, Pumps & Diesel Engines",5200.00,144144.00,3378.68,6142.80,4957.82,15.35,36.51,51.00,609.30,2.54,594.21,624.80,-6.18,680.20,486.06,622.33,0.00,59.09,3683.18,16.18,12662.38,15.30,17.86,609.30,2439.50,39.50,30.24,14.45,17.78,9.25,1734.26,1682.59,4955.39,744.91,24.54,39.61,2510.29,16.37,2374.07,8419.72,2153.22,6561.75,41.72,17.01,3426.01,173450.00,161993.00,159665.00,21.19,19.06,8.65,2374.07
Cupid,530843,CUPID,INE509F01029,Personal Products,Personal Care,283.99,38187.02,150.43,299.00,144.41,5.02,56.38,46.24,44.16,194.01,15.02,36.26,21.79,76.10,32.87,24.12,8.03,277.91,203.20,125.25,483.64,116.02,142.49,44.16,137.41,33.46,27.30,188.13,28.13,178.09,46.12,-11.14,143.01,79.67,0.57,65.95,68.57,-2.02,186.45,316.38,74.87,385.44,198.91,84.70,156.99,295432.00,209610.00,99813.00,4.17,0.34,49.23,186.45
CWD,543378,,INE0H8H01019,Consumer Durables,Consumer Electronics,326.15,742.31,26.79,485.00,302.89,23.26,79.99,57.35,6.76,56.12,4.33,4.19,50.84,,,,0.00,66.75,,,146.83,346.29,293.56,6.32,11.12,17.98,12.98,343.03,5.98,-5.87,-48.35,2.75,302.65,,,58.37,27.26,-23.21,57.44,90.82,0.37,191.30,28.55,6.41,105.67,966.00,956.00,836.00,0.00,0.28,42.37,57.44
Cyient,532175,CYIENT,INE136B01020,IT - Services,IT Enabled Services,1047.70,11645.50,1068.20,2458.95,974.28,18.45,431.10,24.70,104.10,-32.31,153.80,68.85,65.95,141.89,97.20,142.90,0.00,28.57,1927.00,8.20,7632.10,3.19,21.26,108.70,407.55,12.28,8.61,-34.86,5.24,1.33,787.40,789.90,973.55,236.61,12.22,79.82,1314.20,10.51,1506.30,5626.30,457.40,4456.80,10.09,2.05,2075.70,226950.00,206248.00,209171.00,14.53,37.49,22.74,1506.30
Cyient DLM,543933,CYIENTDLM,INE055S01018,Aerospace & Defense,Aerospace & Defense,797.90,6334.00,163.29,883.80,492.29,0.80,172.27,52.11,16.29,118.36,7.46,22.44,-27.41,16.45,11.23,32.15,0.00,77.14,319.84,2.96,1356.86,-11.90,34.25,16.29,82.11,9.90,7.49,26.44,4.36,,53.90,-62.39,489.22,32.90,2.07,73.12,287.78,-5.68,125.80,932.74,30.23,1202.30,36.82,6.26,373.80,98926.00,104644.00,110618.00,0.24,29.19,18.45,125.80
D B Corp,533151,DBCORP,INE950I01011,Media,Print Media,203.71,3631.23,574.90,447.85,222.40,29.73,262.22,74.50,100.73,24.60,80.84,62.19,61.97,107.92,95.51,93.46,0.00,10.32,642.45,4.56,2399.81,3.95,7.92,100.73,351.89,18.28,14.31,5.37,16.68,0.74,365.21,414.32,222.59,141.08,6.05,37.33,1007.43,14.06,876.13,2250.56,67.35,1648.03,5.03,1.49,603.74,41178.00,40879.00,43259.00,11.85,4.24,9.41,876.13
D-Link India,533146,DLINKINDIA,INE250K01012,IT - Hardware,Computers Hardware & Equipments,443.80,1575.71,136.64,728.80,455.76,19.19,14.81,51.02,27.61,13.25,24.38,27.61,0.00,35.71,26.69,25.38,0.00,14.69,465.45,23.59,1672.50,20.48,30.50,27.61,107.29,25.89,18.14,2.15,6.04,2.38,14.89,89.96,455.88,38.24,10.06,48.52,80.85,14.84,66.09,498.58,136.25,623.32,9.95,3.12,456.96,73430.00,72775.00,72843.00,1.35,0.01,47.62,66.09
D.P. Abhushan,544161,DPABHUSHAN,INE266Y01019,Consumer Durables,"Gems, Jewellery And Watches",1506.10,3438.11,309.67,1927.80,1241.00,9.99,290.04,74.89,64.45,76.96,36.42,50.60,27.37,119.77,73.35,51.46,0.00,14.33,1476.42,52.58,4377.16,30.80,57.74,64.45,239.86,39.57,40.87,93.37,7.56,-35.44,-97.31,-18.93,1238.33,129.04,52.47,60.21,22.90,-6.81,25.75,609.78,12.50,1051.24,10.63,5.43,852.40,10316.00,9315.00,9234.00,0.23,0.00,24.88,25.75
Dabur India,500096,DABUR,INE016A01026,Personal Products,Personal Care,392.20,69574.59,3029.23,672.00,455.39,32.03,1287.32,66.24,590.88,14.98,513.91,368.60,61.92,488.52,553.61,444.79,0.00,35.07,3456.37,8.31,13552.38,7.40,10.57,586.16,1983.72,20.28,17.00,11.36,15.57,2.82,2578.62,1986.75,456.03,648.53,2.75,27.65,578.01,13.41,562.07,11242.15,8947.26,4290.49,22.30,6.09,3764.39,479265.00,469624.00,520024.00,9.66,18.60,5.37,562.07
Dalmia Bharat,500097,DALMIASUG,INE495A01022,Agricultural Food & other Products,Sugar,481.10,3893.99,510.15,606.38,360.87,7.48,1803.17,74.92,7.72,-80.34,39.26,104.47,-93.32,11.80,69.56,23.32,0.00,18.98,923.93,-6.55,3525.39,-5.24,-9.85,6.91,205.17,8.18,7.30,-43.56,0.81,1.01,219.42,409.84,359.66,75.34,1.46,66.18,310.95,-1.78,331.71,3226.23,1338.61,2312.50,10.96,1.20,848.19,46453.00,45646.00,43981.00,0.52,0.27,24.13,331.71
Dalmia BharatLtd,542216,DALBHARAT,INE00R701025,Cement & Cement Products,Cement & Cement Products,1898.00,35600.02,3199.00,2548.40,1899.82,23.97,7406.00,55.84,322.70,-15.27,380.86,395.28,-51.27,252.24,128.00,239.00,0.00,32.41,3650.66,6.84,15058.00,7.60,6.99,192.00,1098.42,7.59,6.11,19.02,8.47,1.27,2278.00,2117.00,1899.84,737.47,13.17,60.41,158.00,-0.49,224.00,17941.00,5878.00,3672.00,12.90,1.98,3890.00,72957.00,63680.00,76773.00,6.81,19.95,17.26,224.00
Dam Capital Advi,544316,DAMCAPITAL,INE284H01025,Capital Markets,Stockbroking & Allied,150.02,1060.43,120.89,456.90,173.43,47.55,3.32,40.00,0.15,-34.78,0.23,0.25,-40.00,,20.06,52.15,0.00,14.60,,,236.12,-5.21,-3.21,0.15,72.61,35.36,24.42,-29.92,0.50,2.06,37.11,47.23,173.67,,,49.63,243.53,-58.97,298.43,317.77,5.90,347.26,6.33,3.19,29.86,143847.00,144954.00,159171.00,0.99,7.86,51.14,298.43
Danish Power,,DANISH,INE0YU901016,Electrical Equipment,Heavy Electrical Equipment,800.80,1576.90,99.80,1316.00,811.09,26.86,2.17,73.62,41.17,9.23,37.69,29.31,40.46,,,,0.00,22.52,,,520.90,22.57,18.61,41.17,70.01,23.75,18.03,20.02,13.29,8.33,46.89,-20.30,811.19,,,46.36,124.97,-3.85,24.00,436.19,30.52,334.65,15.58,3.46,309.84,5919.00,6216.00,4891.00,0.27,4.01,22.11,24.00
Danlaw Tech.,532329,,INE310B01013,Industrial Manufacturing,Industrial Products,1691.25,823.75,40.36,2310.00,943.93,0.00,29.80,61.87,5.93,70.89,3.47,9.54,-37.84,9.50,4.48,5.50,0.00,32.37,83.61,27.50,280.90,24.10,34.60,5.93,25.45,27.22,26.06,34.51,8.04,6.14,20.62,10.12,936.42,12.08,19.50,79.78,22.36,11.01,26.58,94.85,0.00,133.48,19.13,8.26,73.72,7849.00,8268.00,8878.00,0.00,0.02,37.20,26.58
Data Pattern,543428,DATAPATTNS,INE0IX101010,Aerospace & Defense,Aerospace & Defense,4779.40,26756.98,379.74,5000.00,3735.48,4.41,5.27,42.41,22.06,-13.49,25.50,138.38,-84.06,116.68,58.30,49.19,0.00,99.00,427.59,39.07,941.47,33.81,16.81,22.06,270.26,21.92,15.24,25.98,19.01,65.80,80.15,-89.88,3724.99,133.83,20.84,57.85,126.40,-2.79,93.83,1724.77,328.85,1139.36,67.01,15.41,116.03,214100.00,200453.00,230210.00,12.50,11.98,33.11,93.83
Datamatics Glob.,532528,DATAMATICS,INE365B01017,IT - Services,IT Enabled Services,798.70,4720.83,427.68,1120.00,791.32,24.22,220.93,66.33,72.32,43.55,50.38,58.97,61.27,76.47,36.34,63.39,0.00,18.60,545.40,11.25,2033.50,13.17,9.91,72.36,253.79,20.81,16.45,38.73,14.08,1.81,323.99,223.72,791.24,104.66,12.93,36.55,227.96,13.35,153.47,1514.38,638.90,1123.03,10.44,3.06,513.91,48772.00,48119.00,51102.00,0.50,0.10,33.07,153.47
DC Infotech,543636,DCI,INE0A1101019,IT - Hardware,Computers Hardware & Equipments,402.80,660.59,37.25,475.00,289.31,15.20,87.07,62.20,4.71,16.30,4.05,5.79,-18.65,7.05,6.48,5.01,0.00,30.04,198.73,29.53,755.82,29.13,12.90,4.71,21.99,22.98,23.67,41.87,2.82,-5.22,-37.35,-3.80,288.17,10.05,4.30,73.28,23.36,-11.93,25.19,91.49,0.24,363.82,18.41,6.12,167.20,8851.00,9404.00,10338.00,1.16,0.00,36.63,25.19
DCB Bank,532772,DCBBANK,INE503A01015,Banks,Private Sector Bank,213.83,6888.51,6030.99,244.65,177.66,2.85,78669.71,16.22,213.20,35.57,157.26,205.65,3.67,308.02,184.74,183.91,0.00,8.75,2013.43,10.46,7575.21,11.48,9.41,213.20,787.50,7.40,11.96,22.81,10.74,0.41,6639.89,-441.00,177.30,1405.32,9.56,69.18,2507.48,2.64,3212.28,6213.09,20378.00,6542.24,13.57,1.05,1984.31,177116.00,181785.00,209881.00,13.48,32.28,38.03,3212.28
DCM Shriram,523367,DCMSHRIRAM,INE499A01024,Diversified,Diversified,1050.10,16375.50,1664.27,1502.30,1100.20,25.76,2923.17,66.53,618.37,445.40,113.38,345.26,87.01,192.93,212.64,158.72,0.00,11.95,3623.01,10.74,13840.48,11.05,9.27,693.44,1369.96,11.51,11.50,121.91,17.37,1.15,1233.80,1126.96,1100.70,369.90,12.36,53.89,986.08,0.40,854.43,7680.62,135.98,5501.44,10.65,2.12,3564.24,54377.00,55220.00,59672.00,3.89,8.45,20.44,854.43
DCM Shriram Intl,544702,DCMSIL,INE0OU201013,Textiles & Apparels,Other Textile Products,75.25,654.62,30.48,105.27,66.52,28.52,74.17,50.11,0.03,-99.07,3.22,1.14,100.16,,3.89,-2.63,0.00,269.39,,,445.53,-21.36,-4.93,0.03,2.43,3.57,2.75,-83.41,0.03,,38.59,50.61,66.43,,,45.93,35.91,,36.18,355.89,16.85,305.52,23.43,1.75,108.59,41791.00,43344.00,,1.20,12.55,36.04,36.18
DCW,500117,DCW,INE500A01029,Chemicals & Petrochemicals,Petrochemicals,46.78,1380.74,240.66,113.00,51.66,40.26,290.04,45.59,34.55,203.34,11.39,18.08,91.10,12.85,4.90,13.81,3.82,19.35,606.95,12.56,2209.99,11.82,13.97,34.55,71.34,9.69,4.57,104.88,6.38,0.49,277.97,190.75,51.71,54.16,0.44,55.64,215.09,11.09,204.33,1015.78,19.80,716.72,6.54,1.28,541.91,108567.00,107475.00,109256.00,6.11,0.05,48.25,204.33
DCX Systems,543650,DCXINDIA,INE0KL801015,Aerospace & Defense,Aerospace & Defense,176.11,1961.63,27.98,451.90,197.96,38.42,2.92,52.17,-8.66,-313.30,4.06,-0.30,-2786.67,-10.31,-2.43,-9.04,0.00,,100.08,-48.10,624.31,-46.54,-53.58,-8.66,-20.43,0.87,-0.53,-151.09,-8.40,-3.54,2.30,495.90,198.18,-6.96,-0.93,45.28,1003.50,0.12,764.84,1490.74,0.04,1613.96,109.66,1.30,103.13,160726.00,163978.00,155406.00,1.72,2.69,43.43,764.84
DDev Plastiks,543547,DDEVPLSTIK,INE0HR601026,Chemicals & Petrochemicals,Specialty Chemicals,276.25,2858.54,320.27,458.50,271.82,23.26,56.83,74.99,63.79,22.32,52.15,54.52,17.00,60.05,48.04,47.11,0.00,13.39,801.60,17.86,3168.10,15.32,28.63,63.79,213.46,31.00,21.84,9.35,6.45,2.24,84.51,137.20,271.78,76.01,5.80,47.67,42.99,5.55,43.38,1002.95,21.42,1070.51,8.40,2.82,989.45,33896.00,33725.00,37985.00,1.47,0.09,23.46,43.38
Dec.Gold Mines,512068,DECNGOLD,INE945F01025,Non - Ferrous Metals,Precious Metals,230.96,4589.21,-44.81,250.80,158.27,7.91,51.02,20.53,-6.61,73.23,-24.69,7.62,-252.36,,-22.19,-19.88,0.00,,,,14.40,158.53,57.89,-8.73,-34.52,-13.09,-14.09,63.91,-1455.00,-11.31,-52.33,-50.70,157.54,,,56.54,18.27,-19.49,12.24,476.16,191.82,105.56,-143.33,9.22,0.60,61047.00,52123.00,40274.00,2.14,0.53,76.80,12.24
Deccan Cements,502137,DECCANCE,INE583C01021,Cement & Cement Products,Cement & Cement Products,577.15,808.44,84.30,1183.95,658.69,51.25,752.69,56.24,-5.11,-133.29,15.35,-8.12,-160.17,-6.84,-0.56,9.07,0.00,,211.25,50.56,704.39,39.38,45.68,-2.84,-4.72,3.31,2.42,-123.53,-2.33,,75.57,-37.64,659.51,21.89,-4.88,58.95,144.37,,90.51,743.66,0.10,280.19,18.94,1.08,219.34,10778.00,10857.00,11529.00,14.65,0.85,28.25,90.51
DEE Development,544198,DEEDEV,INE841L01016,Industrial Manufacturing,Industrial Products,637.00,4792.75,207.85,760.00,475.25,16.18,705.41,65.13,16.15,22.35,13.20,26.35,-41.91,28.05,18.55,17.79,0.00,58.45,374.66,38.76,1212.70,40.01,31.60,16.08,81.99,10.92,9.33,52.85,5.46,13.37,19.55,-60.16,473.63,62.69,3.73,47.00,47.56,-9.89,84.37,821.12,0.00,1160.39,24.60,4.96,294.46,44179.00,50143.00,50039.00,4.67,14.16,16.04,84.37
Deep Industries,543288,DEEPINDS,INE0FHS01024,Oil,Oil Equipment & Services,664.65,4253.76,424.45,721.35,492.95,7.86,202.98,63.49,85.36,45.12,58.82,193.92,1334.63,103.26,71.35,71.22,0.00,10.26,321.76,45.58,970.14,48.75,39.81,89.14,414.75,16.47,19.19,132.59,31.96,1.94,270.09,209.95,491.23,128.22,15.45,58.51,51.26,1.49,52.78,1967.16,141.85,700.55,9.54,2.13,278.92,37020.00,37304.00,39019.00,1.47,1.53,33.50,52.78
Deepak Fertilis.,500645,DEEPAKFERT,INE501A01019,Chemicals & Petrochemicals,Commodity Chemicals,1479.30,18674.36,1768.18,1778.60,1369.69,12.01,5670.28,45.63,490.04,101.52,243.17,139.39,251.56,428.17,141.49,214.02,5.47,18.98,3487.83,16.04,12103.54,13.63,22.47,490.04,984.12,11.42,10.90,0.30,15.05,1.65,206.23,1879.66,1368.59,646.97,33.92,44.40,443.77,-1.97,536.22,6718.33,133.41,5904.95,11.33,2.73,3256.26,178847.00,196724.00,208392.00,10.02,14.69,29.68,536.22
Deepak Nitrite,506401,DEEPAKNTR,INE288B01029,Chemicals & Petrochemicals,Specialty Chemicals,1776.70,24232.95,1032.06,3169.00,1698.50,6.71,1637.72,49.34,345.02,207.50,112.20,219.74,56.94,255.59,99.82,118.75,0.00,30.59,2206.34,16.01,8574.79,7.12,36.39,345.01,792.24,11.37,9.82,30.54,13.38,2.76,538.95,624.70,1697.72,340.61,18.74,58.40,406.56,-4.90,269.01,5809.55,213.28,2875.39,18.54,4.15,2577.60,382905.00,396798.00,416258.00,6.24,23.76,20.65,269.01
Delhivery,543529,DELHIVERY,INE148O01028,Transport Services,Logistics Solution Provider,449.00,33637.60,1005.83,708.45,448.30,14.35,1462.57,0.00,31.91,-64.95,91.05,70.90,-55.93,-97.31,39.59,-50.50,0.00,282.01,3212.69,25.53,11145.04,23.10,27.76,31.91,119.28,2.82,1.87,-40.00,1.09,8.00,911.46,567.36,448.30,149.37,-1.30,38.50,335.97,-2.14,244.34,9612.09,2961.49,4977.15,35.28,3.47,2930.73,175609.00,167299.00,177546.00,41.93,43.07,15.00,244.34
Delta Corp,532848,DELTACORP,INE124G01033,Leisure Services,Amusement Parks/ Other Recreation,60.72,1625.91,173.93,401.60,68.42,37.52,48.98,34.46,94.16,219.62,29.46,20.63,-1392.22,17.40,14.28,25.10,0.00,10.55,164.69,-9.89,672.84,-9.24,-8.48,-212.57,154.17,5.08,3.52,3.33,55.86,1.02,135.00,49.36,68.50,30.77,0.65,44.72,90.73,-3.94,77.41,2224.91,281.86,296.27,9.94,0.72,168.55,340453.00,338725.00,364983.00,1.18,0.24,64.11,77.41
Den Networks,533137,DEN,INE947J01015,Entertainment,TV Broadcasting & Software Production,27.68,1320.96,212.91,256.00,29.43,25.89,20.04,74.90,36.71,-32.29,54.22,38.40,-5.05,-7.23,40.38,35.17,0.00,8.91,237.27,-1.72,975.78,-2.34,0.62,34.59,148.26,3.23,1.17,-28.98,14.25,1.49,-16.59,18.30,29.45,14.28,-0.15,48.71,1695.22,-0.43,3138.67,3308.04,209.80,3402.83,-6.46,0.35,242.77,147480.00,148675.00,163348.00,0.35,0.05,24.61,3138.67
Denta Water,544345,DENTA,INE0R4L01018,Other Utilities,Water Supply & Management,285.60,762.55,83.49,479.60,307.36,40.45,12.10,71.91,11.17,-39.78,18.55,9.11,22.61,19.96,14.31,18.93,0.00,14.25,76.56,3.09,241.76,9.36,-12.81,11.17,53.52,18.84,14.04,-8.17,19.04,-8.51,-34.50,-71.89,307.58,20.55,7.48,33.35,199.72,-6.14,91.45,432.29,70.93,375.88,9.24,1.66,58.66,42455.00,40910.00,39787.00,0.00,0.32,27.77,91.45
Devyani Intl.,543330,DEVYANI,INE872J01023,Leisure Services,Restaurants,149.36,18415.19,914.78,227.75,128.08,21.88,3833.15,61.37,14.65,277.58,3.88,-13.59,273.88,-15.26,-10.98,-23.95,0.00,,1593.01,15.71,5835.03,14.72,16.47,17.11,-7.77,4.75,-1.56,31.40,1.08,2.00,926.52,900.22,127.87,241.87,-0.11,71.77,181.37,7.82,494.80,1418.53,2.46,852.42,22.94,11.94,1580.52,252889.00,252963.00,245827.00,6.81,18.84,12.97,494.80
Dhabriya Poly.,538715,DHABRIYA,INE260R01016,Industrial Products,Plastic Products - Industrial,548.95,594.20,56.08,603.00,395.29,8.96,76.48,67.75,8.86,35.47,6.54,8.32,6.49,11.91,7.66,7.61,0.00,18.31,75.27,12.35,270.70,13.50,10.02,8.86,32.45,25.64,26.27,62.98,12.97,2.94,8.18,17.08,393.75,16.24,11.01,62.37,7.48,-0.41,6.43,118.77,0.01,119.99,11.17,4.59,68.31,7032.00,7235.00,7486.00,1.51,0.45,30.29,6.43
Dhampur Bio,543593,DBOL,INE0I3401014,Agricultural Food & other Products,Sugar,127.73,847.97,165.01,229.00,104.84,8.11,1060.46,50.78,-13.75,2.41,-14.09,38.41,-20.49,-11.82,16.90,-15.99,0.00,33.16,592.75,6.29,2036.48,7.92,8.21,36.79,25.57,4.98,2.61,1041.52,-2.58,0.92,219.86,129.57,104.61,19.91,-1.78,63.32,38.98,-1.30,36.16,960.25,2.37,1179.02,12.11,0.83,532.89,44537.00,45149.00,49005.00,0.29,0.82,47.08,36.16
Dhampur Sugar,500119,DHAMPURSUG,INE041A01016,Agricultural Food & other Products,Sugar,183.67,1181.12,196.68,528.44,142.75,8.13,899.15,49.86,6.03,609.41,0.85,45.64,-86.67,1.56,26.54,-7.82,0.00,16.81,505.41,0.24,1998.64,1.27,5.98,6.09,70.28,6.43,5.47,36.47,1.10,0.61,243.09,200.69,142.33,33.08,0.24,71.16,124.21,4.64,12.96,1133.06,263.57,1036.21,10.19,0.99,552.62,84980.00,86339.00,92063.00,1.95,1.14,47.05,12.96
Dhanlaxmi Bank,532180,DHANBANK,INE680A01011,Banks,Private Sector Bank,33.21,1310.79,1117.37,172.46,29.84,9.88,20262.76,0.00,24.91,104.52,12.18,43.49,-42.72,56.68,23.88,23.20,0.00,11.35,471.38,22.88,1683.08,21.80,22.19,24.91,115.48,5.81,7.16,33.01,5.54,0.52,631.49,-4.79,29.81,281.54,1.44,51.61,992.39,0.93,947.96,1118.51,4527.34,1704.28,17.58,0.87,449.36,163114.00,172047.00,181297.00,14.21,0.05,85.74,764.11
Dhanuka Agritech,507717,DHANUKA,INE435G01025,Fertilizers & Agrochemicals,Pesticides & Agrochemicals,985.20,4391.86,443.08,1975.00,1121.98,40.45,30.64,69.81,36.30,-34.59,55.50,97.77,-62.87,83.29,40.00,93.97,0.00,16.39,571.25,-4.51,1953.44,-5.62,-12.56,36.30,268.04,23.76,18.46,-11.70,7.86,2.11,196.20,262.66,1123.35,103.14,18.68,39.65,1.38,6.03,19.68,1672.86,371.25,1240.43,10.50,2.64,461.93,42508.00,38445.00,41813.00,1.64,18.71,9.83,19.68
Dharmaj Crop,543687,DHARMAJ,INE00OQ01016,Fertilizers & Agrochemicals,Pesticides & Agrochemicals,269.55,911.01,108.88,391.25,264.32,29.07,131.91,70.40,38.05,16.75,32.59,3.99,853.63,26.96,0.77,17.35,0.00,15.14,373.31,7.50,1154.68,8.61,4.55,38.05,60.16,16.45,12.97,14.90,9.91,5.48,27.69,38.68,264.27,37.63,7.98,51.34,3.16,-10.54,6.42,415.31,0.05,512.94,8.95,2.03,384.10,26567.00,27537.00,33427.00,3.13,0.50,25.97,6.42
Dhenu Buildcon,501945,,INE758D01027,Finance,Non Banking Financial Company (NBFC),5.78,3429.73,0.45,165.10,7.98,50.13,160.00,0.04,0.84,180.00,0.30,-2.05,131.70,,0.81,0.24,0.00,,,,1.61,403.12,283.87,0.84,-0.16,0.04,-0.23,-900.00,70.59,-68.32,-0.99,-19.82,8.00,,,13.42,0.02,-0.65,0.04,248.09,0.00,0.04,3042.11,4.08,1.19,1895.00,1895.00,1675.00,0.00,0.00,99.96,0.04
Dhoot Transmission,544867,DHOOTTRANS,INE01NH01023,Auto Components,Auto Components & Equipments,1575.55,32227.57,751.36,1673.50,1205.39,5.85,918.29,82.78,,,,,,,,,0.00,78.31,,,4524.96,31.35,,,411.54,24.36,24.01,16.26,,,347.66,320.21,1201.67,,,,52.79,-0.99,1095.85,2396.65,0.01,2619.89,42.66,,,746831.00,,,2.30,5.84,9.08,1095.85
Dhunseri Invest.,533336,DHUNINV,INE320L01011,Finance,Non Banking Financial Company (NBFC),1115.90,680.38,159.96,2699.00,1014.15,29.06,951.82,74.95,133.18,151.38,52.98,-4.97,5436.57,38.71,-1.18,-33.06,0.00,7.18,83.12,25.58,447.93,-12.41,39.82,193.78,94.81,3.24,0.66,9.03,74.83,0.40,136.98,65.11,1013.13,-29.49,43.63,71.33,223.32,-4.48,119.24,2736.37,3287.32,393.92,5.32,0.25,258.95,10178.00,10282.00,10739.00,0.10,0.04,24.91,119.24
Dhunseri Vent.,523736,DVL,INE477B01010,Industrial Products,Packaging,294.44,1031.13,289.20,558.70,264.25,23.52,951.82,75.00,174.29,136.29,73.76,24.36,615.48,-35.89,6.04,-13.26,0.00,5.40,80.81,16.73,443.46,-20.09,44.85,174.29,190.87,6.74,4.86,44.24,75.26,-1.11,-101.63,-378.33,263.94,-20.64,-10.25,70.68,217.08,-11.66,109.70,3252.54,3096.82,232.29,6.01,0.31,231.59,23040.00,23601.00,25382.00,0.55,1.73,22.70,109.70
Diamond Power,522163,DIACABS,INE989C01038,Electrical Equipment,Other Electrical Equipment,338.30,20232.74,202.17,379.00,205.71,10.74,2459.59,84.02,57.09,197.81,19.17,57.21,6.69,71.76,46.00,25.19,0.00,109.08,940.71,111.25,2348.19,96.48,132.98,57.09,185.49,24.20,,396.76,8.07,-4.35,-12.15,80.55,204.38,91.67,1.20,55.42,12.64,-1.32,46.03,-667.26,3.00,924.54,91.72,,707.31,64103.00,52727.00,48474.00,1.77,0.23,13.98,46.03
DIC India,500089,DICIND,INE303A01010,Chemicals & Petrochemicals,Printing Inks,601.95,552.53,45.70,839.90,533.63,4.60,3.27,71.75,14.27,227.29,4.36,4.24,236.56,10.26,4.56,5.87,0.00,18.01,260.13,16.56,979.57,11.71,25.38,14.27,30.68,6.42,4.51,97.17,5.03,2.34,42.78,16.38,532.95,15.67,11.18,69.50,39.27,1.23,64.65,435.07,0.12,583.26,8.76,1.24,283.95,6260.00,6337.00,6374.00,0.00,0.00,28.24,15.38
Diffusion Eng,544264,DIFFNKG,INE184O01015,Industrial Products,Other Industrial Products,388.80,1455.13,72.09,489.96,341.58,14.34,28.62,69.76,16.61,36.26,12.19,15.99,4.45,12.52,12.01,10.17,0.00,26.32,111.07,32.91,436.07,26.44,36.49,16.68,55.28,15.78,12.39,35.46,15.15,7.85,22.79,8.62,341.11,15.11,3.33,46.55,127.05,-1.52,97.56,367.63,42.99,323.69,17.33,3.59,110.11,21849.00,22256.00,22455.00,0.72,8.42,20.31,97.56
Digilogic Systems,544684,,INE1OOT01028,Aerospace & Defense,Aerospace & Defense,195.45,565.85,16.66,214.80,113.12,9.01,4.06,64.26,8.53,,,1.61,429.81,,,,0.00,55.48,,,77.43,7.45,,8.53,10.20,18.72,14.44,31.44,14.40,38.30,12.63,-10.51,112.29,,,66.23,1.26,-4.06,34.16,102.30,0.00,89.89,32.16,5.23,59.25,976.00,,,2.40,17.39,14.97,34.16
Digitide Solutio,544413,DIGITIDE,INE0U4701011,IT - Services,IT Enabled Services,101.83,1518.40,351.38,279.69,114.64,54.13,530.84,57.33,-1.89,-122.85,8.27,-3.34,158.48,,-2.05,2.91,0.00,1343.72,,,3119.51,-5.77,5.35,2.93,1.13,10.26,-0.74,-104.73,0.38,,262.51,368.44,114.77,,,54.80,184.41,,197.78,689.11,60.65,938.11,5.22,1.81,775.07,81384.00,85011.00,111616.00,7.08,11.30,24.29,197.78
Dilip Buildcon,540047,DBL,INE917M01012,Construction,Civil Construction,413.90,6723.59,2281.16,1248.35,443.62,29.60,8041.43,63.14,112.92,-1.98,115.21,60.90,3.38,25.34,788.98,214.07,14.16,12.04,1598.73,-16.99,8741.38,-19.08,-9.26,128.01,558.63,13.32,10.29,21.88,5.38,0.39,1204.20,131.00,443.92,324.56,1.38,43.29,1158.34,-16.49,327.52,6666.66,1557.02,9402.07,7.14,0.98,2377.78,59900.00,61010.00,64301.00,1.99,6.12,28.75,327.52
Disa India,500068,DISAQ,INE131C01011,Industrial Manufacturing,Industrial Products,11974.00,1741.27,80.94,20900.00,12317.09,18.51,0.00,74.82,10.58,-18.87,13.04,13.18,-19.73,13.87,15.20,12.20,0.00,32.47,103.85,0.14,410.29,3.51,-14.52,10.58,53.63,26.63,19.66,2.90,12.14,4.38,13.21,33.16,12320.54,15.50,95.37,52.06,210.15,5.45,215.59,303.69,0.00,371.63,19.52,5.71,87.16,4735.00,4668.00,4566.00,0.02,8.31,16.86,215.59
Dish TV India,532839,DISHTV,INE836F01026,Entertainment,TV Broadcasting & Software Production,2.75,506.35,22.50,144.05,3.60,54.09,18.74,4.23,-286.30,-202.87,-94.53,-230.47,5.81,-192.09,-276.23,-132.65,11.16,,224.47,-22.90,1099.08,-23.76,-19.29,-286.30,-855.65,,,-248.87,-107.70,0.07,71.20,409.98,3.61,-37.19,-1.04,38.88,160.40,-0.69,146.46,-4226.72,11.56,475.17,-2.39,,265.83,357435.00,359479.00,377590.00,7.80,2.50,85.48,146.46
Dishman Carbogen,540701,DCAL,INE385W01011,Pharmaceuticals & Biotechnology,Pharmaceuticals,175.27,2747.94,621.57,396.55,198.30,45.56,3076.06,59.32,-56.41,-327.64,24.78,22.25,-366.24,-8.93,-12.97,65.27,0.00,151.49,682.05,4.50,2901.49,0.20,-4.29,-57.88,18.14,3.15,1.58,-84.73,-8.32,0.59,491.45,375.23,198.53,110.74,-0.57,42.54,507.03,1.71,991.21,6645.54,91.45,2842.10,9.04,0.41,677.64,49430.00,49009.00,49744.00,6.86,2.06,31.76,991.21
Divgi Torq,543812,DIVGIITTS,INE753U01022,Auto Components,Auto Components & Equipments,1175.90,3596.25,92.30,1318.80,816.35,10.84,1.77,60.56,25.24,182.64,8.93,15.48,63.05,23.00,11.77,10.75,0.00,56.87,152.45,83.75,418.35,76.99,91.32,25.24,63.24,10.21,7.62,131.14,18.40,7.17,41.08,35.21,812.74,34.45,7.52,59.01,284.83,-2.13,294.52,620.17,0.05,450.23,28.76,5.66,137.14,17929.00,18093.00,20784.00,1.86,26.16,11.42,294.52
Divi's Lab.,532488,DIVISLAB,INE361B01024,Pharmaceuticals & Biotechnology,Pharmaceuticals,9025.00,239585.39,3949.00,9043.00,6873.77,0.20,7.00,51.88,902.00,65.50,545.00,751.00,20.11,1009.03,583.00,689.00,0.00,80.42,3216.80,18.48,11230.00,16.35,27.80,902.00,2979.27,21.97,16.53,29.20,29.29,9.56,2738.00,1653.00,6852.15,1156.17,38.01,78.03,3715.00,1.46,3414.00,16708.00,69.00,11096.00,53.45,14.29,3080.00,226324.00,228006.00,259825.00,20.19,19.29,8.53,3414.00
Divine Power,,DPEL,INE0SCO01019,Industrial Products,Cables - Electricals,566.10,1413.27,52.54,599.00,426.77,5.49,155.61,63.20,18.88,,,7.83,141.12,,,,0.00,52.91,,,625.96,,,18.88,26.71,,20.69,,5.45,,-24.75,,425.37,,,51.93,,,6.99,104.13,0.07,247.00,29.73,10.95,346.47,1160.00,938.00,979.00,0.01,0.00,36.79,6.99
Dixon Technolog.,540699,DIXON,INE935N01020,Consumer Durables,Consumer Electronics,14735.00,90092.93,2601.01,19149.80,12903.07,20.23,994.22,28.55,663.42,194.89,224.97,256.41,140.91,431.54,320.56,745.70,0.00,48.00,16973.73,14.26,51584.80,14.34,21.13,717.83,1877.09,41.97,37.43,118.75,4.62,7.98,1782.29,1149.75,12884.66,594.96,65.23,60.61,263.53,6.30,941.06,4664.51,1006.84,13515.39,28.98,19.16,15547.66,470189.00,470326.00,408369.00,17.87,28.38,25.20,941.06
DLF,532868,DLF,INE271C01023,Realty,"Residential, Commercial Projects",672.50,166464.71,3064.70,1225.00,649.68,15.39,305.89,74.08,793.90,4.09,762.67,1240.95,-37.42,155.34,1203.36,1180.09,0.00,38.69,1241.51,-24.44,6757.66,-27.71,-52.87,793.90,4302.84,6.32,9.50,1.63,62.01,3.44,6347.38,5235.22,649.45,200.09,0.63,54.33,4338.08,10.49,7746.40,44978.31,21692.19,38849.28,54.51,3.66,1280.34,500743.00,506572.00,483029.00,12.31,8.03,5.56,7746.40
DMCC Speciality,506405,DMCC,INE505A01010,Chemicals & Petrochemicals,Specialty Chemicals,285.90,713.03,64.27,479.45,268.12,14.12,110.25,53.84,20.41,163.35,7.75,7.66,166.45,16.32,6.16,5.75,0.00,17.83,211.58,67.90,707.47,49.59,99.17,20.41,39.98,14.78,11.49,43.30,8.07,2.04,-17.91,38.00,267.94,24.97,6.54,52.34,5.66,2.69,3.75,222.76,1.59,215.82,9.96,2.88,252.99,18906.00,18175.00,22128.00,0.15,1.50,44.50,3.75
Dodla Dairy,543306,DODLA,INE021O01019,Food Products,Dairy Products,1094.00,6599.86,348.21,1525.00,1126.87,27.07,56.99,58.92,40.64,-35.36,62.87,66.61,-41.72,58.37,68.74,65.67,0.00,26.68,1183.98,16.21,4316.27,13.13,18.98,40.64,247.35,16.72,16.45,-4.05,3.39,2.30,294.86,519.79,1127.20,83.36,9.68,51.08,101.59,9.27,237.94,1613.75,411.41,442.35,18.45,3.94,1197.94,33213.00,33649.00,37798.00,6.08,25.85,9.16,237.94
Dolat Algotech,505526,DOLATALGO,INE966A01022,Capital Markets,Stockbroking & Allied,74.58,1312.61,205.06,186.50,76.99,22.12,283.71,74.49,53.82,38.68,38.81,46.72,15.20,13.85,38.89,4.51,0.00,9.12,40.65,18.40,333.56,-13.02,37.37,53.82,143.94,16.32,12.09,-21.16,47.11,2.61,55.25,-42.70,77.02,24.99,0.79,60.52,10.79,0.97,7.94,1112.72,82.24,648.77,6.95,1.16,114.25,56351.00,58239.00,63420.00,0.05,0.00,25.46,7.94
Dollar Industrie,541403,DOLLAR,INE325C01035,Textiles & Apparels,Garments & Apparels,270.90,1536.44,203.00,665.70,295.62,31.59,263.95,72.58,24.46,24.67,19.62,31.41,-22.13,43.12,19.21,35.49,0.00,13.90,499.90,6.30,1850.02,6.08,1.36,24.46,110.57,13.64,11.52,17.60,6.29,1.72,137.17,86.42,295.87,59.11,7.60,50.47,0.40,1.07,0.22,944.51,22.40,1179.51,8.62,1.61,389.07,27915.00,26095.00,28173.00,2.55,0.62,24.26,0.22
Dolphin Offshore,522261,DOLPHIN,INE920A01037,Oil,Offshore Support Solution Drilling,613.30,2453.48,89.80,948.75,420.71,8.46,203.21,74.99,14.81,30.71,11.33,28.33,-47.72,25.47,13.27,15.61,0.00,34.07,53.25,116.30,142.83,73.95,160.64,14.81,72.02,14.92,21.90,43.29,34.56,18.15,45.34,10.47,418.78,36.44,6.37,77.69,8.42,-12.00,9.96,349.43,33.79,248.83,26.59,6.94,42.85,13344.00,13892.00,13526.00,4.57,0.31,20.13,9.96
DOMS Industries,544045,DOMS,INE321T01012,Household Products,Stationary,2204.00,13375.71,420.97,3115.00,2330.14,20.43,141.26,63.38,44.49,-22.33,57.28,56.74,-22.20,76.64,61.41,60.86,0.00,61.53,677.69,19.33,2434.59,19.94,19.25,45.28,217.40,24.32,20.69,4.63,6.75,6.34,254.34,183.33,2331.41,104.77,12.41,41.67,225.37,-0.94,61.79,1159.04,1.50,639.35,33.26,10.97,670.51,60383.00,57685.00,69946.00,7.50,25.91,3.20,61.79
Dr Agarwal's Eye,526783,DRAGARWQ,INE934C01018,Healthcare Services,Hospital,5246.00,2535.30,151.13,7300.00,4987.15,17.93,326.13,72.67,23.38,35.46,17.26,16.24,43.97,28.34,17.28,19.32,7.67,33.26,142.48,21.03,496.92,20.01,22.28,23.38,76.22,17.36,25.22,31.87,16.35,2.23,145.14,94.48,4984.55,44.63,58.65,51.04,12.17,3.22,6.71,341.47,89.06,136.54,18.02,7.32,142.97,22954.00,24036.00,35976.00,2.24,2.05,23.03,6.71
Dr Agarwal's Hea,544350,AGARWALEYE,INE943P01029,Healthcare Services,Hospital,498.55,15805.34,614.01,568.00,469.95,12.23,1066.20,32.34,45.23,50.52,30.05,39.02,10.13,65.31,43.63,36.49,0.00,107.03,617.72,23.87,2206.68,22.94,25.97,55.02,147.68,11.12,6.81,43.47,8.96,3.90,518.99,360.33,469.66,170.63,1.69,48.46,258.13,2.38,129.22,1993.78,152.34,572.97,25.77,7.80,614.02,42492.00,43538.00,63021.00,57.97,7.72,1.97,129.22
Dr Lal Pathlabs,539524,LALPATHLAB,INE600L01024,Healthcare Services,Healthcare Service Provider,1937.30,32517.35,876.36,2122.75,1608.36,2.62,198.99,53.19,169.50,28.02,132.40,131.30,28.97,195.80,91.40,152.20,0.00,57.84,847.60,16.01,2890.80,14.29,19.10,170.50,562.23,28.00,22.30,9.57,21.37,4.92,635.61,568.89,1605.06,253.07,11.60,63.49,838.68,19.03,909.54,2340.58,422.59,1143.90,33.74,12.94,797.70,111037.00,114527.00,118656.00,17.35,21.59,7.48,909.54
Dr Reddy's Labs,500124,DRREDDY,INE089A01031,Pharmaceuticals & Biotechnology,Pharmaceuticals,1182.00,98658.68,7570.60,1421.49,1249.67,16.46,7734.10,26.63,444.30,-68.67,1418.10,220.90,96.84,677.84,1189.60,1336.80,0.00,30.62,8530.31,-3.38,33227.90,-0.87,-5.51,435.60,3222.20,13.04,11.22,-43.28,5.38,1.68,5673.70,4642.80,1250.35,1351.84,8.12,45.91,2460.20,4.13,3348.70,37808.00,5284.80,26356.00,15.67,2.60,8099.80,446086.00,449665.00,451929.00,20.67,31.75,20.76,3348.70
Dredging Corpn.,523618,DREDGECORP,INE506A01018,Engineering Services,Dredging,1131.10,3167.08,253.46,1457.95,984.82,12.05,1105.53,73.47,11.24,148.18,-23.33,86.91,-87.07,-9.86,-24.63,-34.18,0.00,80.51,249.15,17.64,1321.53,7.13,46.73,11.24,39.34,4.28,0.39,205.92,3.16,1.59,142.40,111.95,983.35,40.29,-3.52,54.91,48.14,-10.39,143.34,1216.55,0.00,990.85,15.62,2.54,355.43,49078.00,48530.00,48128.00,1.03,6.68,18.79,80.19
Dwarikesh Sugar,532610,DWARKESH,INE366A01041,Agricultural Food & other Products,Sugar,53.75,996.00,93.98,148.45,43.30,10.27,336.46,42.15,-25.73,-174.31,-9.38,57.41,-144.82,-22.34,15.44,-32.62,0.00,68.69,229.93,-6.51,1354.61,-4.81,-11.68,-25.73,14.50,4.62,3.77,-38.77,-7.18,0.47,129.12,60.68,43.20,-11.47,-1.21,70.95,82.97,3.59,15.62,810.18,0.57,759.83,20.00,1.20,358.13,169888.00,171993.00,185463.00,1.01,0.75,55.95,15.62
Dynacons Sys.,532365,DSSL,INE417B01040,IT - Services,IT Enabled Services,1073.50,1367.33,151.50,1925.65,1158.20,44.25,236.54,60.89,19.56,-0.25,19.61,19.13,2.25,30.57,23.45,22.58,0.00,16.14,384.07,9.04,1405.17,10.25,-5.32,19.56,84.72,29.73,31.06,13.95,6.29,3.94,45.63,64.11,1159.05,43.73,24.00,31.10,104.26,4.93,111.23,302.32,0.88,777.36,9.31,4.34,311.19,41418.00,43055.00,41931.00,1.08,0.28,37.74,111.23
Dynamatic Tech.,505242,DYNAMATECH,INE221B01012,Industrial Manufacturing,Industrial Products,11510.00,7816.95,215.51,12875.00,9955.72,10.60,637.89,41.50,20.79,93.04,10.77,17.84,65.53,19.72,5.77,3.31,0.00,133.42,462.18,17.79,1675.22,17.28,14.53,20.79,58.59,10.21,6.67,38.12,4.89,5.43,95.34,144.33,9940.10,56.20,31.09,59.25,45.90,3.19,67.65,786.73,0.33,925.13,37.19,9.20,424.81,25288.00,26206.00,19403.00,10.26,15.86,32.38,67.65
Dynamic Cables,540795,DYCL,INE600Y01019,Industrial Products,Cables - Electricals,458.90,2223.77,134.04,547.51,362.66,3.39,43.09,68.18,24.95,37.01,18.21,24.17,3.23,31.21,22.42,19.64,0.00,24.39,341.50,21.29,1284.89,19.10,33.22,24.95,91.18,26.21,19.92,27.67,7.15,4.22,61.59,56.32,361.69,37.36,6.44,61.01,31.87,1.17,28.21,408.78,30.62,514.27,15.35,4.86,349.10,51019.00,48957.00,45876.00,0.67,0.98,30.17,28.21
E2E Networks,544783,E2E,INE255Z01027,IT - Services,IT Enabled Services,613.05,12602.16,160.27,698.00,371.83,12.17,159.08,39.45,43.88,1645.07,-2.84,6.44,581.37,-19.56,-5.70,-13.46,0.00,404.43,152.32,247.77,366.22,130.70,334.12,43.88,31.16,-0.51,-0.95,-9.71,27.99,16.01,122.06,88.47,369.40,88.80,-0.95,58.44,1356.94,-24.32,365.93,1664.50,0.00,608.48,46.94,7.48,156.76,86433.00,68946.00,50655.00,1.27,6.07,53.15,365.93
Easy Trip Plann.,543272,EASEMYTRIP,INE07O001026,Leisure Services,"Tour, Travel Related Services",6.14,2446.58,21.11,36.75,7.69,42.08,35.45,43.56,-11.41,-964.39,1.32,-13.58,24.14,-11.01,3.41,-36.04,5.97,,128.40,8.50,556.62,1.48,18.38,-11.69,-15.39,0.63,-0.71,-120.20,-8.68,7.38,-4.07,111.82,7.71,-5.65,-0.03,37.05,143.28,1.65,86.94,437.65,172.48,682.68,297.90,2.79,134.71,991281.00,1015650.00,1089618.00,5.95,1.99,48.49,86.94
eClerx Services,532927,ECLERX,INE738I01010,Commercial Services & Supplies,Business Process Outsourcing (BPO)/ Knowledge Process Outsourcing (KPO),1944.00,18283.46,1141.74,2497.50,1745.83,22.16,384.95,54.53,164.34,15.99,141.68,189.36,-13.40,243.03,191.81,183.46,0.00,25.08,1240.62,23.46,4334.83,23.20,23.31,164.24,728.87,34.42,28.36,27.61,14.25,2.45,873.47,654.62,1743.84,312.30,25.84,61.83,739.13,20.86,737.99,2469.37,307.85,2106.20,14.93,7.14,1152.36,74342.00,67142.00,66300.00,11.01,23.84,8.43,737.99
Eco Recyc.,530643,ECORECO,INE316A01038,Other Utilities,Waste Management,456.95,881.76,33.34,1215.10,474.07,30.22,5.85,73.35,8.67,11.15,7.80,7.65,28.43,12.30,2.05,5.60,0.00,36.71,23.87,65.51,55.13,31.89,75.22,9.17,24.02,29.97,23.29,5.35,56.64,8.04,12.90,16.89,474.24,13.35,6.02,42.23,2.92,1.14,13.43,91.32,11.84,71.71,24.32,7.97,16.19,37205.00,36876.00,33207.00,0.25,0.19,26.21,13.43
Ecos (India),544239,ECOSMOBLTY,INE06HJ01020,Transport Services,Road Transport,111.62,669.72,105.22,593.70,160.71,62.11,7.78,67.79,14.53,9.33,13.29,15.74,-7.56,19.31,13.94,14.61,0.00,11.39,256.24,19.62,838.41,22.18,16.70,14.55,58.82,30.32,23.66,-1.79,6.88,1.08,68.22,75.16,161.20,28.32,3.21,30.44,26.29,16.80,31.17,252.94,106.51,342.42,6.09,2.53,211.37,50170.00,50145.00,50054.00,1.01,12.62,18.57,31.17
Edelweiss.Fin.,532922,EDELWEISS,INE532F01054,Finance,Holding Company,127.47,12065.44,3561.25,202.63,114.89,4.80,18595.00,32.26,122.22,83.05,66.77,87.60,1.83,147.92,270.36,175.45,6.68,19.16,2614.12,40.48,10507.90,13.98,3.69,134.37,629.70,14.10,13.52,54.83,5.77,0.34,897.24,2051.75,114.76,742.32,1.42,60.57,5240.68,7.59,3479.86,4528.47,19881.35,8114.74,7.89,2.61,2328.50,352071.00,375474.00,261894.00,19.47,7.25,41.01,3479.86
EFC (I),512008,EFCIL,INE886D01026,Commercial Services & Supplies,Diversified Commercial Services,205.74,3043.84,485.38,367.94,217.45,38.90,1405.92,56.08,69.00,58.91,43.42,69.40,2.89,98.86,62.42,56.72,0.00,11.84,352.89,38.61,1099.94,42.05,28.80,70.85,257.14,19.85,34.30,60.33,25.05,8.16,55.97,133.68,217.57,155.01,6.51,65.09,141.22,0.48,88.29,779.80,0.00,736.20,8.49,3.77,282.88,25889.00,24347.00,21021.00,1.26,8.88,33.78,88.29
Effwa Infra,,EFFWA,INE0U9101019,Other Utilities,Waste Management,331.00,766.17,42.10,399.95,286.48,17.24,38.00,73.03,18.47,20.33,15.35,10.14,82.15,,,,20.45,26.77,,,253.29,36.82,31.25,18.47,28.62,29.26,26.21,42.32,11.33,122.59,29.43,-31.24,286.03,,,35.17,26.06,0.57,43.29,100.35,0.00,177.67,18.07,6.20,163.09,2202.00,2367.00,2518.00,0.01,3.51,23.45,43.29
Eicher Motors,505200,EICHERMOT,INE066A01021,Automobiles,2/3 Wheelers,8035.00,220578.19,8070.88,8232.80,7240.97,2.40,513.95,49.03,1462.51,21.35,1205.22,1519.95,-3.78,1601.37,1420.61,1369.45,0.00,37.92,7818.56,26.69,24998.14,28.07,31.55,1462.51,5816.45,30.53,23.96,20.22,22.05,5.23,4804.84,3979.92,7232.99,1913.57,58.33,59.40,263.01,13.23,256.04,25072.72,17495.94,6722.28,26.02,8.78,6632.42,283648.00,280399.00,254118.00,25.52,15.97,9.40,256.04
EID Parry,500125,EIDPARRY,INE126A01031,Food Products,Other Food Products,796.35,14171.50,3652.58,1246.80,839.67,32.28,3528.07,41.28,141.60,-42.50,246.28,13.82,208.47,764.96,437.00,766.16,0.00,17.45,13087.36,12.58,38836.49,15.65,3.41,311.50,811.98,16.96,7.85,-9.58,3.45,0.70,1541.51,1936.39,840.10,1173.60,19.54,52.81,3691.01,4.65,1308.52,8748.33,2476.56,16716.78,4.45,1.62,9017.52,124851.00,112287.00,118705.00,11.21,16.67,30.84,1308.52
EIH,500840,EIHOTEL,INE230A01023,Leisure Services,Hotels & Resorts,303.50,18979.80,1245.27,566.00,330.47,30.20,252.42,32.85,117.14,-1.91,119.42,237.62,-51.70,153.43,254.75,116.56,0.00,26.14,658.05,10.05,3023.01,8.34,14.54,120.31,726.07,20.67,14.48,-7.56,18.31,2.43,992.93,825.08,330.74,192.14,2.39,42.05,912.13,7.14,933.96,5137.21,655.96,1377.75,14.59,3.61,656.96,121473.00,120134.00,128188.00,6.65,13.78,46.73,933.96
EIH Assoc.Hotels,523127,EIHAHOTELS,INE276C01014,Leisure Services,Hotels & Resorts,301.95,1839.97,138.43,544.95,327.33,30.64,4.29,75.00,6.89,-3.77,7.16,37.63,-81.69,5.89,40.59,2.77,0.00,20.52,54.54,-6.49,380.97,-7.64,-4.02,6.89,89.68,21.16,15.81,-9.34,10.44,1.77,100.42,108.75,327.59,8.84,0.97,48.03,69.94,9.67,21.52,541.47,194.62,65.25,13.26,3.05,65.98,25637.00,25274.00,24486.00,13.65,0.00,11.35,21.52
Eimco Elecon(I),523708,EIMCOELECO,INE158B01016,Industrial Manufacturing,Industrial Products,2205.60,1272.63,55.28,3499.00,1776.51,7.34,4.35,48.96,15.38,6.22,14.48,6.36,141.82,4.74,12.52,5.35,0.00,32.13,37.43,12.61,240.70,-1.49,14.73,15.38,39.61,10.29,7.81,-18.50,19.84,7.98,22.11,33.28,1772.20,6.62,8.22,70.38,1.75,-0.21,0.79,461.74,204.54,193.13,20.72,2.72,77.52,17825.00,18122.00,12020.00,3.25,0.98,46.81,0.79
Elantas Beck,500123,ELANTAS,INE280B01018,Chemicals & Petrochemicals,Specialty Chemicals,11563.00,9166.78,220.12,14980.00,9869.50,12.40,0.00,75.00,70.86,80.35,39.29,31.08,127.99,56.40,39.37,36.26,0.00,51.62,263.21,21.55,937.31,17.66,34.99,70.86,177.57,21.21,15.73,33.54,25.00,8.43,127.11,63.22,9852.48,63.26,71.14,60.46,153.39,4.83,69.11,1096.02,641.62,1024.26,34.90,8.30,283.39,9155.00,9307.00,8754.00,0.05,12.28,12.67,76.60
Elcid Investment,503681,ELCIDIN,INE927X01018,Finance,Investment Company,109000.00,2180.00,129.12,332399.95,116107.33,24.57,0.00,75.00,57.57,-18.48,70.62,-41.22,239.67,,47.38,31.74,0.00,22.83,,744.67,115.39,-8.11,-20.20,57.57,95.47,1.43,1.21,8.91,78.44,2.57,69.65,94.10,116178.76,,,40.57,2.33,0.81,2.32,8673.25,9954.74,5.16,19.68,0.25,73.39,2621.00,2616.00,2833.00,0.00,0.06,24.95,2.32
Eldeco Housing,523329,ELDEHSG,INE668G01021,Realty,"Residential, Commercial Projects",799.55,786.20,41.52,1175.00,818.43,24.64,154.18,54.83,15.11,382.75,3.13,4.85,211.55,11.10,13.67,2.63,0.00,21.68,51.37,55.44,185.31,38.86,71.04,15.11,36.26,7.72,6.20,117.78,30.79,48.98,104.11,-6.94,818.62,12.09,11.29,51.93,122.72,-1.96,261.23,397.65,0.31,1034.28,12.41,1.97,49.07,3678.00,3671.00,4154.00,0.82,0.62,43.72,261.23
Elecon Engg.Co,505700,ELECON,INE205B01031,Electrical Equipment,Heavy Electrical Equipment,425.30,9543.73,600.54,739.10,481.59,33.02,272.65,59.28,70.35,-34.57,107.52,72.28,1072.50,88.46,71.99,87.72,0.00,31.57,588.62,1.81,2396.04,3.05,6.11,70.35,302.34,20.86,16.43,-32.70,13.51,2.33,314.22,425.41,482.16,124.39,3.94,40.31,358.44,12.87,212.64,2283.41,742.75,1360.33,16.60,4.14,520.56,116624.00,122574.00,115501.00,6.99,7.18,26.52,212.64
Electronics Mart,543626,EMIL,INE02YR01019,Retailing,Diversified Retail,184.54,7100.15,446.40,262.00,128.44,6.25,1996.98,65.17,120.64,351.33,26.73,36.83,203.65,65.05,29.65,16.14,0.00,36.20,1989.59,25.06,7862.82,20.15,39.07,120.64,196.12,8.14,6.50,77.81,4.99,3.17,443.71,175.79,127.87,143.91,1.69,68.10,30.53,1.28,49.75,1241.39,0.00,1679.47,15.69,4.37,2418.95,104678.00,109259.00,114132.00,4.77,20.89,9.16,49.75
Electrost.Cast.,500128,ELECTCAST,INE086A01029,Industrial Products,Iron & Steel Products,77.65,4800.20,557.08,236.65,80.72,25.30,1561.06,50.14,48.32,-45.74,89.05,15.98,202.50,8.08,-21.87,78.29,10.54,30.17,1216.01,-12.88,5785.91,-15.73,-8.48,48.37,159.09,5.00,3.04,-72.22,3.39,0.74,1146.63,480.45,80.76,72.13,0.13,65.15,205.63,7.84,332.70,5861.50,577.78,4170.25,11.72,0.81,1425.57,179894.00,176913.00,182189.00,12.80,0.37,36.47,332.70
Electrotherm(I),526608,ELECTHERM,INE822G01016,Industrial Products,Iron & Steel Products,1038.30,1323.09,47.87,1455.00,926.29,18.78,1063.55,29.86,6.93,-75.03,27.75,9.27,-49.16,-11.88,-35.42,-21.62,7.88,,813.36,-0.11,3771.42,-3.05,9.51,6.93,-40.84,0.45,,-116.93,0.76,0.40,351.16,328.68,925.17,1.67,-9.32,52.12,72.26,26.46,91.39,-166.62,8.25,1122.38,231.84,,913.38,8907.00,9635.00,8703.00,9.28,0.78,60.09,91.39
Elgi Equipments,522074,ELGIEQUIP,INE285A01027,Industrial Products,"Compressors, Pumps & Diesel Engines",617.55,19570.72,660.40,799.00,549.82,4.11,533.10,31.19,108.71,27.00,85.60,128.00,-19.30,134.91,95.20,121.40,0.88,42.18,1136.66,17.42,4146.20,15.94,22.56,103.30,463.99,22.07,19.00,27.86,10.23,5.74,453.50,390.90,549.14,166.35,4.26,56.61,874.50,11.38,718.00,2200.20,164.60,2367.90,26.29,8.77,1062.20,89318.00,89695.00,76951.00,21.90,10.12,36.30,718.00
Elitecon Inter.,539533,ELITECON,INE669R01026,Cigarettes & Tobacco Products,Cigarettes & Tobacco Products,12.39,1980.54,71.61,422.65,50.94,96.41,375.99,59.43,103.57,676.39,13.34,101.88,-11.63,,72.08,42.97,0.00,6.18,,,4771.38,,1750.04,103.57,320.50,,43.47,,5.95,,-0.03,,51.33,,,20.16,,,2.67,185.86,0.00,1792.78,5.63,5.73,1741.26,79969.00,68751.00,17461.00,36.43,0.00,4.14,10.94
Ellen.Indl.Gas,544421,ELLEN,INE236E01022,Chemicals & Petrochemicals,Industrial Gases,321.25,4527.56,166.27,651.40,303.07,42.61,184.42,77.15,34.96,86.85,18.71,22.88,52.80,27.80,26.09,36.72,0.00,37.53,100.32,12.51,356.67,8.47,18.04,34.96,120.65,15.23,14.20,40.60,35.41,7.80,132.55,4.28,302.89,36.20,1.97,59.48,3.02,-4.64,72.17,948.95,397.23,298.96,25.29,4.63,98.72,54735.00,52776.00,208118.00,1.08,11.63,10.15,72.17
Elpro Internatio,504000,ELPROINTL,INE579B01039,Realty,"Residential, Commercial Projects",174.60,2959.11,221.79,183.35,134.54,4.77,1208.96,75.00,116.14,56.27,74.32,-91.97,226.28,,93.80,11.22,77.33,22.91,,764.76,567.12,53.55,39.09,116.14,129.19,6.57,4.30,39.09,83.73,9.06,69.10,218.59,134.13,,,46.99,3.42,-0.08,40.79,2013.54,2387.79,528.06,13.88,1.46,138.70,12807.00,15801.00,17485.00,7.05,0.06,17.89,40.79
Emami,531162,EMAMILTD,INE548C01032,Personal Products,Personal Care,401.45,17523.29,1001.29,860.00,451.90,35.10,161.92,54.84,137.35,-16.38,164.26,143.18,-2.95,151.70,319.48,148.35,16.23,23.13,850.55,6.52,3914.63,2.82,14.95,138.94,757.49,28.09,26.17,-7.41,13.37,1.81,800.53,895.86,452.41,196.39,3.44,47.12,272.90,26.96,409.84,2880.33,834.31,1462.98,16.39,5.99,1039.21,131617.00,127615.00,126599.00,7.87,27.00,10.28,409.84
Emami Paper,533208,EMAMIPAP,INE830C01026,"Paper, Forest & Jute Products",Paper & Paper Products,120.98,731.93,217.17,288.00,92.16,9.51,896.96,74.97,38.61,511.89,6.31,30.66,22.57,27.76,16.99,6.58,0.00,7.75,504.33,11.92,2007.63,6.56,21.84,38.61,94.46,11.44,12.35,383.91,6.89,0.31,197.23,43.78,91.87,58.67,4.59,70.21,0.56,12.54,1.00,483.64,39.23,733.30,6.24,1.48,560.16,19122.00,19283.00,20916.00,0.54,0.00,24.49,1.00
Embassy Develop,532832,EMBDL,INE069I01010,Realty,"Residential, Commercial Projects",62.18,8646.96,-308.74,788.49,68.88,41.17,5322.14,42.65,-234.29,-41.27,-165.85,-327.79,27.53,-247.34,-233.34,-152.62,64.87,,256.20,-48.04,1265.10,-46.63,-68.17,-234.40,-943.84,-2.44,-9.19,-1333.75,-108.14,4.23,44.48,1460.87,68.95,-115.40,-1.78,47.91,414.61,2.98,1001.83,9589.92,164.53,14120.61,-31.52,0.88,216.75,257137.00,262132.00,270360.00,23.43,3.02,30.85,1001.83
Embassy Off.REIT,542602,EMBASSY,INE041025011,Realty,Real Estate Investment Trusts (REITs),439.92,41699.74,3680.10,512.00,429.57,4.78,22535.31,,195.22,25.81,155.17,-430.02,145.40,241.85,381.22,232.18,0.00,169.99,1290.73,14.79,4763.38,14.38,17.08,195.22,245.30,5.61,1.26,-84.68,15.73,1.18,3521.73,3079.32,429.47,992.74,2.55,50.42,676.59,3.49,980.38,-8046.03,2927.55,1469.64,16.39,2.01,1240.81,,,,,,,980.38
Emcure Pharma,544210,EMCURE,INE168P01015,Pharmaceuticals & Biotechnology,Pharmaceuticals,1862.30,35324.13,1877.21,2048.00,1659.22,9.07,1557.99,77.83,293.98,40.45,209.32,236.47,20.01,400.84,231.37,251.37,0.04,34.29,2716.37,19.67,9683.45,18.36,22.85,292.49,1030.06,23.97,20.13,36.79,11.33,3.21,943.55,851.71,1657.17,560.31,21.13,43.92,165.30,9.16,147.52,4760.44,19.70,5612.10,18.45,7.13,2580.45,124991.00,122189.00,133549.00,4.87,8.46,8.84,147.52
Emk.Global Fin.,532737,EMKAY,INE296H01011,Capital Markets,Stockbroking & Allied,239.24,660.91,47.96,418.80,248.63,41.63,110.45,72.83,9.11,90.59,4.78,5.66,60.95,0.23,4.30,0.46,0.00,33.84,111.45,54.59,399.47,21.30,25.96,9.11,19.53,8.01,4.52,-59.11,9.91,-4.95,-71.73,-2.09,248.73,8.53,0.08,45.82,539.22,-5.72,915.67,354.48,37.97,1614.59,-2.72,1.65,91.91,11843.00,11620.00,11436.00,0.75,0.01,26.43,915.67
Emkay Tools,,ETL,INE0PXC01024,Industrial Manufacturing,Industrial Products,1001.10,1068.30,82.21,1235.00,933.26,8.16,0.00,74.99,34.36,39.96,24.55,24.36,41.05,,,,0.00,18.19,,,144.37,23.87,31.74,34.36,58.72,70.68,52.48,31.98,41.66,,65.08,35.44,932.57,,,48.84,0.80,,4.55,139.17,77.42,82.90,12.94,7.62,82.48,669.00,704.00,,0.00,0.00,25.01,4.55
Emmvee Photovol.,544608,EMMVEE,INE1C6T01020,Electrical Equipment,Other Electrical Equipment,332.95,23051.63,1787.89,371.55,274.94,10.39,360.06,80.03,380.29,102.64,187.67,392.38,-3.08,570.75,263.64,237.86,0.00,18.09,1983.50,75.38,5577.58,84.07,51.34,380.29,1274.17,44.83,51.12,140.80,24.45,7.46,200.14,613.75,274.36,695.14,8.24,56.19,324.12,-12.56,353.65,3556.47,57.36,3059.68,11.60,6.24,1555.52,132931.00,93389.00,,2.92,9.80,7.24,353.65
Empire Inds.,509525,EMPIND,INE515H01014,Diversified,Diversified,1221.80,733.08,105.20,2598.00,1007.02,3.03,172.02,72.55,14.17,47.30,9.62,19.16,-25.22,11.27,10.58,12.39,0.00,13.02,194.71,7.94,747.99,8.08,10.07,14.17,56.30,17.98,15.58,63.71,7.72,0.82,59.01,92.36,1004.86,22.74,18.78,72.46,131.80,13.21,119.63,345.47,59.50,435.52,7.01,2.09,183.60,7635.00,7582.00,7221.00,0.00,5.95,21.48,119.63
EMS,543983,EMSLIMITED,INE0OV601013,Other Utilities,Waste Management,375.75,2086.57,152.68,1016.85,401.08,36.85,154.25,69.70,15.48,-59.13,37.88,5.59,171.28,13.90,19.29,28.14,21.95,30.62,114.39,-34.07,651.59,-34.02,-34.18,15.49,68.14,12.51,8.91,-63.09,9.85,-11.85,-14.90,33.54,401.34,20.66,2.50,43.20,161.66,-5.86,58.95,999.88,10.39,812.29,17.55,1.98,157.24,120731.00,119086.00,129977.00,0.14,0.05,30.10,58.95
eMudhra,543533,EMUDHRA,INE01QM01018,IT - Services,IT Enabled Services,543.80,4503.30,166.72,1024.00,524.02,26.51,28.78,54.40,32.15,29.22,24.88,28.96,8.22,40.46,29.00,26.45,0.00,39.14,225.93,30.68,745.01,29.74,29.48,32.00,115.06,15.69,12.63,25.52,16.78,4.97,132.85,101.62,523.82,54.55,4.89,63.26,107.31,-1.39,65.20,870.11,46.04,391.32,24.28,4.94,190.72,70010.00,69646.00,79507.00,3.92,10.55,31.12,65.20
Endurance Tech.,540153,ENDURANCE,INE913H01037,Auto Components,Auto Components & Equipments,2986.00,42001.93,2054.16,3079.90,2631.40,3.05,1326.66,75.00,244.52,8.03,226.35,276.45,-11.55,356.08,221.64,227.27,0.00,42.66,4696.98,31.10,15591.88,29.35,30.01,244.52,984.61,17.80,14.87,15.93,5.67,2.78,1850.72,1531.69,2627.84,612.37,25.31,59.92,1018.90,6.10,874.81,6700.16,1030.69,4333.21,19.48,6.14,4314.89,90114.00,87362.00,84618.00,12.69,10.06,2.24,874.81
Energy InfrTrust,542543,,INE05KD23015,Gas,Gas Transmission/Marketing,73.99,4912.94,1540.98,103.00,79.94,27.46,6601.82,,-6.55,-120.73,31.59,47.68,-113.74,,13.93,24.65,,61.64,,,3972.40,-1.95,12.93,-6.55,79.71,5.39,11.46,426.16,-0.60,0.23,1688.07,1181.53,80.00,,,40.02,810.03,14.13,885.60,-6144.54,365.63,1614.06,7.03,9.92,1095.12,,,,,,,885.60
Engineers India,532178,ENGINERSIN,INE510A01028,Construction,Civil Construction,250.36,14071.29,938.33,304.00,222.86,6.23,16.81,51.32,157.94,141.50,65.40,195.53,-19.22,159.26,347.17,83.49,0.00,17.95,1048.73,13.83,3877.66,16.30,-5.80,157.94,784.13,30.63,23.79,41.65,19.26,9.61,319.02,109.23,222.58,171.41,2.83,59.39,1326.90,5.79,1363.90,2864.71,1605.89,3478.18,11.89,4.47,819.84,390132.00,421564.00,432381.00,9.17,14.22,25.24,1363.90
Enkei Wheels,533477,ENKEIWHEL,INE130L01014,Auto Components,Auto Components & Equipments,404.80,727.62,91.89,760.00,425.09,28.73,210.04,74.97,10.25,699.42,-1.71,-0.57,1780.33,11.58,4.21,7.94,0.00,28.53,347.05,30.91,1128.58,26.10,36.83,10.25,25.50,7.66,4.13,275.38,3.21,1.41,43.70,28.03,425.30,35.75,6.44,56.63,6.68,-1.36,7.49,230.68,3.91,265.93,8.21,3.04,319.03,3730.00,3799.00,3919.00,0.01,0.00,25.01,7.49
Ent.Network,532700,ENIL,INE265F01028,Entertainment,Media & Entertainment,106.99,510.03,77.67,1008.00,115.92,38.72,170.76,71.15,-6.01,-11.50,-5.39,9.83,-172.67,-13.90,-6.30,-4.09,0.00,381.71,140.19,-0.67,561.93,2.62,-2.79,-6.01,1.34,-0.75,0.25,-88.52,-5.29,0.52,85.62,25.54,116.01,11.35,-2.92,59.78,31.28,7.08,40.24,710.30,387.21,539.77,8.05,0.67,113.69,17124.00,17560.00,18673.00,6.05,3.70,19.11,40.24
Entero Healthcar,544122,ENTERO,INE010601016,Retailing,Pharmacy Retail,1648.00,7172.60,283.41,1667.00,1210.41,1.14,677.16,52.40,38.16,37.27,27.80,28.01,15.33,59.58,33.88,36.60,0.00,55.58,2132.93,35.77,7127.90,31.94,38.23,52.05,129.05,10.47,6.94,25.84,2.68,-29.31,96.20,-76.87,1206.02,94.18,10.04,81.09,260.42,-1.45,161.79,1645.10,129.89,2378.55,23.35,4.25,1940.50,39709.00,39084.00,33338.00,4.36,15.48,27.77,161.79
Enviro Infra,544290,EIEL,INE0LLY01014,Other Utilities,Water Supply & Management,200.69,3522.71,319.19,392.00,205.53,27.31,422.30,70.19,39.82,-12.52,45.52,52.10,-16.69,47.28,42.12,49.50,0.00,19.17,282.63,24.32,1263.86,15.49,49.09,45.22,183.74,20.39,17.00,-3.82,12.59,-20.37,-63.09,-46.60,205.58,68.79,2.37,43.08,555.15,-10.94,335.24,1057.18,67.05,1363.96,10.99,2.86,359.18,225178.00,220192.00,246179.00,0.67,0.70,28.45,335.24
Epack Durable,544095,EPACK,INE0G5901015,Consumer Durables,Household Appliances,199.16,1916.49,123.73,673.65,255.46,51.37,738.97,46.44,11.82,-48.36,22.89,0.02,59000.00,-20.26,2.59,-22.25,3.92,,249.18,16.84,2118.08,2.84,33.76,11.82,-7.82,4.55,0.34,-114.31,1.33,5.53,-139.56,31.26,256.03,8.46,-2.11,26.10,44.24,-9.51,15.78,864.10,12.21,1344.64,22.34,2.00,886.02,137211.00,130580.00,136162.00,0.34,5.24,47.97,15.78
EPack PrefabTech,544540,EPACKPEB,INE0MLS01022,Industrial Manufacturing,Industrial Products,232.15,2336.15,176.87,344.00,222.67,32.51,114.63,64.95,18.17,13.35,16.03,30.29,-40.01,43.41,16.85,29.47,0.00,24.65,583.04,34.36,1595.82,37.53,23.87,18.17,94.78,21.71,17.04,52.62,4.97,3.11,135.70,62.29,222.58,60.26,4.31,45.11,156.34,-2.17,285.50,714.44,27.04,987.27,11.92,3.18,365.84,66656.00,66353.00,,11.10,3.03,20.88,285.50
Epigral,543332,EPIGRAL,INE071N01016,Chemicals & Petrochemicals,Specialty Chemicals,1249.20,5389.22,572.85,2408.35,1213.64,33.90,572.04,68.83,99.18,-38.17,160.41,81.93,21.05,95.11,39.15,51.52,0.00,19.83,649.12,10.51,2626.00,4.81,16.29,99.18,271.78,15.30,15.81,-36.96,14.06,0.99,435.53,440.56,1213.28,149.24,22.05,70.09,22.19,3.83,5.46,2178.33,22.80,826.69,10.03,2.43,705.36,76305.00,77583.00,79951.00,1.03,5.56,24.56,5.46
EPL Ltd,500135,EPL,INE255A01020,Industrial Products,Packaging,254.26,8144.31,1008.50,318.75,224.73,7.21,962.50,26.38,98.60,-1.40,100.00,116.98,-2.61,140.83,83.10,106.10,0.00,19.83,1441.30,19.52,5043.10,16.91,25.27,100.60,410.76,17.84,15.77,3.17,7.25,1.08,722.90,795.10,224.44,286.05,4.31,58.38,196.90,8.62,203.60,2793.60,23.90,2119.10,8.55,2.85,1387.90,91469.00,95910.00,112227.00,14.07,13.80,45.75,203.60
Equitas Sma. Fin,543243,EQUITASBNK,INE063P01018,Banks,Other Bank,75.23,8605.80,3697.03,116.50,69.59,10.33,52305.64,0.00,183.61,182.06,-223.76,212.68,-13.67,121.44,90.03,24.14,0.00,16.86,1825.23,12.85,7105.78,10.00,18.89,183.61,510.46,6.43,1.68,598.16,9.37,2.13,-3315.83,1936.82,69.53,793.30,1.06,47.73,4954.11,1.01,5563.29,4983.79,10148.83,6693.87,13.37,1.40,1960.40,369493.00,385971.00,433820.00,15.70,51.25,33.04,5563.29
ERIS Lifescience,540596,ERIS,INE406M01024,Pharmaceuticals & Biotechnology,Pharmaceuticals,1310.70,18164.11,1127.95,1910.00,1422.29,27.69,2358.62,54.14,142.39,20.68,117.99,281.61,-48.65,185.08,108.83,134.47,16.85,27.70,874.88,10.41,3229.67,9.59,12.97,143.32,655.74,14.14,18.70,69.36,16.41,2.63,537.99,1065.01,1423.41,307.98,13.27,34.03,222.83,8.38,67.30,3888.82,61.56,1539.85,17.85,4.65,873.25,50798.00,51656.00,52225.00,5.76,20.71,19.39,67.30
Esab India,500133,ESABINDIA,INE284A01012,Industrial Products,Other Industrial Products,6163.00,9486.72,275.11,7325.00,5765.20,15.86,3.35,73.72,56.14,37.13,40.94,43.55,28.91,75.71,43.00,79.20,0.00,45.83,435.04,14.02,1577.25,12.99,19.63,56.14,207.00,64.68,48.76,20.41,13.33,5.17,180.69,198.81,5761.20,81.04,49.18,61.87,78.82,36.39,74.77,413.99,43.77,484.16,31.72,22.09,421.12,20083.00,19837.00,21625.00,1.62,12.87,11.78,74.77
ESAF Small Fin,544020,ESAFSFB,INE818W01011,Banks,Other Bank,44.16,2278.74,1675.38,82.40,31.84,1.87,28602.90,63.25,80.08,198.60,-81.22,23.51,240.62,-50.97,7.12,-115.81,0.00,,945.27,15.30,3806.72,3.91,32.54,80.08,-5.10,5.65,-8.86,99.16,7.29,0.86,-1960.29,3176.32,31.72,246.63,-0.99,66.60,1351.42,2.00,1113.70,1270.87,6399.11,2085.72,15.76,1.27,1097.77,107631.00,109246.00,116490.00,0.31,3.80,32.63,1113.70
Escorts Kubota,500495,ESCORTS,INE042A01014,"Agricultural, Commercial & Construction Vehicles",Tractors,3067.00,34312.91,1856.67,4422.00,3181.23,26.63,161.89,68.04,385.94,23.63,312.17,320.53,20.41,338.62,358.32,318.11,0.00,24.11,3411.80,22.22,12247.76,20.43,28.30,385.93,1423.26,13.93,18.72,21.24,12.03,4.00,1381.16,1003.19,3182.38,417.44,30.27,52.17,1124.13,6.80,839.38,12260.95,8281.40,3960.92,15.66,2.77,3207.55,138521.00,131303.00,137631.00,6.36,10.65,13.29,839.38
ESDS Software,,,INE0DRI01029,,,,5028.35,242.68,,,,126.74,,,,,,,,,,,41.81,,,472.21,30.68,,,120.28,32.93,28.80,116.49,,,1367.71,162.62,,,,,60.68,80.95,60.68,407.54,0.00,283.57,20.99,,,,,,,,,60.68
Ester Industries,500136,ESTER,INE778B01029,Industrial Products,Packaging,93.31,973.18,110.56,190.00,97.67,29.84,729.01,62.32,18.62,360.06,-7.16,7.87,136.59,-4.70,-12.41,-15.78,0.00,,407.55,15.06,1469.15,10.11,27.78,18.62,-1.70,2.76,-3.53,-107.51,4.31,1.07,88.54,112.19,97.72,32.23,-0.45,48.82,68.04,1.85,104.86,733.94,78.36,606.30,11.37,1.16,432.16,37110.00,36924.00,37681.00,0.03,0.15,37.49,104.86
Eternal,543320,ETERNAL,INE758T01015,Retailing,E-Retail/ E-Commerce,327.00,315566.47,2439.00,368.45,277.37,11.25,4592.00,0.00,92.00,268.00,25.00,174.00,-47.13,-276.41,102.00,65.00,0.00,728.79,39397.34,189.90,67408.00,190.50,182.00,92.00,433.00,2.48,0.38,44.82,0.46,2576.05,632.00,308.00,276.87,943.52,-0.29,65.32,3614.00,-1.27,1523.00,30061.00,14833.00,10609.00,102.65,10.19,20211.00,2295671.00,2304885.00,2499813.00,29.09,39.21,26.99,1523.00
Ethos,543532,ETHOSLTD,INE04TZ01018,Consumer Durables,"Gems, Jewellery And Watches",2879.40,7704.61,259.07,3404.83,2580.41,11.29,322.32,50.58,28.13,47.90,19.02,22.00,25.92,27.49,30.57,23.79,0.00,72.95,503.91,31.44,1727.63,30.42,33.32,28.66,105.61,10.41,7.69,14.17,6.21,26.89,89.60,-20.29,2577.40,63.76,10.08,60.44,220.02,-1.54,661.65,1461.16,37.69,1488.68,27.10,5.18,461.71,36940.00,38627.00,41464.00,11.33,23.91,14.18,661.65
Eureka Forbes,543482,EUREKAFORB,INE0KCE01017,Consumer Durables,Household Appliances,425.45,8229.00,333.16,668.50,490.22,36.36,28.92,62.55,41.21,6.98,38.52,51.09,8.51,72.84,9.00,61.59,53.66,41.15,872.52,12.81,2803.50,12.55,15.31,55.44,199.97,5.86,4.25,19.71,5.88,3.78,241.76,225.50,490.87,96.98,3.77,42.76,225.45,3.67,380.43,4379.54,88.08,1054.77,23.23,1.80,700.77,35406.00,35383.00,29638.00,13.24,6.70,16.89,380.43
Euro India Fresh,,EIFFL,INE546V01010,Food Products,Packaged Foods,281.15,697.25,15.74,381.96,261.39,26.39,59.23,72.15,0.74,124.24,0.33,4.58,-84.09,0.79,0.90,-0.90,0.00,131.06,42.54,31.01,156.93,7.01,15.69,0.74,5.32,9.84,6.54,-2.21,2.05,8.65,10.29,8.66,261.20,3.34,0.32,49.65,0.34,4.31,0.81,52.26,1.44,104.80,43.78,9.05,36.06,2262.00,1791.00,1696.00,0.00,1.94,25.91,0.81
Euro Pratik Sale,544519,EUROPRATIK,INE198501012,Consumer Durables,"Furniture, Home Furnishing",259.95,2656.69,121.16,390.00,274.31,33.35,24.49,73.91,18.77,24.80,15.04,21.20,-6.87,36.52,23.65,22.70,0.00,30.83,131.94,36.64,373.76,24.46,60.13,20.05,86.18,38.38,30.49,13.08,19.40,,40.67,-30.65,274.45,40.15,3.34,33.03,13.97,3.02,18.45,299.74,14.15,300.94,20.98,8.57,103.33,26366.00,27826.00,,0.55,4.48,21.06,18.45
Eveready Inds.,531508,EVEREADY,INE128A01029,Household Products,Household Products,345.65,2512.44,167.86,505.00,341.64,27.26,201.81,43.60,36.97,2.52,36.06,92.76,-73.92,39.31,7.45,-7.91,1.73,15.82,421.89,9.08,1488.96,8.74,8.97,36.97,158.82,17.23,18.47,78.17,9.07,1.87,83.36,129.68,341.60,53.09,5.41,44.49,6.76,10.68,8.58,586.60,0.00,574.61,15.65,4.03,407.71,62890.00,62473.00,70097.00,5.44,2.84,48.12,8.58
Everest Inds.,508906,EVERESTIND,INE295A01018,Other Construction Materials,Other Construction Materials,429.00,680.21,-26.27,1450.95,461.52,42.80,226.91,50.22,26.17,1505.52,1.63,-47.17,316.43,-13.07,-37.98,-18.17,0.00,,247.46,-19.17,1352.14,-20.52,-12.95,102.09,-63.68,-8.50,-16.08,-148.07,6.00,4.20,108.56,-90.23,461.85,2.09,-8.24,40.75,10.85,-0.53,45.04,478.65,10.13,606.78,1347.00,1.38,435.86,18183.00,18599.00,19619.00,10.14,0.03,39.61,45.04
Everest Kanto,532684,EKC,INE184H01027,Industrial Manufacturing,Industrial Products,110.15,1235.97,224.50,385.35,117.71,28.73,266.89,67.38,30.03,-27.86,41.63,44.43,-34.00,26.15,35.73,13.66,0.00,9.30,328.05,-8.97,1430.00,-7.34,-10.49,30.16,132.97,11.56,11.28,14.63,8.71,0.71,141.89,58.01,117.79,42.66,2.32,46.74,79.47,1.47,88.58,1377.47,67.77,1017.28,6.59,0.88,346.31,82813.00,84302.00,90855.00,1.19,0.29,31.14,88.58
Exato Technologies,544626,,INE1E4401010,IT - Services,IT Enabled Services,710.55,715.19,25.36,775.00,424.20,8.32,21.05,54.73,5.37,90.43,2.82,4.35,23.45,,4.36,4.56,0.00,38.37,,,179.61,35.02,44.83,5.37,18.64,26.66,24.43,73.01,12.75,,1.83,13.55,421.32,,,64.67,33.14,-9.08,39.87,78.77,0.96,88.70,24.30,8.05,42.13,469.00,736.00,,0.00,7.88,37.39,39.87
Excel Industries,500650,EXCELINDUS,INE369A01029,Chemicals & Petrochemicals,Specialty Chemicals,1039.75,1307.04,137.17,1922.30,986.21,17.80,7.88,51.86,29.47,-12.71,33.76,12.28,139.98,21.76,8.44,21.19,0.00,18.31,284.32,5.22,1078.84,5.49,-5.07,29.47,71.38,6.06,4.60,-18.93,10.03,1.24,52.90,61.82,985.67,32.36,17.31,53.21,16.26,0.71,18.39,1696.72,1125.89,562.14,9.83,0.77,293.83,21439.00,21703.00,22297.00,1.85,7.08,39.22,18.39
Excelsoft Tech.,544617,EXCELSOFT,INE606N01019,IT - Services,IT Enabled Services,70.50,811.34,91.74,142.65,88.30,50.58,6.58,59.08,9.23,57.24,5.87,17.09,-44.40,12.24,10.30,10.61,0.00,16.25,84.33,30.52,297.06,26.78,44.04,9.23,49.94,13.64,9.83,11.35,11.50,1.18,50.17,52.61,88.48,19.82,1.06,33.54,252.79,20.97,146.10,463.24,0.00,257.98,7.08,1.40,80.26,75179.00,80392.00,,1.12,3.10,36.71,146.10
Exhicon Events,543895,,INE0O8901016,Other Consumer Services,Other Consumer Services,484.20,793.95,57.66,595.00,481.96,18.62,19.08,49.33,19.74,22.08,16.17,20.95,4.61,,,,0.00,19.51,,,202.70,41.24,23.75,23.13,40.70,29.49,26.12,56.54,23.11,20.52,26.94,17.13,481.94,,,46.00,11.69,-9.75,28.57,184.76,1.15,193.91,13.60,3.58,100.09,2359.00,2145.00,2456.00,0.00,1.54,49.15,28.57
Exicom Tele-Sys.,544133,EXICOM,INE777F01014,Electrical Equipment,Heavy Electrical Equipment,155.21,2158.66,-80.57,510.49,141.58,15.19,713.00,65.20,-73.57,-3.43,-71.13,-53.82,-35.46,-96.81,-67.87,-68.81,2.83,,435.08,54.43,1277.48,55.63,61.25,-73.57,-260.15,-14.66,-40.77,-30.47,-22.22,-5.12,-86.59,-169.24,141.44,-36.04,-6.96,47.70,219.52,-29.64,64.27,512.21,0.93,1088.42,-41.79,3.31,331.07,139051.00,136496.00,152888.00,0.20,0.31,34.29,64.27
Exide Inds.,500086,EXIDEIND,INE302A01020,Auto Components,Auto Components & Equipments,444.00,37740.00,1931.32,620.35,390.56,10.56,1575.40,45.99,350.47,28.38,272.99,215.25,62.09,319.64,194.97,173.64,0.00,40.22,4856.67,11.28,18828.61,7.61,17.75,351.30,938.41,8.54,5.97,10.67,6.35,2.50,2413.16,1272.90,390.03,496.02,3.75,43.72,188.02,0.64,257.81,13819.85,6130.77,6247.26,19.01,2.71,5528.38,1168806.00,1203117.00,1304140.00,10.62,19.30,24.08,257.81
Expleo Solutions,533121,EXPLEOSOL,INE201K01015,IT - Services,IT Enabled Services,879.95,1365.66,204.09,1874.00,880.59,25.36,7.85,71.05,34.18,67.30,20.43,39.98,-17.97,40.86,22.13,39.76,0.00,9.30,314.10,11.11,1139.88,10.42,12.29,34.18,146.83,24.25,18.74,47.15,11.72,1.31,119.47,179.42,880.59,48.90,26.33,55.73,229.36,15.75,375.75,760.79,0.00,711.18,4.53,1.76,291.55,29683.00,29133.00,28491.00,0.13,0.12,28.71,375.75
F A C T,590024,FACT,INE188A01015,Fertilizers & Agrochemicals,Fertilizers,866.25,56052.61,245.52,1187.00,854.04,18.24,3985.45,90.00,-61.94,-1547.20,4.28,3.16,-2060.13,-73.29,-67.90,20.86,0.00,,2210.73,35.69,5934.39,32.05,20.20,-61.94,-105.82,4.93,-2.91,-230.58,-4.94,104.89,-995.70,139.97,853.92,1.87,-1.13,61.68,2777.37,-7.78,1670.69,703.25,185.42,4178.60,335.54,41.51,1253.40,67027.00,68699.00,75843.00,0.16,0.07,0.81,1670.69
Fabtech Tech.,544558,FABTECH,INE0HF201011,Healthcare Services,"Healthcare Research, Analytics & Technology",146.99,653.38,55.97,262.80,163.48,44.07,69.64,68.94,4.23,154.79,-7.72,21.96,-80.92,12.91,-5.68,28.11,0.00,13.44,144.52,18.97,417.74,14.16,10.25,4.21,48.62,13.58,12.49,47.56,5.64,31.76,0.48,-36.14,163.65,15.85,2.90,42.77,35.01,0.30,208.57,375.32,25.69,516.42,7.51,1.56,74.98,29408.00,28620.00,,0.02,2.45,28.57,208.57
Fairchem Organic,543252,FAIRCHEMOR,INE0DNW01011,Chemicals & Petrochemicals,Specialty Chemicals,666.00,838.89,22.88,2449.90,685.53,21.35,83.78,63.25,10.01,755.56,1.17,3.69,171.27,3.60,-0.10,0.77,0.00,55.52,126.67,13.58,504.73,0.14,34.40,10.01,15.11,3.33,2.19,62.65,5.68,1.77,41.60,-16.78,685.73,8.35,2.86,37.82,1.29,3.93,1.23,250.44,0.00,171.89,25.75,3.19,176.15,25690.00,26622.00,29051.00,6.34,2.80,27.60,1.23
Faze Three,530079,FAZE3Q,INE963C01033,Textiles & Apparels,Other Textile Products,488.70,1202.10,98.57,747.95,507.30,25.44,275.49,58.01,9.64,-24.51,12.77,19.60,-50.82,3.53,6.40,-5.20,0.00,39.49,253.13,22.30,940.48,24.93,8.22,9.64,30.44,10.12,6.44,-34.07,4.20,2.28,58.27,12.27,507.49,17.76,1.43,37.58,9.07,-7.71,13.18,427.98,17.67,377.39,16.13,2.63,229.39,10004.00,10850.00,11232.00,0.00,0.77,41.02,13.18
FDC,531599,FDC,INE258B01022,Pharmaceuticals & Biotechnology,Pharmaceuticals,347.25,5653.58,459.62,659.00,394.81,34.27,15.47,69.65,132.49,9.17,121.36,103.40,28.13,57.14,28.30,28.37,0.00,18.36,503.42,6.42,2190.22,3.40,2.97,132.49,307.93,16.67,12.46,14.43,19.84,2.14,200.45,317.57,395.29,72.45,3.51,30.68,52.77,5.81,50.00,2468.83,1047.98,1132.52,11.84,2.27,667.69,55045.00,52730.00,54445.00,1.40,6.31,22.63,50.00
Fedbank Financi.,544027,FEDFINA,INE007N01010,Finance,Non Banking Financial Company (NBFC),160.15,6005.89,1394.80,178.48,146.34,10.27,13674.87,60.67,114.38,52.49,75.01,100.53,13.78,115.96,87.91,80.15,0.00,15.68,634.93,18.59,2376.93,13.41,29.68,114.38,382.97,9.06,12.56,66.53,17.07,-0.44,-1664.16,-977.52,146.20,403.40,3.09,61.83,834.69,-7.84,1390.95,2551.89,401.67,1844.99,12.16,2.05,669.93,116070.00,121385.00,143731.00,9.30,10.89,19.13,1390.95
Fedders Holding,511628,FEDDERSHOL,INE417D01020,Finance,Non Banking Financial Company (NBFC),42.50,856.02,87.73,130.00,43.23,33.07,66.45,65.84,10.13,-22.20,13.02,23.46,-54.42,22.26,36.70,14.41,0.00,11.21,55.03,2.79,336.23,-6.75,-11.01,10.82,76.34,11.19,11.64,168.05,14.71,-0.94,64.19,-236.70,43.23,0.13,1.11,53.14,71.50,-17.49,100.85,700.69,12.62,618.52,9.68,1.19,68.88,13385.00,13481.00,8303.00,0.20,0.17,33.79,100.85
Federal Bank,500469,FEDERALBNK,INE171A01029,Banks,Private Sector Bank,345.30,85351.67,23920.25,371.70,296.13,7.10,346684.15,0.00,1256.09,36.78,918.32,1340.97,-6.45,1666.91,1125.39,1022.64,0.00,18.23,7809.46,8.22,30384.84,6.50,9.94,1302.49,4683.07,6.39,11.59,15.64,16.57,2.78,4349.11,8800.92,295.63,5079.63,6.50,44.26,20360.98,1.64,15576.77,39550.15,76471.45,46700.52,17.28,2.13,7861.58,811380.00,821700.00,851049.00,27.71,49.27,23.00,15576.77
Federal-Mogul Go,505744,FMGOETZE,INE529A01010,Auto Components,Auto Components & Equipments,548.70,3052.42,353.14,666.45,457.48,5.15,1.03,74.98,43.46,0.49,43.25,50.84,-10.77,53.78,30.73,51.31,0.00,16.81,534.40,8.95,2001.00,8.80,8.81,45.33,181.53,18.52,13.49,6.92,8.61,1.19,321.06,220.69,456.57,79.50,9.27,76.48,610.17,10.75,829.26,1381.11,10.01,1357.23,6.29,2.12,526.27,29583.00,29894.00,30646.00,0.39,0.49,24.14,829.26
Fermenta Biotec.,506414,FERMENTA,INE225B01021,Pharmaceuticals & Biotechnology,Pharmaceuticals,467.50,1375.90,123.24,580.45,365.65,19.46,113.33,64.09,9.74,-55.38,21.83,12.75,-48.76,13.72,12.02,18.03,0.00,25.14,121.45,-6.73,510.98,-3.15,-10.60,9.53,54.74,20.57,16.37,-47.62,7.82,1.38,92.83,40.90,364.62,21.33,4.66,50.90,71.70,12.62,41.34,391.88,0.42,388.02,13.45,3.39,121.82,14777.00,13661.00,12845.00,0.37,0.04,32.95,41.34
Fiem Industries,532768,FIEMIND,INE737H01014,Auto Components,Auto Components & Equipments,2110.00,5553.45,415.94,2674.80,2197.29,21.12,65.55,54.51,64.88,12.80,57.52,71.03,-8.66,92.88,63.37,63.67,0.00,21.12,839.10,17.29,2932.10,17.11,17.68,64.88,262.95,29.34,22.60,24.80,8.37,2.95,161.28,233.06,2198.17,115.87,35.29,34.24,298.44,6.14,279.57,1188.69,0.05,1039.69,12.42,4.57,775.39,75296.00,73826.00,67891.00,7.03,11.60,26.86,279.57
Filatex India,526227,FILATEX,INE816B01035,Textiles & Apparels,Other Textile Products,75.19,3338.87,342.79,87.27,56.99,13.84,144.52,65.47,49.14,20.65,40.73,40.25,22.09,56.98,55.34,47.58,0.00,17.36,1091.00,1.40,4256.42,0.22,9.14,49.14,192.31,16.97,12.96,34.47,4.29,0.99,243.72,312.22,56.81,81.34,1.28,45.71,57.59,10.27,48.92,1461.83,293.62,975.48,9.73,2.22,1145.30,96555.00,98814.00,110180.00,4.03,2.84,27.66,48.92
Filtron Engineer,531191,,INE589N01017,Commercial Services & Supplies,Trading & Distributors,78.99,501.72,4.45,106.41,58.00,25.77,16.07,73.36,1.53,2012.50,-0.08,2.87,-46.69,,1.46,-0.10,0.00,87.10,,,98.33,30328.00,,1.53,5.76,11.31,14.76,1483.33,6.87,,-22.71,-0.56,57.79,,,62.68,0.00,,4.90,-3.22,3.95,60.46,74.44,8.32,22.26,1479.00,1470.00,1446.00,0.00,0.00,26.63,4.90
Fine Organic,541557,FINEORG,INE686Y01026,Chemicals & Petrochemicals,Specialty Chemicals,5139.10,15756.47,596.47,7328.75,4748.30,4.95,68.20,75.00,138.14,23.45,111.90,117.48,17.59,130.27,73.93,108.55,0.00,35.97,657.35,10.06,2471.58,7.09,17.98,138.14,438.10,21.47,16.46,7.08,19.90,3.46,429.60,204.00,4744.38,147.99,42.49,53.57,949.95,12.10,1448.83,2649.19,38.30,2320.20,22.74,5.91,694.17,83591.00,88948.00,105097.00,4.27,11.72,9.01,1448.83
Fineotex Chem,533333,FCL,INE045J01034,Chemicals & Petrochemicals,Specialty Chemicals,50.58,5890.05,167.82,51.38,32.72,1.56,8.20,62.30,38.40,54.78,24.81,31.61,10.07,56.50,30.12,26.08,0.00,48.14,339.08,146.23,1011.78,91.44,174.77,48.21,122.35,18.30,13.48,17.35,12.80,8.95,-23.81,69.33,32.54,62.55,0.39,71.99,41.70,0.06,46.18,765.98,317.48,548.06,28.87,6.67,376.63,180711.00,162276.00,136842.00,3.16,1.35,33.18,46.18
Finkurve Fin.,508954,FINKURVE,INE734I01027,Finance,Non Banking Financial Company (NBFC),78.38,1098.45,86.94,153.60,76.60,41.90,847.15,56.21,8.44,65.82,5.09,8.04,4.98,8.01,6.98,5.92,0.00,37.39,81.59,69.81,242.44,59.57,88.31,8.44,29.38,10.19,9.44,62.23,11.24,-0.63,-566.14,-133.82,76.59,35.21,0.57,66.84,15.45,-29.46,102.12,330.90,7.41,127.37,16.56,3.18,75.10,3433.00,3356.00,2724.00,7.30,0.00,36.49,102.12
Fino Payments,543386,FINOPB,INE02NC01014,Banks,Other Bank,145.54,1211.16,186.08,583.35,180.93,57.07,3914.79,75.00,-13.72,-177.25,17.76,8.39,-293.24,-324.56,12.25,15.35,0.00,49.54,73.15,21.70,259.40,23.01,18.43,-13.72,24.45,4.53,7.37,-71.58,-18.99,35.62,-306.71,76.19,181.29,-289.10,-39.00,41.20,182.86,-4.75,154.29,687.04,3254.45,1693.22,32.14,1.57,72.23,62125.00,62358.00,63093.00,0.31,0.00,24.68,154.29
Finolex Cables,500144,FINCABLES,INE235A01022,Industrial Products,Cables - Electricals,1286.35,19673.35,989.67,1700.00,991.33,6.45,19.14,35.86,249.04,53.14,162.62,224.43,10.97,180.44,164.03,162.64,0.00,24.59,1827.44,32.83,6938.64,26.53,44.26,249.04,800.14,16.01,12.33,29.17,12.37,4.73,49.08,207.25,988.36,199.04,11.80,64.68,145.47,3.90,168.12,6055.29,4195.43,3531.97,17.60,3.23,2013.15,183583.00,182413.00,159021.00,9.65,16.71,37.80,168.12
Finolex Inds.,500940,FINPIPE,INE183A01024,Industrial Products,Plastic Products - Industrial,161.39,10013.88,932.37,355.90,176.17,27.63,445.64,52.47,114.52,16.67,98.16,261.25,-56.16,95.98,116.08,123.56,0.00,16.27,840.34,-2.14,3953.86,-2.24,-15.30,114.52,615.41,12.71,9.73,54.85,12.96,2.16,191.75,382.68,176.32,126.72,1.55,46.33,125.36,3.43,60.30,6091.04,4969.43,3968.57,10.93,1.61,883.58,245937.00,237719.00,250051.00,5.85,11.35,29.97,60.30
Firstsour.Solu.,532809,FSL,INE684F01012,Commercial Services & Supplies,Business Process Outsourcing (BPO)/ Knowledge Process Outsourcing (KPO),270.05,19093.29,1607.88,422.80,276.23,28.88,2921.90,53.66,220.15,30.01,169.33,205.24,-19.16,280.33,120.32,179.52,0.00,23.92,2782.97,20.36,10063.62,19.71,22.87,165.92,798.23,16.80,17.63,28.40,8.08,1.88,1213.98,701.10,276.29,457.86,3.96,47.00,166.99,10.10,269.27,3687.54,115.93,2712.14,13.04,4.35,2724.87,242813.00,229935.00,254253.00,8.38,25.41,11.71,269.27
Fischer Medical,524743,FISCHER,INE771F01041,Healthcare Equipment & Supplies,Medical Equipment & Supplies,36.05,2518.76,55.17,124.70,45.66,71.09,107.08,63.09,3.79,-22.02,4.86,-12.44,130.47,42.76,19.23,13.90,6.81,102.89,346.95,301.99,366.87,195.82,249.49,3.79,24.48,11.38,8.59,286.12,4.63,,-101.27,-86.74,45.75,49.90,0.61,41.16,251.36,-14.77,25.05,319.35,123.21,413.74,50.91,6.13,81.92,23951.00,23269.00,10050.00,5.57,1.26,30.09,25.05
Five-Star Bus.Fi,543663,FIVESTAR,INE128S01021,Finance,Non Banking Financial Company (NBFC),515.05,15203.69,2241.69,943.75,516.55,22.67,8200.43,18.61,271.41,1.92,266.31,269.27,0.79,410.23,277.03,286.14,0.00,13.77,867.37,8.50,3260.44,9.84,5.38,271.41,1103.85,14.79,16.06,1.53,32.74,-1.26,-264.28,-1044.95,516.56,584.61,13.90,42.52,2155.14,-7.97,2148.95,7350.64,227.14,2331.91,9.53,2.06,828.98,102270.00,97128.00,69039.00,43.97,22.35,15.07,2148.95
Flair Writing,544030,FLAIR,INE00Y201027,Household Products,Stationary,250.25,2637.52,245.61,514.40,285.75,28.25,66.29,78.59,28.56,-0.28,28.64,35.82,-20.39,47.50,33.14,42.73,0.00,18.88,361.48,12.64,1280.81,14.23,10.64,29.08,139.71,16.83,12.94,14.78,9.11,2.63,137.18,55.45,286.10,64.32,4.43,44.58,114.19,-3.24,11.32,1088.93,119.68,679.66,10.90,2.31,319.25,50418.00,51355.00,63571.00,0.77,10.25,10.40,11.32
FlySBS Aviation,,FLYSBS,INE0VCK01011,Transport Services,Airline,610.55,1056.48,84.78,790.00,473.00,15.20,36.66,32.47,36.93,59.18,23.20,23.84,54.91,,,,0.00,17.38,,,318.53,64.28,64.21,36.93,60.77,32.47,26.19,113.83,20.41,11.43,31.54,0.01,471.61,,,73.75,49.83,3.15,65.24,296.38,0.00,168.04,12.12,3.37,180.93,3136.00,2545.00,,2.01,0.66,64.86,65.24
Foce India,,FOCE,INE0I7D01019,Consumer Durables,"Gems, Jewellery And Watches",512.00,601.24,20.40,835.00,609.46,38.68,47.90,73.63,9.16,21.49,7.54,5.81,57.66,,,,0.00,40.16,,,145.32,39.40,23.63,9.16,14.97,16.06,17.37,3.96,10.57,4.56,1.24,15.25,610.44,,,31.54,0.84,3.81,0.49,81.82,77.03,124.37,31.80,6.43,86.70,507.00,504.00,250.00,0.00,0.00,26.37,0.49
Forbes Precision,544186,,INE0TT901016,Industrial Manufacturing,Industrial Products,135.55,699.36,54.86,416.75,148.14,33.23,16.64,73.85,9.03,137.01,3.81,11.06,-18.35,12.05,5.59,8.30,94.40,20.58,74.16,17.21,266.15,14.08,28.89,9.03,33.98,21.05,16.41,22.58,13.37,,27.55,51.32,148.27,16.85,2.33,47.64,7.48,-9.89,6.28,116.99,23.23,99.33,11.15,4.15,67.55,14163.00,13487.00,14004.00,10.70,0.33,15.12,6.28
Force Motors,500033,FORCEMOT,INE451A01017,Automobiles,Passenger Cars & Utility Vehicles,17450.00,22992.58,1593.72,26485.95,18536.38,34.12,0.00,61.63,216.56,22.82,176.33,278.52,-22.24,281.55,406.15,350.70,0.00,20.90,2250.09,8.10,9199.81,8.44,6.21,216.59,1100.21,36.08,29.23,82.00,8.88,2.40,1297.09,971.47,18547.30,355.54,213.65,40.92,507.41,20.02,831.59,4181.17,98.34,3831.62,13.71,5.48,2440.01,94439.00,78750.00,59419.00,9.51,1.46,27.39,831.59
Fortis Health.,532843,FORTIS,INE061F01013,Healthcare Services,Hospital,913.85,68991.85,2149.33,1105.00,912.66,17.30,3472.58,31.17,259.40,3.39,250.90,276.09,0.59,398.77,197.40,328.82,0.00,64.67,2740.45,17.54,9506.15,17.50,17.46,272.80,1066.81,13.45,11.23,15.95,10.44,4.75,1601.45,1423.93,912.65,615.70,5.16,44.50,507.99,3.79,543.71,9140.59,242.56,1802.13,32.71,6.97,2545.03,220743.00,226685.00,205373.00,25.20,32.23,11.40,543.71
Foseco Crucible (India),523160,,INE599F01020,Industrial Products,Electrodes & Refractories,1603.15,897.76,57.18,1964.00,1412.35,9.63,1.24,75.00,11.08,92.03,5.77,12.18,835.00,11.93,5.57,8.78,0.00,22.81,47.95,4.40,178.05,2.43,14.43,10.29,39.36,33.24,21.77,54.84,22.76,2.23,35.50,25.29,1410.43,15.12,21.30,65.99,21.98,11.43,37.58,137.36,0.00,91.29,13.38,6.41,48.68,3225.00,6613.00,7035.00,0.16,0.02,24.83,37.58
Foseco India,500150,FOSECOIND,INE519A01011,Chemicals & Petrochemicals,Specialty Chemicals,6077.50,4580.77,141.38,6846.00,5061.54,11.23,2.78,63.54,33.72,,,29.76,8.69,,15.18,16.49,0.00,43.94,,,772.95,22.61,,36.40,104.24,17.45,12.62,18.62,15.73,,97.62,42.25,5051.33,,,74.04,258.03,,327.05,1028.72,0.00,550.43,22.93,4.42,231.41,12592.00,12415.00,13019.00,0.08,0.38,36.00,327.05
Fractal Analyt.,544700,FRACTAL,INE212S01015,IT - Software,Computers - Software & Consulting,829.55,14265.37,500.90,1119.60,868.54,25.91,418.40,16.97,69.08,84.21,37.50,122.77,-37.56,,100.10,33.20,3.42,42.95,,,3451.70,19.32,19.99,72.30,332.11,12.59,12.17,69.21,7.36,6.97,409.00,397.00,868.93,,,48.87,288.30,7.35,1165.20,3167.70,1237.50,3032.90,24.80,4.48,912.50,87200.00,101465.00,,40.87,12.26,29.91,1165.20
FratelliVineyard,541741,,INE401Z01019,Beverages,Breweries & Distilleries,118.00,512.97,-4.57,494.80,104.70,27.07,137.60,57.19,-3.67,36.94,-5.82,-7.05,47.94,-6.55,-8.72,-3.31,0.00,,51.09,11.35,189.50,0.57,22.49,-3.67,-22.75,-4.87,-17.05,-1.34,-8.21,,5.00,-7.00,104.56,-0.51,-1.51,69.48,1.60,-7.99,1.65,92.49,0.25,219.36,-466.85,3.77,44.72,7681.00,7648.00,6486.00,0.48,0.00,42.27,1.65
Fredun Pharma,539730,FREDUN,INE194R01017,Pharmaceuticals & Biotechnology,Pharmaceuticals,1494.30,2471.28,94.80,1600.00,785.83,6.61,222.03,44.57,13.17,94.53,6.77,11.07,18.97,20.23,10.48,9.73,0.00,55.60,234.08,61.10,747.53,50.31,90.45,13.17,44.45,21.49,15.81,89.63,5.77,-45.41,16.44,-20.98,778.71,34.89,12.23,70.31,0.28,-7.60,64.95,273.23,2.02,498.24,23.77,8.79,228.25,9598.00,8308.00,7906.00,1.06,2.94,51.43,64.95
Freshara Agro,,FRESHARA,INE0SFW01015,Food Products,Other Food Products,431.00,1012.82,58.11,435.00,243.03,0.92,128.43,62.58,21.31,22.40,17.41,14.91,42.92,,,,0.00,27.96,,,313.53,25.09,18.92,21.31,36.22,20.92,24.04,27.04,11.89,,-20.56,-0.12,241.14,,,73.75,32.88,-21.33,5.78,150.12,7.53,259.97,19.54,5.83,179.16,2076.00,1452.00,1573.00,0.13,0.56,36.73,5.78
Frontier Springs,522195,FRONTSP,INE572D01014,Auto Components,Auto Components & Equipments,1257.90,1486.28,87.44,1870.05,1405.51,32.73,10.80,51.76,12.01,-18.52,14.74,16.59,-27.61,24.22,14.28,15.71,0.00,25.37,100.17,21.07,325.17,27.05,4.14,12.01,58.59,50.92,39.88,38.12,15.31,7.01,31.41,22.11,1407.00,25.92,20.49,37.96,5.20,5.82,3.50,171.64,48.29,101.97,17.42,8.10,78.46,17968.00,14585.00,10840.00,0.00,0.36,47.89,3.50
FSN E-Commerce,543384,NYKAA,INE388Y01029,Retailing,E-Retail/ E-Commerce,340.00,97379.87,785.92,429.00,279.09,2.38,1237.81,52.07,80.01,243.10,23.32,78.38,1.28,111.90,67.74,32.98,0.00,365.82,3004.35,28.06,10649.41,27.41,29.10,79.76,266.20,17.23,15.29,233.75,2.87,63.13,644.30,466.63,278.48,233.57,0.39,61.65,217.15,8.90,320.03,1151.65,0.16,3188.94,111.65,67.70,2782.00,383806.00,395677.00,436359.00,13.73,24.08,10.12,320.03
Fujiyama Power,544613,UTLSOLAR,INE12UR01024,Electrical Equipment,Other Electrical Equipment,444.20,13632.58,495.82,494.25,295.09,10.13,519.56,86.63,181.52,168.56,67.59,106.32,-45.64,185.62,67.31,62.90,0.00,32.61,1168.14,105.69,3402.85,94.97,125.28,57.80,418.05,34.95,36.42,131.34,13.49,45.39,-2.89,18.14,293.60,217.47,6.05,60.34,20.56,-14.86,160.83,1242.71,0.01,1409.40,21.64,10.69,1345.69,60134.00,80691.00,,1.63,5.98,5.76,160.83
Fusion Finance,543652,FUSION,INE139R01012,Finance,Microfinance Institutions,205.24,3318.40,485.39,669.07,190.39,15.54,5570.76,53.97,62.41,167.65,-92.25,114.19,-45.35,-13.78,14.05,-22.14,1.15,19.69,371.41,-7.34,1699.45,-18.05,3.59,62.41,168.51,5.92,0.68,113.15,13.62,-0.64,1146.25,1447.88,190.24,126.65,-0.85,50.51,853.05,4.98,2005.44,2294.41,2.06,2170.47,10.75,1.35,458.17,68121.00,70009.00,79097.00,4.77,15.25,25.78,2005.44
G M Breweries,507488,GMBREW,INE075D01018,Beverages,Breweries & Distilleries,893.30,2040.92,186.26,1328.80,929.40,32.77,0.00,74.43,37.74,45.94,25.86,54.07,-30.20,52.00,42.01,34.89,0.00,12.10,219.07,21.35,784.57,21.26,22.55,37.74,168.71,17.96,12.52,29.82,18.91,2.56,-95.62,161.68,929.76,53.73,22.76,47.27,94.67,0.27,12.16,1055.41,570.40,197.40,8.94,1.89,199.58,48929.00,47363.00,49406.00,0.61,0.00,24.97,12.16
G M D C,532181,GMDCLTD,INE131A01031,Minerals & Mining,Industrial Minerals,578.95,18410.61,866.94,771.90,575.65,25.00,316.51,74.00,163.43,-0.21,163.77,170.43,-15.80,63.77,133.06,465.75,0.00,32.28,579.15,9.77,2827.42,2.25,23.76,163.43,570.34,10.80,8.34,-14.30,18.03,2.21,743.72,1059.37,575.62,96.05,2.01,50.32,582.69,-1.10,540.12,7009.14,463.54,3233.08,20.49,2.60,906.64,248480.00,241551.00,227850.00,3.66,0.81,21.53,540.12
G N F C,500670,GNFC,INE113A01013,Chemicals & Petrochemicals,Commodity Chemicals,584.25,8585.01,1377.20,912.00,508.45,5.61,5.39,41.30,312.00,275.90,83.00,396.00,-21.21,240.34,150.00,179.00,0.00,8.28,2361.97,20.02,8410.00,12.55,39.79,312.00,1037.00,12.03,9.14,84.52,13.94,0.74,654.07,605.18,507.69,330.03,16.36,61.62,2308.40,0.17,1109.19,8968.26,1692.88,5499.68,4.42,0.94,2238.00,260335.00,265793.00,272575.00,13.11,11.02,34.57,1109.19
G R Infraproject,543317,GRINFRA,INE201P01022,Construction,Civil Construction,905.20,8758.76,1851.90,2277.00,963.81,33.55,4871.82,74.69,311.69,27.71,244.06,185.47,70.49,257.88,258.75,189.57,0.00,9.33,2060.65,28.62,9194.94,25.06,40.06,357.79,938.98,11.92,9.20,-12.58,11.21,-0.53,-2811.48,-2041.87,964.40,406.70,26.61,57.31,895.66,-16.13,1212.09,9331.27,2370.94,6476.73,6.23,0.93,2784.11,60541.00,61528.00,64119.00,2.46,19.48,3.38,1212.09
G S F C,500690,GSFC,INE026A01025,Fertilizers & Agrochemicals,Fertilizers,160.07,6378.43,1077.66,322.45,170.31,27.49,26.66,37.84,158.53,14.42,138.55,52.10,204.07,252.79,158.15,324.11,0.00,9.21,4514.27,41.63,12344.24,29.18,64.03,158.54,692.76,7.16,5.51,7.86,4.42,2.29,136.14,83.48,170.41,340.62,6.34,49.37,1907.27,-2.66,200.11,12186.75,4609.70,6094.04,5.60,0.52,3583.15,298987.00,303830.00,324259.00,12.36,7.32,36.82,200.11
Gabriel India,505714,GABRIEL,INE524A01029,Auto Components,Auto Components & Equipments,1342.60,23794.90,457.72,1600.00,1135.27,16.09,148.12,63.55,107.35,1.99,105.26,119.11,-9.16,91.40,54.67,69.03,0.00,66.05,1411.67,19.60,5165.43,18.71,15.50,108.13,360.25,25.61,20.20,23.10,7.58,,345.27,203.82,1133.19,129.74,5.12,41.09,39.44,2.96,202.66,1354.38,120.69,1380.25,40.11,14.09,1425.68,134530.00,144400.00,135458.00,6.35,12.92,17.17,202.66
GAIL (India),532155,GAIL,INE129A01019,Gas,Gas Transmission/Marketing,174.49,114728.91,14521.99,246.35,169.87,6.62,24831.49,51.79,4665.36,96.92,2369.20,1484.72,215.30,3092.70,1729.13,1988.71,0.00,11.61,37749.86,6.23,147484.65,3.52,16.67,4670.99,9878.65,9.67,8.71,1.35,11.34,0.88,11248.65,15727.27,169.82,4402.81,4.70,51.32,2720.52,3.13,2126.66,82474.50,26233.22,19794.58,7.69,1.29,41197.61,1566827.00,1617716.00,1638227.00,15.00,19.09,6.52,2126.66
Gaja Alternative Asset,544885,GAJA,INE18UN01038,Capital Markets,Asset Management Company,168.67,2378.42,93.93,191.65,168.67,11.99,53.16,54.23,60.27,,,,,,,,0.00,30.01,,,135.53,11.09,,62.09,79.26,17.02,15.92,33.15,62.53,-29.98,-14.98,-8.75,,,,,25.28,-0.68,106.08,550.07,360.11,322.89,24.76,,99.30,133426.00,,,2.81,15.07,27.89,106.08
Gala Precis. Eng,544244,GALAPREC,INE0RE001014,Industrial Manufacturing,Industrial Products,1040.60,1333.65,57.86,1480.80,924.73,17.41,38.14,54.34,8.33,26.40,6.59,12.20,-33.03,11.07,8.30,8.39,0.00,35.04,92.05,28.90,326.60,31.83,19.50,8.19,38.06,15.60,13.24,39.47,11.04,9.50,10.17,2.75,923.57,14.97,8.64,46.38,59.44,-6.15,50.43,280.09,0.00,243.95,22.04,4.55,75.38,22510.00,21695.00,25547.00,1.30,5.78,38.58,50.43
Galaxy Surfact.,540935,GALAXYSURF,INE600K01018,Chemicals & Petrochemicals,Specialty Chemicals,2338.80,8292.16,498.74,3600.00,2007.29,12.05,235.47,70.91,165.92,108.73,79.49,62.43,165.77,134.36,58.97,66.49,0.03,22.82,1718.89,29.61,5752.26,27.05,39.44,165.92,363.40,13.53,10.89,19.27,9.31,1.79,332.66,420.51,2003.96,183.02,37.90,63.00,215.84,9.18,274.87,2709.38,473.63,1970.21,13.42,3.02,1781.90,46661.00,47746.00,51272.00,3.81,13.52,11.75,274.87
Gallantt Ispat L,532726,GALLANTT,INE297H01019,Industrial Products,Iron & Steel Products,583.50,14078.74,776.04,948.00,623.55,38.45,547.69,70.03,123.67,-28.84,173.79,122.83,0.68,112.64,100.41,88.93,0.00,32.30,1058.18,4.49,4436.81,4.13,1.59,123.67,435.84,18.23,15.73,-3.72,10.79,3.04,602.26,578.80,623.96,154.82,4.67,43.56,258.13,8.02,503.15,3074.95,25.30,2007.43,19.46,4.25,1145.67,29986.00,21181.00,19885.00,0.02,0.08,29.85,503.15
Gandhar Oil Ref.,544029,GANDHAR,INE717W01049,Petroleum Products,Lubricants,255.39,2499.75,250.40,344.60,178.33,15.77,315.07,66.60,192.29,633.09,26.23,40.68,455.71,136.24,34.33,39.77,0.00,8.29,1630.79,53.86,5052.27,32.78,91.81,205.89,301.41,13.33,10.48,299.64,11.89,3.05,127.77,14.72,177.56,159.50,13.00,61.05,152.40,0.36,131.69,1332.80,3.23,1673.04,5.55,1.85,1731.93,134265.00,139482.00,145648.00,1.27,1.02,31.10,131.69
Gandhi Spl. Tube,513108,GANDHITUBE,INE524B01027,Industrial Products,Iron & Steel Products,901.50,1095.50,86.21,1033.70,842.21,12.79,0.10,73.52,27.94,29.29,21.61,9.21,198.50,23.65,19.70,17.69,0.00,14.52,55.13,14.83,200.86,11.70,18.89,27.94,75.43,28.44,19.95,14.34,48.85,2.03,55.20,47.05,841.62,24.71,19.46,55.42,3.83,13.97,6.63,309.87,213.49,84.21,10.51,3.47,57.20,13841.00,12082.00,11475.00,1.23,0.05,25.20,6.63
Ganesh Benzopl.,500153,GANESHBE,INE388A01029,Oil,Oil Storage & Transportation,122.27,880.21,119.01,217.05,99.94,5.95,75.80,39.01,17.58,-6.54,18.81,15.29,14.98,16.69,16.15,23.76,0.00,13.44,115.49,16.66,433.30,13.31,22.88,17.58,65.51,14.60,11.62,-21.88,14.96,1.02,79.28,54.94,99.72,25.24,2.32,58.49,98.78,1.63,79.49,603.75,23.78,243.73,7.50,1.44,117.50,51013.00,51145.00,53546.00,1.12,0.98,58.88,79.49
Ganesh Consumer,544528,GANESHCP,INE652V01016,Food Products,Packaged Foods,166.07,671.14,91.06,309.95,204.26,46.42,26.54,65.65,12.52,31.37,9.53,9.54,31.24,16.85,12.20,11.12,0.00,14.79,232.31,-2.66,856.99,-0.81,-7.10,12.52,45.38,19.35,14.19,44.57,6.64,1.03,80.46,46.08,204.64,23.91,4.17,45.13,1.27,12.16,130.94,330.58,0.00,241.56,6.20,1.81,188.54,46230.00,47770.00,,2.26,5.50,26.59,130.94
Ganesh Green,,GGBL,INE0R8C01018,Electrical Equipment,Other Electrical Equipment,228.75,567.32,111.02,635.00,305.84,51.84,49.58,73.42,42.34,147.60,17.10,32.81,29.05,,,,0.00,7.55,,,1064.73,241.93,300.98,42.34,75.15,36.81,31.76,153.71,5.84,-13.70,13.29,-40.15,306.62,,,30.30,44.79,-6.25,30.92,249.36,0.00,377.47,5.28,2.07,724.85,5522.00,5501.00,5607.00,0.00,0.76,25.82,30.92
Ganesh Housing,526367,GANESHHOU,INE460C01014,Realty,"Residential, Commercial Projects",813.40,6782.71,449.70,1485.00,773.94,13.27,525.68,73.06,41.96,-54.91,93.06,61.36,-31.62,148.53,53.74,108.09,0.00,25.58,235.26,35.04,640.50,-28.55,85.62,41.96,265.15,18.78,16.03,-54.07,14.99,2.04,212.80,409.84,773.54,155.87,17.81,52.36,157.46,10.01,58.80,2026.97,0.00,1852.97,16.79,3.21,279.93,33191.00,34764.00,40142.00,0.63,0.33,25.96,58.80
Ganesha Ecosphe.,514167,GANECOS,INE845D01014,Textiles & Apparels,Other Textile Products,1045.20,2800.72,159.08,2484.20,1048.29,25.13,495.62,39.33,29.03,170.05,10.75,23.21,25.08,15.97,4.75,-0.50,31.87,49.58,420.35,15.68,1568.21,6.96,25.67,29.03,56.49,5.42,3.15,-38.15,6.85,3.29,170.70,41.24,1048.32,42.89,5.96,41.68,121.74,-5.42,121.28,1248.88,26.20,821.08,17.38,2.20,423.67,58781.00,58405.00,62132.00,10.38,15.07,35.00,121.28
Garden Reach Sh.,542011,GRSE,INE382Z01011,Aerospace & Defense,Aerospace & Defense,2630.30,30130.61,1069.69,3538.40,2567.68,21.22,37.39,74.50,172.84,43.82,120.18,303.20,-42.99,207.10,170.77,153.79,0.00,37.64,2316.43,38.10,7506.90,39.64,38.53,172.84,800.60,42.96,31.79,42.86,9.52,106.18,-289.72,15.59,2567.05,227.11,18.08,52.18,3731.85,-16.46,3388.09,2511.57,0.00,9696.60,23.62,11.47,1814.62,399380.00,407526.00,407707.00,3.21,1.93,20.36,3388.09
Garuda Cons,544271,GARUDA,INE0JVO01026,Construction,Civil Construction,183.22,1704.71,167.15,249.45,175.08,26.55,12.04,67.56,41.56,48.38,28.01,34.42,20.74,63.12,32.97,27.14,0.00,12.53,205.53,76.48,580.94,84.38,40.12,41.56,136.09,41.81,31.18,96.75,23.70,-13.26,40.91,-110.70,175.00,64.00,6.78,54.50,44.47,-6.47,22.83,407.80,0.09,528.21,9.13,3.75,175.38,49675.00,49607.00,43469.00,2.63,0.23,29.58,22.83
Garware Hi Tech,500655,GRWRHITECH,INE291A01017,Industrial Products,Plastic Products - Industrial,7115.50,16531.01,499.55,7990.00,5286.55,10.94,15.66,60.73,132.65,59.78,83.02,108.21,22.59,131.34,55.77,91.23,0.00,42.62,648.53,13.84,2258.20,6.02,27.90,132.65,387.86,18.02,13.45,19.02,20.95,5.66,275.33,329.72,5268.17,147.88,56.53,52.28,120.48,7.21,155.40,2632.93,697.54,1296.06,28.84,6.22,633.08,56759.00,54492.00,54335.00,4.22,6.35,28.72,155.40
Garware Tech.,509557,GARFIBRES,INE276A01018,Textiles & Apparels,Other Textile Products,792.75,7741.07,331.53,986.39,716.49,8.18,42.82,54.25,64.60,21.68,53.09,67.45,12.82,56.39,56.34,31.94,0.00,35.13,396.69,14.02,1643.93,4.64,31.35,64.60,220.38,21.98,16.11,-7.36,13.39,3.73,162.07,196.12,715.72,68.75,5.77,55.78,50.61,10.75,139.72,1255.16,495.64,910.99,21.88,5.81,482.37,39254.00,41415.00,43980.00,8.67,10.11,26.98,139.72
Gateway Distri,543489,GATEWAY,INE079J01017,Transport Services,Logistics Solution Provider,53.43,2669.60,497.46,121.55,59.00,21.10,645.77,33.93,47.73,-20.79,60.25,60.57,-19.53,78.61,67.16,66.30,0.00,10.89,638.59,12.56,2210.68,17.72,-0.21,51.26,245.15,10.83,11.47,0.80,9.12,0.57,469.05,384.87,59.05,136.88,1.50,37.95,16.00,10.18,21.29,1793.14,96.99,450.03,6.64,1.16,549.30,126958.00,127411.00,128030.00,6.98,32.42,26.68,21.29
Gaudium IVF,544709,GAUDIUMIVF,INE0P8B01020,Healthcare Services,Healthcare Service Provider,117.00,851.61,38.24,163.70,105.14,28.53,24.57,71.29,1.78,-42.02,3.07,8.36,-78.71,,3.63,9.38,0.00,36.79,,,105.97,47.57,9.12,1.78,23.15,29.28,24.66,28.02,9.18,8.06,7.25,8.72,105.02,,,39.35,7.22,1.53,8.79,115.91,5.00,73.30,23.78,5.59,19.38,21910.00,19854.00,,3.01,2.22,23.47,8.79
Gayatri Projects,532767,GAYAPROJ,INE336H01023,Construction,Civil Construction,22.06,1024.24,137.99,228.22,16.10,15.15,311.35,23.56,58.96,10265.52,-0.58,19.57,133.44,5.64,2157.08,-3.38,4.89,8.20,261.98,258.24,999.08,145.41,198.73,37.12,124.88,6.98,,-24.01,25.77,-0.45,490.34,276.92,16.04,19.08,0.12,57.83,249.77,16.44,22.70,569.44,230.01,1779.75,6.95,0.68,228.77,43853.00,44165.00,47488.00,17.99,0.68,57.76,22.70
GE Power,532309,GVPIL,INE878A01011,Electrical Equipment,Heavy Electrical Equipment,643.60,4326.76,399.95,1109.00,612.45,40.63,17.59,68.58,67.17,42.52,47.13,127.27,-52.54,49.16,72.32,32.36,0.00,11.70,325.68,16.10,1291.23,18.73,7.61,53.73,369.72,81.99,62.17,550.11,21.76,1.48,469.36,379.04,612.14,56.77,7.31,31.44,442.06,72.15,430.42,515.31,45.93,1920.01,9.50,7.43,308.69,69908.00,67300.00,73480.00,1.17,1.05,28.81,430.42
GE Shipping Co,500620,GESHIP,INE017A01032,Transport Services,Shipping,1332.20,19019.44,3610.41,1798.00,1323.14,25.91,1087.15,30.08,1308.84,159.43,504.50,1044.09,25.36,796.45,812.52,581.41,0.00,5.08,1750.53,40.97,6212.98,23.87,66.91,1308.84,3746.86,15.79,15.93,126.09,65.27,0.60,2853.87,2647.36,1323.04,1084.79,55.79,47.32,5726.40,11.84,5511.34,16819.72,2391.53,7372.52,2.98,1.12,2005.36,168304.00,156718.00,209359.00,31.03,12.81,26.08,5511.34
GE Vernova T&D,522275,GVT&D,INE200A01026,Electrical Equipment,Heavy Electrical Equipment,4340.00,111125.70,1797.27,5650.00,3947.18,23.19,24.00,51.00,362.99,24.65,291.20,347.47,3.19,546.83,290.80,299.48,0.00,82.30,2204.39,43.29,6712.32,43.91,38.04,362.99,1350.28,77.44,57.40,76.51,19.77,14.33,1709.88,903.58,3943.23,569.03,21.36,51.30,472.82,41.68,1527.72,2639.08,0.00,6519.53,58.52,41.31,1836.14,138122.00,110662.00,90663.00,22.89,18.46,7.65,1527.72
GEE,504028,,INE064H01021,Electrical Equipment,Other Electrical Equipment,132.00,686.10,34.75,142.80,91.73,7.56,60.96,63.58,4.08,316.33,0.98,5.41,93.50,6.92,4.27,4.21,43.62,38.18,105.95,24.00,392.82,18.70,29.91,6.85,17.97,11.35,7.53,264.86,3.97,5.02,-7.81,13.76,91.33,9.84,1.33,60.66,3.96,4.08,0.80,204.61,0.16,161.70,19.46,3.19,102.86,6318.00,5260.00,4559.00,1.15,0.00,35.27,0.80
GeeCee Vent.,532764,GEECEE,INE916G01016,Realty,"Residential, Commercial Projects",366.05,765.47,53.23,477.50,334.60,8.25,0.00,67.72,6.84,104.81,3.34,23.57,-64.32,26.86,4.94,10.24,0.00,16.79,56.04,217.14,104.11,-6.54,384.01,8.41,45.59,6.31,5.21,16.04,20.63,1.73,-90.98,215.65,334.28,29.66,11.53,53.94,276.60,3.66,233.20,814.18,470.56,935.06,8.90,0.92,36.93,6969.00,7004.00,7474.00,0.00,0.13,32.16,233.20
Gem Aromatics,544491,GEMAROMA,INE06XZ01023,Chemicals & Petrochemicals,Specialty Chemicals,172.35,900.31,41.65,349.60,190.71,47.12,151.85,57.44,-7.87,-198.62,7.98,1.01,-879.21,-4.80,-4.99,-2.58,0.00,,76.01,-15.10,377.69,-24.30,12.80,-7.87,-14.43,3.43,0.39,-127.34,-7.96,6.56,29.60,-24.92,190.90,4.12,-0.92,43.77,4.05,-11.64,15.94,439.49,0.00,364.14,35.91,2.00,98.85,60190.00,62512.00,,0.75,4.81,37.00,15.94
General Insuranc,540755,GICRE,INE481Y01014,Insurance,General Insurance,349.75,61360.14,11483.63,525.50,373.65,16.33,0.82,77.40,1743.67,-31.10,2530.59,2532.59,-31.15,2340.82,1725.66,2873.54,0.00,6.91,12965.34,1.65,52763.24,2.74,-1.52,1743.67,8875.46,17.35,14.64,3.66,12.11,1.07,466.43,1975.99,373.89,2346.25,13.34,38.75,25279.64,1.10,28488.88,73241.06,154855.41,61783.05,2.86,0.83,14400.90,224351.00,217494.00,226765.00,2.43,17.73,2.45,29609.45
Genesys Intl.,506109,GENESYS,INE727B01026,IT - Services,IT Enabled Services,246.30,1646.88,129.05,719.57,238.49,44.26,172.94,31.50,5.33,-25.14,7.12,12.36,-58.49,8.30,1.05,12.05,16.00,47.32,82.65,7.41,338.31,3.73,14.80,5.28,34.80,8.23,5.74,-39.96,6.49,-26.30,15.81,-52.86,238.41,28.32,1.24,65.90,17.91,-9.18,103.88,682.63,0.00,630.75,13.39,2.34,81.36,39922.00,43377.00,44247.00,1.53,1.12,65.86,103.88
Genus Power,530343,GENUSPOWER,INE955D01029,Electrical Equipment,Other Electrical Equipment,341.10,10377.72,983.63,477.14,305.84,4.97,2302.37,39.34,196.64,43.20,137.32,171.76,14.49,294.29,140.24,142.97,4.52,15.93,1907.65,66.03,5173.37,74.17,44.83,196.64,651.61,23.94,29.00,64.05,14.41,-6.06,-203.24,-443.37,305.49,368.36,9.67,65.75,760.01,-10.87,721.81,2189.97,168.91,5166.54,11.23,4.68,1364.88,167535.00,162150.00,183554.00,18.73,3.04,38.85,721.81
Geojit Fin. Ser.,532285,GEOJITFSL,INE007B01023,Capital Markets,Stockbroking & Allied,80.86,2256.98,165.54,159.38,74.59,5.31,122.69,38.47,19.80,-28.49,27.69,17.56,13.51,22.71,13.98,23.47,9.31,29.02,172.77,1.75,672.12,-5.45,11.38,19.83,77.78,9.02,7.32,-48.39,12.36,2.26,236.41,166.75,74.53,36.40,0.81,55.47,1032.90,4.33,936.10,1173.26,117.33,1243.08,9.11,1.88,160.40,93852.00,97309.00,101861.00,1.58,10.04,49.89,936.10
GFL,500173,GFLLIMITED,INE538A01037,Finance,Holding Company,55.79,612.85,52.77,164.70,50.84,31.12,0.00,68.72,7.44,191.18,-8.16,25.56,-70.89,0.42,13.00,14.63,0.00,10.11,1.02,10.70,3.79,10.50,11.96,7.44,60.63,2.07,1.77,205.96,722.33,0.50,0.41,0.50,50.79,0.42,0.04,65.24,0.47,0.02,0.51,2553.73,2701.34,32.94,8.63,0.24,1.03,28941.00,29056.00,29518.00,0.20,0.00,31.06,0.51
GHCL,500171,GHCL,INE539A01019,Chemicals & Petrochemicals,Commodity Chemicals,437.85,4033.94,741.14,779.30,487.01,34.45,83.30,19.83,115.64,-23.05,150.27,106.01,9.08,147.48,106.70,144.11,0.00,8.84,776.01,-2.50,3064.21,-3.75,1.16,115.64,456.45,17.41,12.97,-24.00,14.63,0.45,687.30,637.88,487.50,178.24,16.01,50.12,445.90,13.35,89.92,3459.96,1041.86,892.84,5.43,1.13,790.51,98031.00,94819.00,101128.00,22.44,11.20,46.52,89.92
GHCL Textiles,543918,GHCLTEXTIL,INE0PA801013,Textiles & Apparels,Other Textile Products,126.70,1211.07,148.14,129.44,95.00,2.12,134.22,19.20,39.35,191.05,13.52,27.66,42.26,38.92,13.18,16.01,0.00,12.59,460.64,36.27,1459.79,27.94,52.73,39.35,96.20,5.75,4.34,66.75,9.62,2.16,4.55,162.16,94.69,59.79,4.07,62.77,5.06,-1.32,4.50,1483.37,14.15,621.54,6.93,0.81,408.94,60005.00,60936.00,65210.00,13.24,1.09,66.47,4.50
GHV Infra,505504,,INE809Q01020,Construction,Civil Construction,286.70,2066.39,98.91,368.50,253.17,22.20,192.45,63.98,7.36,,,18.17,-59.49,,14.55,11.22,19.52,40.28,,,753.62,232.90,,7.36,51.30,,37.28,185.83,3.37,,-63.66,,252.84,,,63.61,,,8.97,95.45,0.01,428.68,19.61,15.72,218.60,5320.00,3368.00,188.00,0.00,0.00,36.02,8.97
GIC Housing Fin,511676,GICHSGFIN,INE289B01019,Finance,Housing Finance Company,141.75,763.32,856.99,623.40,157.00,22.96,9118.76,42.41,10.04,36.60,7.35,53.58,-81.26,46.52,43.61,49.95,0.00,4.86,273.87,0.86,1083.61,1.24,0.52,10.04,157.18,7.71,7.59,14.88,3.76,0.12,-320.16,-17.80,157.16,222.33,8.64,43.10,57.59,0.52,44.01,2051.76,210.82,69.96,10.98,0.36,266.74,61754.00,61368.00,65375.00,1.40,2.53,53.65,44.01
Gillette India,507815,GILLETTE,INE322A01010,Personal Products,Personal Care,7403.50,24128.01,971.65,11505.00,8087.12,31.07,0.02,75.00,159.45,9.44,145.69,192.51,-17.17,230.05,172.46,143.65,0.00,36.12,881.11,8.67,3175.83,7.96,10.80,159.45,668.07,90.69,66.50,18.59,20.36,4.19,606.64,327.85,8093.99,253.89,70.60,32.37,419.14,41.70,269.26,913.84,0.00,1260.48,24.17,25.49,783.02,66389.00,62885.00,49531.00,4.33,8.76,11.91,269.26
GK Energy,544525,GKENERGY,INE1AG301022,Construction,Civil Construction,133.82,2714.10,313.19,239.60,137.28,44.15,202.66,79.20,59.67,61.53,36.94,59.05,1.05,89.90,58.83,46.46,0.00,12.12,530.92,48.09,1742.46,40.71,71.09,59.67,224.01,40.87,36.80,46.17,11.81,-16.57,52.90,-98.61,137.32,98.92,4.43,55.66,62.72,-6.86,443.28,844.07,5.00,1177.35,7.25,3.07,505.19,53494.00,50033.00,,1.30,7.16,12.35,443.28
GKW,,GKWLIMITED,INE528A01020,Finance,Investment Company,1580.00,943.26,16.00,4149.90,1705.46,20.42,0.38,75.00,10.78,-21.94,13.81,-5.61,292.16,,5.08,-15.59,0.00,,30.61,181.60,32.41,-13.89,2.20,10.78,-5.34,0.47,-0.11,22.83,72.45,-2.27,20.72,-202.91,1706.72,,,32.37,213.82,-2.24,18.83,2614.20,532.08,20.60,71.52,0.36,14.88,22154.00,22248.00,22515.00,3.10,1.02,20.88,18.83
Gland Pharma,543245,GLAND,INE068V01023,Pharmaceuticals & Biotechnology,Pharmaceuticals,2903.20,47893.12,1942.95,4350.00,2146.55,4.49,283.59,51.77,316.96,47.09,215.48,366.68,-13.56,321.66,261.48,183.68,0.00,41.80,1781.04,19.78,6725.30,17.57,19.57,316.96,1145.81,15.11,10.68,48.76,17.61,4.68,1031.39,914.73,2138.95,445.19,19.50,66.87,2556.21,5.50,3359.11,10341.47,0.00,7526.79,21.64,4.62,1800.27,108266.00,91500.00,110671.00,8.74,30.44,9.06,3359.11
Glaxosmi. Pharma,500660,GLAXO,INE159A01016,Pharmaceuticals & Biotechnology,Pharmaceuticals,3034.40,51404.57,1374.98,3515.95,2524.06,0.67,33.27,75.00,237.18,15.69,205.01,277.86,-14.64,337.38,295.62,257.49,0.00,48.82,1065.62,8.74,3954.94,5.75,16.55,237.18,1052.94,61.41,45.61,11.20,25.27,5.05,903.30,1289.90,2518.93,357.20,19.92,74.78,1403.52,42.48,1391.02,2098.01,1391.83,2215.24,33.39,22.67,938.44,126087.00,121763.00,123629.00,4.79,7.81,12.42,1391.02
Glenmark Pharma.,532296,GLENMARK,INE935A01035,Pharmaceuticals & Biotechnology,Pharmaceuticals,2438.30,68814.84,5033.04,2474.00,2140.19,1.44,593.53,46.65,482.92,85.50,260.33,562.54,60.24,1776.18,403.23,610.43,0.00,22.05,7701.49,27.36,17736.56,32.94,23.10,482.82,3120.92,39.77,23.56,134.15,12.01,6.74,3445.03,-827.60,2137.19,2114.72,62.94,67.96,1705.23,-1.93,1176.26,10483.89,42.36,11299.71,12.88,6.55,4018.48,211418.00,196105.00,190210.00,20.89,18.60,13.81,1176.26
Global Education,,GLOBAL,INE291W01037,Other Consumer Services,Education,111.06,565.31,37.15,153.08,95.53,8.89,0.00,72.73,4.39,0.23,4.38,7.74,-43.28,11.83,6.00,6.57,0.00,22.89,33.59,36.07,88.16,28.49,-6.12,4.39,24.70,29.20,21.74,4.18,32.52,2.26,13.69,20.36,95.38,13.30,2.32,64.01,4.62,12.91,4.55,113.22,58.28,59.19,15.19,4.58,13.50,16909.00,17712.00,24081.00,0.03,0.08,27.16,4.55
Global Health,543654,MEDANTA,INE474Q01031,Healthcare Services,Hospital,1458.90,39225.70,1028.55,1513.90,1255.52,2.15,1190.05,33.00,158.73,-0.18,159.01,143.99,11.01,188.93,95.03,158.40,0.00,68.51,1356.72,23.43,4683.41,21.27,26.50,157.25,572.55,17.37,15.17,0.40,12.06,5.40,714.39,623.76,1253.48,287.31,7.03,61.01,1122.34,2.31,1130.23,3907.83,2.55,1674.92,36.40,9.90,1304.05,140531.00,147390.00,156372.00,9.46,16.89,40.55,1130.23
Globus Spirits,533104,GLOBUSSPR,INE615I01010,Beverages,Breweries & Distilleries,915.45,2880.12,268.82,1760.00,940.57,27.01,527.43,46.74,26.59,49.05,17.84,21.34,25.44,29.01,30.44,21.80,0.00,28.65,719.96,8.86,2799.19,7.88,12.71,26.48,100.53,11.25,8.76,296.57,3.36,,267.80,67.13,940.82,69.71,9.22,57.67,91.88,-1.47,70.66,1062.30,6.28,832.31,11.47,2.44,788.78,70001.00,66054.00,74458.00,13.77,10.46,29.02,70.66
Gloster Ltd,542351,GLOSTERLTD,INE350Z01018,"Paper, Forest & Jute Products",Jute & Jute Products,595.35,651.51,169.12,1012.41,640.28,21.30,959.20,72.68,-2.34,-178.00,3.00,8.21,-128.50,12.62,-0.74,7.67,0.00,50.90,588.62,63.46,1548.49,71.20,39.84,-2.34,12.80,5.85,1.84,773.68,-0.55,-24.49,-142.07,-99.04,640.73,58.41,11.53,33.11,25.25,-12.72,15.51,1077.71,114.08,1027.12,9.37,0.60,427.39,8159.00,8102.00,8866.00,0.00,14.08,13.24,15.51
Glottis,544557,GLOTTIS,INE0TQE01026,Transport Services,Logistics Solution Provider,65.77,607.73,56.37,93.00,64.32,29.28,52.82,74.23,10.69,-10.47,11.94,10.71,-0.19,12.05,2.70,12.36,0.00,16.67,217.33,1.22,788.94,-17.82,39.46,10.69,36.46,23.53,19.88,-36.41,4.56,,-68.79,1.09,64.31,14.76,1.30,46.65,14.81,-13.70,100.66,262.50,0.01,309.08,9.69,2.16,234.51,65826.00,72145.00,,0.85,0.84,24.08,100.66
GMM Pfaudler,505255,GMMPFAUDLR,INE541A01023,Industrial Manufacturing,Industrial Products,1017.40,4573.95,441.02,2304.62,939.89,22.19,1041.40,25.18,23.90,114.35,11.15,19.62,44.07,49.31,-11.35,39.38,0.00,36.31,1037.34,14.96,3654.15,13.91,16.39,22.10,125.96,13.64,6.69,48.91,2.39,1.24,388.80,378.10,939.11,117.56,10.97,66.34,467.10,14.54,687.64,1195.51,3.47,2425.79,11.17,3.80,924.76,96269.00,96506.00,103715.00,14.39,18.42,42.01,687.64
GMR Airports,532754,GMRAIRPORT,INE776C01039,Transport Infrastructure,Airport & Airport services,98.85,104375.48,6389.78,122.57,99.92,14.52,43282.52,67.16,91.04,144.06,-206.62,307.18,-63.06,394.59,173.96,35.06,16.44,185.77,4973.18,35.51,15569.06,38.80,23.76,147.96,561.87,11.65,,159.42,3.73,2.36,4883.53,3442.56,99.93,1909.74,0.23,31.57,943.92,0.31,992.69,-3535.66,5958.70,9792.37,21.96,,3966.88,676526.00,694272.00,814655.00,21.74,5.14,5.95,992.69
GMR Urban,543490,GMRP&UI,INE0CU601026,Power,Power Generation,95.06,7424.35,2141.88,169.25,105.04,30.74,11593.58,46.28,-41.47,48.83,-81.04,-111.67,68.84,-43.25,-160.27,894.70,59.96,,2038.24,12.59,7388.59,15.79,3.44,-35.38,-411.48,11.96,-14.34,-95.27,-2.07,0.36,1259.98,2832.74,105.14,452.33,-0.55,41.21,986.35,15.20,1174.38,1513.32,936.17,6438.25,8.45,3.90,1705.18,324898.00,328621.00,355493.00,16.00,5.47,32.23,1174.38
GNA Axles,540124,GNA,INE934S01014,Auto Components,Auto Components & Equipments,545.80,2343.16,240.58,603.10,426.86,9.50,218.08,65.78,38.27,66.46,22.99,30.82,24.17,45.02,31.95,31.19,4.53,17.72,411.05,18.14,1604.65,8.11,36.67,38.27,132.23,14.33,12.24,29.22,8.13,1.70,213.91,92.08,425.66,67.43,10.49,53.69,32.22,1.36,37.95,961.18,0.00,997.89,9.59,2.33,470.44,40672.00,40050.00,46814.00,1.70,11.59,20.94,37.95
GNG Electronics,544455,EBGNG,INE18JU01028,IT - Hardware,Computers Hardware & Equipments,577.20,6580.74,200.50,689.50,447.46,16.29,433.14,74.78,28.93,56.21,18.52,42.15,-31.36,49.25,38.69,32.66,0.00,46.20,603.88,37.27,1991.26,35.64,32.08,28.93,142.43,20.30,26.83,88.87,7.01,-24.14,-215.30,24.53,446.16,66.76,4.32,51.40,60.78,-5.34,118.24,734.99,0.00,1162.38,31.60,8.68,412.46,53228.00,49026.00,,5.27,6.82,13.13,118.24
Go Digit General,544179,GODIGIT,INE03JT01014,Insurance,General Insurance,259.10,23956.47,652.79,407.55,308.07,32.07,350.00,73.00,86.39,-37.55,138.33,149.42,-42.18,85.48,140.09,116.51,0.00,48.65,2659.97,6.91,10196.33,7.32,8.54,86.39,492.41,13.10,12.17,6.60,3.56,0.95,2025.69,1604.03,308.57,85.63,0.92,42.73,239.05,36.61,219.15,3738.05,22590.93,2090.96,41.07,5.14,2427.02,60707.00,59152.00,66167.00,8.23,15.01,3.77,219.15
Go Fashion (I),543401,GOCOLORS,INE0BJS01011,Retailing,Speciality Retail,343.60,1807.20,265.25,1453.00,407.76,54.84,532.50,55.45,16.49,-25.92,22.26,7.95,107.42,12.43,7.17,21.80,7.56,33.84,219.45,-2.11,838.02,-1.51,0.00,16.49,53.41,10.76,8.52,-38.68,7.40,1.01,164.70,198.76,408.41,61.25,2.36,53.12,238.34,12.72,154.66,637.70,3.18,603.14,8.45,2.62,222.84,35531.00,34748.00,29485.00,3.50,25.88,15.18,154.66
GOCL Corpn.,506480,GOCLCORP,INE077F01035,Chemicals & Petrochemicals,Explosives,397.40,1970.01,384.43,700.00,353.23,13.61,0.62,67.82,41.16,-5.92,43.75,42.82,-46.24,-8.74,210.27,14.03,0.00,7.37,2.22,0.17,10.66,-25.92,26.55,40.40,267.22,13.09,11.41,135.85,959.44,-6.78,-33.52,15.67,352.79,-6.24,-1.76,45.24,49.34,17.73,58.31,3133.02,56.28,3366.41,5.30,0.63,4.29,35590.00,38139.00,37967.00,5.34,1.34,25.19,58.31
Godavari Bioref.,544279,GODAVARIB,INE497S01012,Diversified FMCG,Diversified FMCG,243.15,1244.34,139.33,408.60,276.31,31.22,530.76,63.31,-19.32,-20.60,-16.02,50.33,-136.54,-15.55,8.25,-41.59,0.00,42.89,449.65,4.39,2012.58,7.00,4.62,-19.32,29.01,6.55,4.28,317.63,-3.46,0.82,171.33,6.15,276.64,10.91,-3.04,40.84,31.38,1.82,32.15,737.11,0.05,991.52,12.87,1.58,557.88,89419.00,88777.00,96217.00,0.22,10.02,26.44,32.15
Godawari Power,532734,GPIL,INE177H01039,Industrial Products,Iron & Steel Products,245.83,16546.75,1353.40,320.00,255.80,23.18,443.48,63.18,221.74,2.68,215.96,293.23,-20.64,239.84,143.45,161.65,0.00,20.19,1519.03,16.16,5807.87,8.43,32.29,222.37,819.66,20.37,15.20,10.67,12.70,1.23,1157.41,895.46,255.90,310.01,3.55,49.75,694.33,6.14,1144.59,5746.63,390.74,2640.10,11.52,2.84,1750.47,150509.00,138643.00,150997.00,6.00,3.10,27.72,1144.59
Godfrey Phillips,500163,GODFRYPHLP,INE260B01028,Cigarettes & Tobacco Products,Cigarettes & Tobacco Products,2153.30,33587.55,1918.67,3947.00,2301.31,45.44,233.68,72.58,198.39,-44.32,356.31,520.73,-61.95,247.91,343.29,304.99,0.21,24.56,1314.80,2.00,6110.42,1.69,-18.89,198.39,1367.44,30.25,23.38,11.70,16.46,6.31,518.16,107.25,2302.80,279.41,15.89,49.47,30.31,1.99,32.61,6181.24,3299.06,3849.77,17.96,5.41,1205.51,156601.00,166845.00,63714.00,7.80,3.66,15.93,32.61
Godrej Agrovet,540743,GODREJAGRO,INE850D01014,Food Products,Animal Feed,625.75,12036.92,969.81,877.85,596.54,17.98,1574.08,67.75,134.50,-16.21,160.52,104.85,25.45,136.30,109.73,84.34,0.00,25.65,2803.15,9.18,10473.61,8.58,9.22,128.31,469.22,19.16,20.89,3.10,4.49,1.31,1281.17,969.34,596.24,227.80,7.09,67.92,39.33,18.15,302.06,1839.75,114.83,2762.44,13.54,5.92,2855.22,114250.00,111365.00,118739.00,6.48,5.28,20.49,302.06
Godrej Consumer,532424,GODREJCP,INE102D01028,Personal Products,Personal Care,922.80,94430.58,3368.97,1541.85,1081.82,29.50,4420.52,53.06,516.12,10.55,466.86,516.23,11.68,676.86,497.91,459.34,0.00,45.48,4254.68,11.23,15948.95,9.16,15.39,504.52,2076.13,18.75,16.08,9.45,12.21,3.52,2488.47,2576.75,1083.42,840.31,6.61,31.53,483.06,11.60,1005.41,12545.92,2766.84,5167.47,27.98,7.47,4225.47,212717.00,213565.00,228652.00,12.33,19.58,15.03,1005.41
Godrej Industrie,500164,GODREJIND,INE233A01035,Diversified,Diversified,1138.00,38333.65,5983.35,1443.65,1119.35,21.17,51564.41,74.64,284.36,-18.57,349.22,445.08,-37.76,-381.84,352.68,492.95,0.00,31.86,6137.78,21.97,23225.14,16.89,22.16,523.36,1203.30,8.17,9.26,19.36,9.61,-0.63,-8854.90,-5150.78,1119.16,503.03,-6.16,29.45,6782.47,-10.33,6927.46,11142.81,11247.18,83478.90,13.18,3.43,5448.09,84502.00,84014.00,84610.00,4.56,3.47,17.32,6927.46
Godrej Propert.,533150,GODREJPROP,INE484J01027,Realty,"Residential, Commercial Projects",2035.10,61302.60,2614.38,3402.70,1936.52,13.47,15894.09,51.66,350.10,-41.66,600.12,651.39,-45.87,-670.64,193.87,402.99,0.00,37.89,1062.23,43.47,5203.04,12.66,16.48,349.38,1617.77,7.63,8.82,9.31,69.02,-2.97,-2003.34,-2242.38,1935.53,-584.02,-22.26,49.76,5385.79,-6.33,5717.82,19004.94,5510.68,72934.05,29.10,3.20,506.17,189178.00,189691.00,172914.00,25.32,9.03,14.02,5717.82
Goel Construct.,544504,,INE0ZOM01013,Construction,Civil Construction,404.00,583.76,80.61,505.50,372.69,20.08,7.97,71.83,29.49,36.84,21.55,16.76,75.95,,,,0.00,12.88,,,657.30,11.41,29.61,29.49,45.34,33.92,23.51,17.77,7.16,1.20,62.82,38.34,372.38,,,35.44,34.64,12.50,80.99,239.62,64.12,278.60,6.34,2.30,411.92,1095.00,1216.00,,2.28,6.47,19.41,80.99
Gokaldas Exports,532630,GOKEX,INE887G01027,Textiles & Apparels,Garments & Apparels,787.10,5767.68,433.68,1262.15,766.20,17.57,1273.21,9.15,44.30,6.82,41.47,35.96,23.19,16.35,14.61,8.08,96.28,56.02,1090.82,10.82,4185.36,7.65,20.69,44.30,102.95,8.39,4.72,-40.43,3.84,5.52,51.59,57.20,765.99,92.32,2.23,45.24,166.16,-12.23,135.89,2123.78,589.62,2262.12,15.20,2.67,1153.51,80401.00,85609.00,61376.00,14.46,43.41,32.98,135.89
Gokul Agro,539725,GOKULAGRO,INE314T01033,Agricultural Food & other Products,Edible Oil,245.39,7241.13,716.20,259.80,203.68,5.55,589.11,74.24,122.64,71.26,71.61,118.92,3.13,185.92,77.70,101.15,13.69,17.22,7755.24,16.83,24434.58,21.05,7.26,122.64,420.41,36.73,30.05,59.07,2.32,2.36,324.98,467.21,203.26,249.14,6.30,63.67,396.14,9.04,571.88,1393.30,135.26,3850.48,9.18,5.09,5281.95,50407.00,52418.00,50826.00,1.87,0.11,23.78,571.88
Goldiam Intl.,526729,GOLDIAM,INE025B01025,Consumer Durables,"Gems, Jewellery And Watches",357.05,5375.64,248.67,426.75,308.83,10.33,77.01,58.51,73.98,119.59,33.69,37.31,98.71,45.90,68.39,31.36,0.00,25.47,250.15,29.74,1073.15,27.01,41.92,73.98,211.04,23.89,18.48,64.00,22.69,12.42,23.62,-12.88,308.35,51.68,3.05,47.59,182.03,3.10,306.02,1083.44,182.37,1246.85,16.85,4.86,326.03,75383.00,83563.00,82467.00,2.18,0.06,39.25,306.02
Goodluck India,530655,GOODLUCK,INE127I01024,Industrial Products,Iron & Steel Products,441.10,4398.45,418.50,557.58,426.62,20.89,1119.46,54.00,63.61,59.54,39.87,54.55,19.82,63.83,43.68,42.64,0.00,21.54,1144.23,15.42,4404.42,9.94,30.93,67.22,204.17,14.42,12.90,28.75,5.22,3.86,200.24,158.26,426.48,113.49,6.06,39.82,46.12,-9.84,49.33,1484.31,15.44,1695.85,11.83,2.95,1287.43,38457.00,35423.00,36261.00,2.48,6.50,37.02,49.33
Goodricke Group,500166,,INE300A01016,Agricultural Food & other Products,Tea & Coffee,244.25,527.58,35.27,545.00,183.28,1.51,18.62,74.00,36.15,1033.23,3.19,-29.21,239.92,15.85,8.04,43.53,0.00,10.90,226.56,4.62,838.08,-7.55,21.08,40.87,48.41,5.11,6.31,767.56,17.11,1.30,67.61,42.85,182.67,22.13,7.34,82.87,9.64,8.80,15.43,281.90,13.12,263.09,7.67,1.74,211.30,11361.00,11472.00,11831.00,0.25,0.00,25.74,15.43
Goodyear India,500168,GOODYEAR,INE533A01012,Auto Components,Tyres & Rubber Products,755.40,1742.71,159.39,1451.10,812.89,26.09,26.95,74.00,0.39,-97.24,14.11,21.96,-32.82,10.12,24.63,13.07,0.00,28.36,638.53,7.05,2594.00,0.82,18.00,6.51,61.44,17.40,12.61,39.00,0.05,1.20,112.28,131.20,813.47,25.05,4.39,36.97,194.15,15.06,235.59,583.12,0.00,818.91,10.78,2.87,774.35,42060.00,41688.00,43902.00,0.27,7.78,17.95,235.59
Gopal Snacks,544140,GOPAL,INE0L9R01028,Food Products,Packaged Foods,284.90,3551.76,103.09,520.00,293.92,28.50,154.03,81.45,12.85,430.99,2.42,16.82,-57.10,17.85,15.49,25.69,11.94,64.61,455.58,21.27,1608.37,12.01,31.09,12.85,54.97,11.67,4.72,24.06,3.04,3.91,46.44,68.28,294.01,32.41,1.43,60.04,0.65,-4.67,0.75,466.34,0.00,325.46,30.29,7.42,422.32,65905.00,66823.00,74167.00,0.75,5.68,12.10,0.75
GP Eco Solutions,,GPECO,INE0S7E01015,Electrical Equipment,Other Electrical Equipment,415.35,512.12,62.59,616.50,408.33,32.63,108.97,59.42,29.72,424.16,5.67,10.40,236.12,,,,55.50,12.76,,,414.38,68.16,79.56,32.94,40.12,38.27,45.83,287.26,11.25,,29.33,22.33,408.26,,,56.00,12.12,-7.61,19.70,98.36,3.21,322.05,9.61,4.46,292.91,2144.00,1900.00,1485.00,0.12,1.38,39.08,19.70
GPT Healthcare,544131,GPTHEALTH,INE486R01017,Healthcare Services,Hospital,152.05,1247.64,91.26,219.90,146.72,13.11,91.18,65.57,12.73,65.76,7.68,14.57,-12.63,16.48,9.37,10.60,0.00,26.39,141.91,19.34,491.64,18.07,17.82,12.73,47.27,19.94,16.66,-0.78,10.09,1.43,81.16,67.40,146.67,26.71,2.01,43.66,4.27,11.17,4.48,187.37,42.94,46.35,13.70,4.63,126.20,62454.00,64075.00,67060.00,3.03,6.94,24.46,4.48
GPT Infraproject,533761,GPTINFRA,INE390G01014,Construction,Civil Construction,113.78,1437.78,189.22,207.00,116.41,24.15,294.03,69.37,24.63,4.90,23.48,31.88,-18.27,25.96,20.40,21.48,50.77,14.60,284.87,2.23,1279.35,1.62,-3.38,24.34,98.46,21.40,17.32,13.47,8.06,1.45,64.27,28.88,116.44,41.87,2.05,43.23,12.39,3.46,39.73,476.44,38.97,914.03,8.70,2.39,302.07,34177.00,35326.00,36162.00,2.96,7.03,20.65,39.73
Grand Oak Canyon,523862,GRANDOAK,INE926B01016,Finance,Non Banking Financial Company (NBFC),36.70,1904.30,0.06,78.19,35.73,44.64,2650.00,0.00,-0.02,50.00,-0.04,0.01,-300.00,,0.06,4.86,0.00,387.84,,,0.22,175.00,0.00,-0.02,4.91,0.00,0.01,194.97,-25.00,,-0.14,-5.34,35.72,,,44.40,0.03,-0.05,0.05,330.55,3052.27,43.61,931.34,2.24,0.08,7466.00,7167.00,6786.00,0.00,0.02,99.97,0.05
Granules India,532482,GRANULES,INE101D01020,Pharmaceuticals & Biotechnology,Pharmaceuticals,828.20,20522.54,1208.53,910.00,710.51,8.99,1512.04,38.01,179.96,36.62,131.72,189.34,-10.72,243.95,150.21,130.61,0.00,31.57,1599.97,23.36,5632.30,24.83,22.04,179.96,650.12,15.51,13.75,36.17,12.19,2.59,793.25,866.57,709.33,358.68,9.84,42.78,596.38,3.37,949.06,5060.22,0.84,3767.65,16.43,4.04,1476.77,169422.00,160286.00,169700.00,17.50,16.11,28.36,949.06
Graphite India,509488,GRAPHITE,INE371A01025,Industrial Products,Electrodes & Refractories,689.10,13463.33,376.07,1127.00,648.34,14.12,367.57,65.34,172.00,28.36,134.00,-116.55,262.86,26.48,67.00,76.00,0.00,61.45,900.09,23.47,3029.00,21.31,26.62,171.00,219.10,4.58,3.11,-38.97,20.31,8.76,82.54,500.23,647.93,65.83,1.36,47.28,181.95,8.53,46.60,5819.97,4063.12,2069.11,32.59,2.30,842.00,196575.00,199456.00,226558.00,6.04,10.23,18.37,46.60
Grasim Inds,500300,GRASIM,INE047A01021,Cement & Cement Products,Cement & Cement Products,3299.90,224570.00,37454.09,3412.30,2971.46,3.29,227853.06,43.73,2151.39,49.95,1434.75,1928.30,4.40,3642.10,2232.95,1498.04,0.00,39.14,47803.29,19.81,184028.86,19.51,21.43,3846.28,5737.70,8.01,4.98,39.78,7.92,-1.75,-17809.61,-17169.65,2968.16,10017.74,29.86,57.97,7905.42,-8.70,6188.26,103333.81,154981.84,86928.82,11.21,2.17,48716.20,241017.00,244870.00,247628.00,14.63,16.13,25.15,6188.26
Grauer & Weil,505710,GRAUWEIL,INE266D01021,Chemicals & Petrochemicals,Commodity Chemicals,66.43,3012.01,243.02,120.00,74.23,33.40,14.53,69.04,39.81,-8.71,43.61,49.51,-19.59,42.00,32.33,38.57,0.00,18.80,322.53,10.77,1235.86,10.06,17.93,39.81,160.22,21.35,16.23,6.76,13.33,1.97,151.84,144.03,74.31,49.57,0.93,39.93,467.83,10.87,234.87,1036.29,443.17,861.27,11.71,2.78,298.68,53332.00,53385.00,57371.00,0.35,0.05,30.55,234.87
Gravita India,533282,GRAVITA,INE024L01027,Minerals & Mining,Industrial Minerals,1840.30,13582.97,511.86,2700.00,1693.72,3.87,735.90,55.88,106.39,14.08,93.26,91.88,15.86,94.42,97.49,95.97,0.00,34.66,1291.87,24.76,4700.39,17.48,41.84,106.37,391.93,17.02,16.76,15.85,7.21,7.73,169.29,282.18,1692.24,118.27,12.79,60.97,407.27,0.89,201.81,2436.87,412.71,2349.38,26.22,5.54,1475.06,157641.00,151337.00,150647.00,12.86,5.52,24.44,201.81
Greaves Cotton,501455,GREAVESCOT,INE224A01026,Industrial Products,"Compressors, Pumps & Diesel Engines",195.62,4557.00,289.42,319.50,193.51,28.08,394.42,55.77,25.77,-22.68,33.33,22.63,180.00,20.79,5.92,6.32,0.00,45.74,1010.29,23.89,3665.31,21.20,30.68,6.16,99.63,10.11,8.10,49.46,0.63,-5.45,32.58,-22.52,193.49,63.58,0.89,40.45,427.59,-7.16,563.53,1384.14,66.55,1676.83,15.59,3.18,974.12,347238.00,369141.00,301474.00,1.35,4.17,38.67,563.53
Greenlam Industr,538979,GREENLAM,INE544R01021,Consumer Durables,Plywood Boards/ Laminates,247.30,6309.80,330.84,331.01,244.59,11.87,1160.41,50.98,21.31,238.74,-15.36,39.46,-47.62,47.41,-0.59,31.77,0.00,68.42,974.48,20.57,3168.99,20.11,18.24,21.24,92.22,8.12,5.02,170.83,2.67,2.69,292.38,210.44,244.56,110.96,1.86,44.79,42.61,-4.16,63.97,1153.75,52.42,1183.41,19.89,5.35,796.70,16944.00,16425.00,16093.00,1.47,10.89,36.64,63.97
Greenpanel Inds.,542857,GREENPANEL,INE08ZM01014,Consumer Durables,Plywood Boards/ Laminates,157.98,1937.27,94.24,625.70,211.75,52.67,370.14,53.26,1.23,103.55,-34.62,1.37,-10.22,-1.81,10.24,-6.12,0.00,288.28,434.41,9.71,1560.98,11.58,6.59,1.23,6.72,-0.40,-2.13,-69.13,0.35,0.76,111.16,77.80,212.29,33.51,-0.15,26.02,104.94,-4.65,196.94,1343.61,0.00,577.14,15.17,1.43,349.81,86784.00,88249.00,97162.00,0.94,28.49,17.29,196.94
Greenply Industr,526797,GREENPLY,INE461C01038,Consumer Durables,Plywood Boards/ Laminates,292.10,3648.39,260.61,411.95,274.23,13.32,514.88,51.93,37.52,50.47,24.93,41.35,21.28,42.08,14.34,15.98,0.00,32.66,805.86,17.03,2863.11,14.32,20.65,37.61,111.71,14.33,11.82,33.78,5.19,2.00,246.88,218.68,274.05,71.48,3.36,51.29,24.67,5.24,27.87,882.34,54.59,861.02,15.40,4.08,724.89,52337.00,53767.00,53182.00,4.44,31.42,12.22,27.87
Gretex Corporate,543324,GCSL,INE199P01028,Capital Markets,Other Capital Market related Services,538.00,1299.77,43.39,542.80,402.64,0.88,14.86,61.64,9.33,1111.69,0.77,4.86,78.03,27.94,6.86,12.92,0.00,47.70,83.40,4.83,194.06,-19.55,70.70,12.80,27.25,16.67,12.71,1023.73,34.12,-7.92,-28.30,-31.05,401.28,29.58,8.43,58.31,17.25,-14.64,0.88,145.60,58.81,168.32,22.24,7.43,37.52,2842.00,1507.00,1186.00,1.99,0.00,36.36,0.88
Grindwell Norton,506076,GRINDWELL,INE536A01023,Industrial Products,Abrasives & Bearings,2055.80,22761.82,630.87,2960.00,1841.55,16.57,60.71,58.04,115.51,22.30,94.45,118.74,-3.38,135.57,95.58,107.43,0.00,52.17,883.55,14.04,3173.04,12.94,14.19,115.31,436.30,21.18,16.17,17.92,14.35,4.67,542.14,458.49,1839.39,166.80,12.24,47.22,264.64,13.29,490.06,2479.39,999.16,1443.96,32.05,8.98,803.30,45545.00,46994.00,47110.00,5.21,19.59,17.17,490.06
GRM Overseas,531449,GRMOVER,INE192H01020,Agricultural Food & other Products,Other Agricultural Products,88.84,1840.85,126.95,311.80,124.06,52.12,367.64,63.06,21.04,10.21,19.09,21.61,-2.64,25.81,19.14,14.66,0.03,24.08,568.59,56.88,1868.93,43.22,30.52,21.04,76.45,13.99,14.47,22.71,4.93,-4.96,-53.59,62.34,124.42,33.21,1.25,44.14,52.83,1.42,73.53,560.17,8.88,1102.87,16.25,3.06,426.51,29061.00,22615.00,23837.00,7.28,2.91,26.75,73.53
GRP,509152,GRPLTD,INE137I01015,Industrial Products,Rubber,1969.50,1050.40,43.78,4840.00,1952.54,16.66,207.50,40.05,4.20,140.00,1.75,-1.34,413.43,3.77,0.85,1.96,0.00,153.34,144.18,8.93,568.42,3.73,26.73,4.20,6.85,6.94,2.48,-75.61,2.68,3.29,29.61,44.56,1952.37,12.71,7.07,49.03,1.43,-5.90,0.66,173.03,13.58,204.67,25.45,5.89,156.83,7932.00,8046.00,8357.00,0.02,0.00,59.93,0.66
GSP Crop Science,544733,GSPCROP,INE713R01022,Fertilizers & Agrochemicals,Pesticides & Agrochemicals,643.15,2991.85,198.90,667.95,438.01,3.71,262.03,71.72,26.39,12.30,23.50,20.51,34.37,,-6.00,58.50,0.00,28.62,,,1526.11,17.84,2.39,26.39,104.55,18.95,16.56,24.64,6.84,3.29,59.38,37.83,435.95,,,81.22,32.41,4.81,172.21,725.14,16.43,1199.16,15.05,3.88,386.00,7876.00,8444.00,,9.19,0.37,18.73,172.21
GTL Infra.,532775,GTLINFRA,INE221H01019,Telecom - Services,Telecom - Infrastructure,1.21,1549.94,381.10,106.50,1.31,27.54,5898.24,3.28,69.39,129.86,-232.42,-12.65,-94.15,36.60,19.58,-193.47,0.00,,356.34,-0.04,1364.75,1.36,-2.16,69.39,-117.15,,,87.06,21.20,0.26,535.37,635.43,1.31,119.07,0.03,40.49,829.98,-54.82,117.33,-18024.14,0.00,340.46,16.51,,327.31,2675623.00,2710397.00,2872666.00,0.77,31.20,64.77,117.33
GTPL Hathway,540602,GTPL,INE869I01013,Entertainment,TV Broadcasting & Software Production,54.50,612.92,432.98,313.90,73.57,56.38,502.05,75.00,2.32,-78.03,10.56,-14.56,109.83,-3.52,11.56,7.40,0.00,76.81,1040.04,8.45,3830.92,8.29,12.36,1.37,7.98,3.37,1.39,-81.97,0.13,0.11,360.12,451.93,73.76,109.72,-0.31,38.77,116.20,2.26,67.31,1033.86,11.39,781.67,2.44,0.53,1015.41,28322.00,28501.00,29427.00,7.18,0.00,17.81,67.31
Gufic BioScience,509079,GUFICBIO,INE742B01025,Pharmaceuticals & Biotechnology,Pharmaceuticals,408.45,4096.04,152.93,504.25,353.61,8.83,404.75,72.50,22.46,86.08,12.07,20.57,9.19,27.14,15.56,14.94,0.00,55.71,268.40,16.48,974.38,15.46,14.94,22.46,73.53,12.17,9.98,20.26,8.61,6.85,44.19,122.78,353.06,45.05,2.71,50.21,28.21,-1.68,74.36,654.15,2.87,800.26,26.52,6.17,260.82,29753.00,29223.00,31876.00,0.47,3.67,23.36,74.36
Guj Inds. Power,517300,GIPCL,INE162A01010,Power,Power Generation,201.47,3127.14,632.87,270.00,162.00,1.41,3594.18,56.57,157.90,174.75,57.47,326.85,-51.69,32.82,-3.20,21.30,0.00,6.22,409.58,27.44,1618.88,23.78,34.39,157.90,502.85,5.47,10.93,150.02,31.63,0.48,649.00,610.18,161.60,166.07,2.11,81.99,470.56,-16.13,262.60,3685.02,96.47,817.04,7.56,0.81,499.28,90955.00,91261.00,92374.00,2.88,4.99,34.11,262.60
Guj Pipavav Port,533248,GPPL,INE517F01014,Transport Infrastructure,Port & Port services,169.46,8192.37,802.59,262.00,159.25,15.31,36.87,44.01,147.90,41.76,104.33,156.07,4.01,195.40,107.91,160.73,0.00,15.06,378.98,26.60,1240.22,25.07,32.64,147.90,543.93,28.06,20.77,38.92,44.58,1.49,510.31,449.03,159.15,235.40,4.04,76.71,1049.25,13.69,675.92,1904.99,355.12,1058.05,8.78,3.43,331.77,240608.00,233922.00,245885.00,22.05,13.82,20.12,675.92
Guj. Ambuja Exp,524226,GAEL,INE036B01030,Agricultural Food & other Products,Other Agricultural Products,173.19,7943.72,571.79,210.61,147.75,6.38,441.00,63.84,176.77,171.87,65.02,134.80,30.63,134.73,65.92,38.02,0.00,18.96,1837.74,23.61,6031.59,25.31,23.47,176.77,418.99,12.46,9.72,76.32,11.09,1.96,228.04,340.58,147.50,181.34,2.94,52.70,12.16,-0.98,13.71,3249.12,1060.51,1361.81,11.66,2.41,1594.22,107147.00,114043.00,137348.00,3.02,0.65,32.50,13.71
Guj. Themis Bio.,506879,GUJTHEM,INE942C01045,Pharmaceuticals & Biotechnology,Pharmaceuticals,420.75,4584.71,77.96,479.45,361.40,12.24,161.82,70.87,11.07,22.19,9.06,10.89,1.65,17.89,12.46,14.26,5.44,94.18,50.03,18.14,173.74,17.51,22.08,11.07,48.68,17.86,17.41,9.15,25.28,6.46,48.78,91.03,360.80,24.00,1.64,71.53,12.55,-14.58,6.09,276.87,0.00,88.78,55.97,15.93,43.79,27010.00,26886.00,28945.00,1.76,1.17,26.18,6.09
Guj.Nat.Resour.,513536,GNRL,INE207H01018,Oil,Oil Exploration & Production,99.73,1529.88,20.41,188.33,92.18,17.56,13.28,1.93,11.35,488.08,1.93,1.05,980.95,14.98,3.07,3.84,0.00,79.23,17.96,107.62,32.89,93.58,70.75,11.35,19.31,7.25,5.47,812.55,198.43,23.97,66.91,-30.43,92.10,18.92,0.98,47.52,6.84,-6.19,2.11,54.90,0.00,85.34,51.42,7.34,5.72,16338.00,15431.00,16394.00,1.05,0.00,97.01,2.11
Gujarat Alkalies,530001,GUJALKALI,INE186A01019,Chemicals & Petrochemicals,Commodity Chemicals,719.85,5286.58,498.58,1044.75,618.57,11.67,575.22,47.28,54.98,498.98,-13.78,14.98,267.02,10.80,-19.95,16.34,0.00,79.68,1169.45,7.96,4497.87,7.07,12.65,54.98,66.35,1.40,-0.04,293.05,4.42,0.83,406.44,381.18,617.55,135.72,1.47,63.40,133.97,0.25,171.18,5117.45,1632.98,1179.87,9.09,1.02,1244.91,64106.00,73032.00,75202.00,3.26,3.02,46.44,171.18
Gujarat Energy,539336,GUJENERGY,INE844O01030,Gas,LPG/CNG/PNG/LNG Supplier,253.95,23826.37,3740.76,682.65,321.14,35.26,3243.47,38.94,999.23,69.80,588.49,409.55,563.64,452.89,266.84,279.81,0.00,12.18,5503.84,45.59,22775.64,27.32,63.12,1007.40,1955.43,18.49,15.76,39.07,10.55,0.93,2720.89,1805.86,321.81,699.16,4.79,32.16,359.40,7.85,1314.25,18251.26,1010.00,10132.48,7.55,0.95,9544.98,327344.00,173919.00,171466.00,10.85,24.18,18.73,1314.25
Gujarat Fluoroch,542812,FLUOROCHEM,INE09N301011,Chemicals & Petrochemicals,Specialty Chemicals,4732.10,51982.12,1332.00,4959.45,3836.40,4.58,2290.00,61.39,221.00,21.43,182.00,104.75,119.00,241.38,102.00,179.00,5.97,84.16,1383.91,14.37,5303.00,9.52,23.97,219.00,617.69,9.86,7.60,-0.37,13.79,5.76,961.00,545.24,3827.39,376.01,21.97,63.76,221.94,-3.25,350.00,7855.00,278.00,4408.00,38.43,6.61,1588.00,61120.00,62703.00,68420.00,4.41,13.33,20.86,350.00
Gujarat Kidney,544666,GKSL,INE0V0W01025,Healthcare Services,Hospital,152.34,1201.10,27.81,162.50,122.17,6.25,29.10,71.45,5.18,7.02,4.84,5.04,10.37,7.17,3.70,2.88,0.00,75.87,31.59,144.35,101.05,118.53,124.71,5.32,15.83,14.48,11.13,36.70,15.51,,-3.86,13.61,121.87,9.57,0.89,73.13,2.81,-3.69,56.30,236.74,0.00,104.59,41.57,4.76,34.29,18301.00,18301.00,,4.89,0.56,23.10,56.30
Gulf Oil Lubric.,538567,GULFOILLUB,INE635Q01029,Petroleum Products,Lubricants,1162.80,5762.32,602.03,1513.55,1071.98,12.65,511.06,66.85,127.52,31.93,96.66,90.02,41.66,116.00,77.11,87.13,0.00,14.50,1164.95,21.76,4315.30,17.72,32.52,127.52,397.34,27.23,24.06,7.13,9.66,1.67,362.52,423.26,1071.07,148.37,23.41,58.77,1027.43,17.36,1140.57,1550.81,191.58,2371.94,7.84,3.68,1320.36,72647.00,73350.00,93151.00,7.78,8.70,16.32,1140.57
Gulshan Polyols,532457,GULPOLY,INE255D01024,Agricultural Food & other Products,Other Agricultural Products,194.56,1213.48,235.61,357.50,177.84,14.54,317.89,66.80,53.51,306.30,13.17,37.54,42.54,45.75,40.90,15.53,0.00,8.22,584.63,7.92,2359.06,9.30,7.86,53.51,147.64,18.60,16.56,422.43,8.36,1.24,207.45,41.78,177.68,64.74,7.34,51.36,3.42,1.76,28.10,712.34,47.35,527.63,5.30,1.69,639.87,35573.00,35805.00,36954.00,0.32,0.00,32.58,28.10
GYFTR,507912,GYFTR,INE724A01017,Finance,Other Financial Services,168.19,1291.84,35.90,235.96,165.67,28.72,1.25,50.08,5.28,,,6.17,-14.42,,5.91,,0.00,59.23,,,380.26,2579.77,,5.28,21.81,6.77,5.24,481.60,3.34,-10.96,11.68,-106.71,165.64,,,59.78,37.46,-6.02,5.29,408.42,349.76,27.89,35.87,2.66,158.19,6802.00,7065.00,5637.00,5.10,4.43,40.39,5.29
H P C L,500104,HINDPETRO,INE094A01015,Petroleum Products,Refineries & Marketing,375.50,79899.74,34393.60,508.45,398.33,26.15,55964.43,54.90,-12264.67,-398.34,4110.93,6065.26,-302.21,-2687.89,4011.40,3859.30,0.00,47.81,115357.32,14.38,471530.26,9.40,26.85,-12264.67,1671.29,22.24,30.94,-83.64,-8.72,0.37,36110.68,14230.88,398.56,9.89,-12.63,44.40,253.80,12.81,170.93,63427.91,28012.18,53488.30,12.40,1.22,140584.25,518531.00,500343.00,495629.00,13.58,22.85,8.65,170.93
H T Media,532662,HTMEDIA,INE501G01024,Media,Print Media,26.88,625.69,298.42,233.79,23.72,14.12,766.43,69.50,33.09,1320.21,2.33,76.78,550.41,-14.95,-23.70,-4.34,0.00,5.14,473.40,4.85,1896.45,4.15,11.06,43.51,121.70,7.42,8.06,256.54,10.66,3.58,99.09,56.56,23.69,22.24,-0.46,53.89,57.75,2.20,51.04,1573.26,2042.91,2021.61,4.26,0.39,437.30,39192.00,39974.00,45553.00,0.00,0.05,29.83,51.04
H U D C O,540530,HUDCO,INE031A01017,Finance,Financial Institution,186.95,37425.52,12164.66,353.95,204.26,24.28,141677.01,75.00,851.11,35.05,630.23,1981.31,-57.04,1295.08,713.00,709.83,0.00,8.80,4050.87,25.84,13930.26,25.95,26.55,851.11,4255.25,8.41,20.05,52.98,22.90,-0.19,-33912.22,-31420.60,204.44,3806.70,6.47,35.38,64.54,-17.45,226.11,19973.56,2226.92,3505.27,13.81,1.70,3717.17,757055.00,790412.00,879366.00,2.40,10.09,12.49,226.11
H.G. Infra Engg.,541019,HGINFRA,INE926X01010,Construction,Civil Construction,501.90,3270.94,1042.05,1880.00,651.26,52.22,5029.23,71.78,57.53,-41.78,98.82,55.75,-152.61,39.59,94.08,51.84,0.00,12.59,862.82,-4.61,4853.06,-3.14,-25.75,-44.52,259.74,11.33,8.52,-39.76,5.28,-0.93,249.71,-877.67,652.76,204.22,6.07,31.08,196.90,-15.74,253.55,3199.84,11.67,5159.07,7.40,1.00,1100.59,120066.00,121715.00,128602.00,1.37,10.11,16.74,253.55
Haldyn Glass,515147,HALDYNGL,INE506D01020,Industrial Products,Packaging,132.54,712.43,77.43,188.90,110.47,4.78,115.81,59.14,10.26,90.00,5.40,7.31,40.36,7.76,5.27,6.80,0.00,22.96,140.50,21.42,487.34,18.93,20.58,10.26,31.03,13.54,11.44,62.38,7.40,1.71,61.78,44.59,110.25,19.42,1.44,59.13,12.07,-3.54,10.97,228.88,60.15,174.09,9.86,3.04,138.69,20588.00,20931.00,21492.00,0.00,2.03,38.84,10.97
Happiest Minds,543227,HAPPSTMNDS,INE419U01012,IT - Software,Computers - Software & Consulting,447.85,6819.63,488.06,1580.80,420.76,23.23,1494.19,44.21,67.60,18.33,57.13,58.56,10.51,62.69,40.30,54.02,0.00,29.06,643.45,12.18,2393.72,11.50,14.30,67.60,234.66,13.32,13.84,18.38,10.76,2.51,261.41,236.43,420.49,115.10,4.12,68.56,1058.23,7.58,912.71,1659.44,503.52,1572.03,14.64,4.04,628.51,640983.00,642274.00,679128.00,6.00,5.66,42.89,912.71
Happy Forgings,544057,HAPPYFORGE,INE330T01021,Industrial Products,Castings & Forgings,2212.50,20881.30,497.99,2342.15,1419.25,5.54,329.62,78.46,91.46,39.23,65.69,83.56,9.45,111.07,78.94,73.44,0.00,63.78,452.72,19.96,1641.96,15.53,27.03,91.46,327.40,18.03,15.03,21.60,20.35,6.87,444.67,292.33,1411.28,140.51,11.77,70.44,136.56,-0.14,52.94,2109.25,237.03,834.07,39.04,9.81,449.42,64341.00,57815.00,63790.00,1.88,15.54,4.12,52.94
Hardwyn India,541276,HARDWYN,INE626Z01029,Consumer Durables,"Furniture, Home Furnishing",9.03,617.47,20.83,29.16,13.54,55.30,6.31,43.77,2.72,-22.51,3.51,3.42,-20.47,5.49,1.64,4.15,0.00,51.76,48.18,11.68,158.19,10.92,-5.85,2.72,11.93,4.70,3.18,-8.65,9.04,17.83,6.84,1.41,13.59,6.40,0.08,19.04,1.92,0.20,2.05,356.97,348.35,99.38,31.74,1.52,30.08,51182.00,49218.00,58407.00,0.31,0.00,55.45,2.05
Hariom Pipe,543517,HARIOMPIPE,INE00EV01017,Industrial Products,Iron & Steel Products,346.55,1073.17,222.62,888.75,383.68,39.44,369.25,57.27,17.36,-26.47,23.61,30.18,-42.48,16.74,11.61,10.42,0.00,15.43,372.32,10.85,1635.17,10.87,-6.89,17.36,69.57,15.82,12.44,2.57,4.04,2.40,192.08,78.63,384.06,45.66,5.40,31.56,50.79,-2.94,0.45,615.68,9.26,642.37,6.69,1.66,429.18,54386.00,53763.00,56885.00,10.25,0.07,32.43,0.45
Harsha Engg Intl,543600,HARSHA,INE0JUS01029,Industrial Products,Other Industrial Products,428.75,3903.52,256.47,613.85,401.87,8.58,372.16,75.00,37.38,-1.45,37.93,47.23,-20.86,48.26,33.60,36.44,0.00,25.24,467.11,23.46,1718.93,20.22,25.22,37.38,154.65,13.00,10.51,41.50,8.17,2.67,68.49,206.34,401.60,67.82,5.30,53.71,76.18,0.25,44.98,1310.65,473.21,890.24,14.86,2.78,457.43,68521.00,70615.00,78464.00,1.79,13.02,10.19,44.98
Hathway Cable,533162,HATHWAY,INE982F01036,Entertainment,TV Broadcasting & Software Production,10.57,1871.00,425.01,77.12,11.57,30.69,9.45,75.00,24.50,-21.04,31.03,11.33,118.31,1.83,21.71,18.25,0.00,24.69,568.84,5.99,2184.18,5.64,6.52,24.56,75.79,2.62,1.90,-28.34,4.35,0.86,198.57,290.30,11.58,80.07,0.01,42.73,207.74,-3.80,189.40,4111.08,2425.92,1139.10,4.18,0.42,565.10,477869.00,481803.00,516314.00,0.37,0.00,24.62,189.40
Hatsun Agro,531531,HATSUN,INE473B01035,Food Products,Dairy Products,1086.55,24202.71,1190.34,1505.54,940.13,7.84,1838.25,73.17,133.69,-9.72,148.08,50.89,162.70,147.17,60.58,120.18,0.00,66.25,2823.52,18.57,10413.16,17.54,21.92,133.69,365.34,15.28,19.42,23.28,4.33,2.28,1556.54,1443.05,938.66,337.56,6.61,72.63,61.84,12.15,51.19,1922.24,43.48,722.20,21.94,12.45,3090.49,28463.00,28179.00,31256.00,3.13,10.25,13.46,51.19
Havells India,517354,HAVELLS,INE176B01034,Consumer Durables,Consumer Electronics,1258.70,78991.18,2721.44,2106.00,1305.15,22.43,265.20,59.35,290.38,-16.49,347.72,723.06,-59.95,349.92,300.05,318.28,0.00,47.40,5350.52,11.95,23590.61,10.10,19.48,289.71,1666.37,24.90,19.03,18.01,4.44,4.30,1571.99,1523.01,1305.62,462.09,5.58,49.15,3378.11,7.67,2363.50,9392.74,888.37,7825.23,28.91,8.35,6518.19,303644.00,274520.00,259315.00,15.91,18.04,6.47,2363.50
Hawkins Cookers,508486,HAWKINCOOK,INE979B01015,Consumer Durables,Houseware,8197.50,4336.48,193.74,9900.00,8057.85,14.61,29.39,56.03,30.38,17.12,25.94,39.78,-23.63,48.70,33.52,31.95,0.00,31.97,388.32,22.70,1331.98,18.16,33.06,30.38,135.63,40.89,31.67,17.37,9.55,4.29,87.59,101.91,8056.45,53.95,92.10,44.01,189.74,20.16,190.92,439.96,0.00,539.27,20.79,9.74,318.13,17574.00,18840.00,17847.00,2.74,16.03,25.18,190.92
Haz.Multi Proj.,532467,HAZOOR,INE550F01049,Construction,Civil Construction,20.36,551.00,275.48,63.90,28.55,53.20,455.10,13.70,0.30,-97.82,13.79,32.38,-99.07,-2.07,6.46,-9.93,0.00,18.86,70.61,-30.85,519.22,-30.53,-33.53,0.30,29.21,12.02,7.89,-34.08,0.25,,97.29,-145.22,28.63,30.29,-0.08,31.48,9.28,-12.90,63.44,595.04,8.92,1466.38,3.54,0.88,119.66,29870.00,30539.00,25317.00,26.45,0.00,59.22,63.44
HBL Engineering,517271,HBLENGINE,INE292B01021,Industrial Products,Other Industrial Products,683.90,18957.36,1171.98,1122.00,750.77,39.05,66.87,59.11,109.09,-25.07,145.59,66.11,71.25,547.23,220.10,387.26,0.00,23.65,1878.80,53.63,3339.09,62.97,6.03,109.14,801.53,58.45,45.34,133.59,17.11,5.29,738.44,239.14,751.44,585.76,19.73,41.34,142.59,16.36,551.91,2186.52,401.69,2024.96,16.38,8.56,638.03,349936.00,340740.00,381826.00,5.62,0.97,34.28,551.91
HCL Technologies,532281,HCLTECH,INE860A01027,IT - Software,Computers - Software & Consulting,1298.50,352369.41,28122.00,2012.20,1352.81,27.05,5215.00,60.88,4624.00,20.32,3843.00,4488.00,3.03,6010.18,4082.00,4236.00,0.00,19.44,36104.59,13.03,134374.00,12.59,13.94,4626.00,18130.33,30.40,23.81,6.80,13.38,1.42,19975.00,22261.00,1353.36,7343.13,22.14,48.54,21289.00,26.09,23425.00,74622.00,7090.00,63582.00,11.51,4.69,34579.00,1023551.00,877717.00,885835.00,14.90,18.75,5.14,23425.00
HDB FINANC SER,544429,HDBFS,INE756I01012,Finance,Non Banking Financial Company (NBFC),687.50,57115.09,10450.91,891.90,707.92,14.19,99230.05,74.12,785.20,38.31,567.70,750.60,4.61,1067.06,643.90,581.40,0.00,20.69,5067.13,11.48,18902.20,11.97,10.58,785.20,2761.10,9.09,13.94,27.72,15.90,-0.52,-8605.56,-13626.33,708.13,2880.13,12.84,47.31,984.27,-11.67,1673.61,19833.72,3747.66,3497.70,14.38,2.76,4937.90,925474.00,961497.00,,3.55,12.10,10.00,1673.61
HDFC AMC,541729,HDFCAMC,INE127D01025,Capital Markets,Asset Management Company,2667.90,114402.36,3795.82,2967.25,2603.20,10.09,0.00,52.34,838.36,12.09,747.92,623.29,34.51,900.07,770.09,718.06,0.00,38.78,1178.97,14.90,4249.27,15.14,13.51,838.36,2949.80,42.88,32.93,13.24,76.32,5.30,2530.09,2076.70,2602.55,926.79,20.99,59.41,12.75,23.58,24.17,9016.89,9396.23,322.49,29.30,12.38,1098.50,432914.00,435815.00,426484.00,24.10,14.76,8.79,24.17
HDFC Bank,500180,HDFCBANK,INE040A01034,Banks,Private Sector Bank,727.20,1120696.71,291457.59,1020.50,825.06,28.74,3733201.93,0.00,19244.71,18.37,16257.91,20350.76,-3.28,25996.14,20691.04,20363.77,0.00,14.18,89238.34,2.58,351818.61,2.81,3.67,20382.69,79012.77,7.02,13.64,11.96,22.50,1.67,113506.38,127241.84,826.04,37759.25,15.93,38.49,144390.25,2.02,200707.11,599871.21,1339916.99,459208.93,16.00,1.86,90575.33,4532753.00,4230425.00,3725911.00,41.82,41.75,16.27,150579.79
HDFC Life Insur.,540777,HDFCLIFE,INE795G01014,Insurance,Life Insurance,553.00,120137.87,2217.81,820.75,625.72,32.14,3099.00,50.54,611.19,11.46,548.35,497.49,22.85,315.91,418.19,448.29,0.00,60.82,24013.19,16.28,103726.83,4.30,14.58,611.19,1975.16,10.30,11.28,5.05,1.81,0.78,22625.06,15597.06,626.45,316.13,1.45,52.93,1820.95,80.47,1990.23,17389.57,401179.04,9002.55,57.48,6.14,33758.51,705326.00,691649.00,738630.00,19.27,20.19,9.98,774.36
Health X Platform,533259,HEALTHX,INE019J01013,Healthcare Services,Healthcare Service Provider,298.20,948.59,6.16,583.00,298.62,20.48,25.66,74.07,2.54,-89.38,23.91,-10.35,115.34,-22.11,0.37,-15.44,0.00,,411.22,36.47,1467.69,28.85,49.73,1.99,-19.24,-0.05,0.29,-153.61,0.45,-1.01,-73.83,-17.31,298.62,-19.47,-6.95,45.57,12.44,-3.77,30.22,609.08,518.68,217.78,-45.34,1.48,446.85,11502.00,11845.00,13452.00,2.29,2.60,21.02,30.22
Health.Global,539787,HCG,INE075I01017,Healthcare Services,Hospital,706.15,10542.98,492.24,799.70,634.90,11.70,1735.36,64.21,13.77,189.89,4.75,19.31,307.43,22.74,-7.90,20.66,5.17,218.83,731.87,13.14,2627.35,13.72,13.36,16.46,48.18,8.31,2.55,29.93,2.37,2.97,347.10,317.11,634.19,133.97,1.27,52.46,347.70,3.00,540.92,1182.67,13.89,1135.21,22.91,7.92,695.10,48905.00,47649.00,47028.00,2.73,19.20,13.86,540.92
HEG,509631,HEG,INE545A01024,Industrial Products,Electrodes & Refractories,713.55,13769.91,655.55,991.00,578.46,4.73,796.03,56.27,122.34,22.57,99.81,-118.80,207.53,42.03,206.97,143.33,0.00,38.88,824.79,17.96,2638.89,20.20,11.10,122.34,354.12,8.35,7.42,80.07,17.97,5.11,213.20,279.71,577.10,117.83,2.18,63.43,147.04,1.96,250.13,4719.32,1477.55,2490.62,20.73,2.89,680.79,139601.00,137675.00,148036.00,8.47,9.27,25.97,250.13
Heidelberg Cem.,500292,HEIDELBERG,INE578A01017,Cement & Cement Products,Cement & Cement Products,161.86,3667.96,318.58,284.95,165.42,27.07,14.23,69.39,30.55,-36.66,48.23,47.59,-32.43,31.02,15.60,24.93,0.00,30.18,541.59,5.85,2360.16,6.59,5.12,30.55,121.52,14.67,10.08,5.60,4.86,1.09,198.08,264.65,165.46,59.89,1.37,61.27,478.16,13.72,407.84,1145.23,20.45,942.32,11.15,2.67,628.11,78468.00,78433.00,83556.00,1.07,13.87,15.66,407.84
Hemant Surgical,543916,,INE0GYI01028,Healthcare Equipment & Supplies,Medical Equipment & Supplies,379.45,551.63,29.12,446.00,320.95,14.92,49.66,52.83,12.83,159.19,4.95,5.41,137.15,,,,0.00,30.26,,,230.99,116.85,189.16,12.83,18.23,19.64,18.19,127.88,7.70,-24.82,-32.02,8.92,320.36,,,56.60,9.46,-17.23,43.83,124.47,0.20,192.02,19.14,3.60,166.73,948.00,758.00,1229.00,0.14,19.94,27.10,43.83
Hemisphere Prop,543242,HEMIPROP,INE0AJG01018,Commercial Services & Supplies,Diversified Commercial Services,129.63,3694.46,-5.42,264.95,137.84,32.08,87.37,51.12,-3.20,-21.21,-2.64,-1.72,-86.05,-4.57,-3.24,-3.62,0.00,,0.23,-4.96,0.91,-4.21,-37.50,-3.20,-11.78,-1.14,-2.70,-46.15,-2133.33,-6.98,-151.43,-16.86,137.93,-2.34,-0.16,37.79,50.04,-11.91,25.13,148.71,0.00,200.48,-684.28,8.52,0.15,129095.00,132259.00,141272.00,1.08,0.29,47.52,25.13
Heranba Inds,543266,HERANBA,INE694N01015,Fertilizers & Agrochemicals,Pesticides & Agrochemicals,174.06,696.47,77.18,945.00,212.06,52.31,576.05,74.95,7.14,17.05,6.10,-57.82,112.05,-7.35,-23.44,-2.14,0.00,,485.88,-6.87,1525.76,-2.56,-15.30,7.03,-75.38,-1.65,-9.54,-890.54,1.83,,-95.95,101.30,212.44,38.48,-1.84,50.52,54.56,-12.31,32.79,721.71,5.29,1199.24,14.07,0.91,383.20,66634.00,67378.00,71630.00,0.01,0.29,24.75,32.79
Heritage Foods,519552,HERITGFOOD,INE978A01027,Food Products,Dairy Products,383.30,3556.87,274.63,727.90,368.78,29.23,361.48,41.30,24.97,-38.42,40.55,23.36,4.30,38.60,34.60,51.00,0.00,28.03,1258.28,13.10,4727.33,11.53,17.71,24.97,126.89,14.80,12.60,-28.12,1.87,1.53,237.18,213.93,368.63,70.49,4.16,70.75,69.67,4.24,70.27,1056.93,185.77,508.11,13.77,3.22,1338.09,126513.00,127671.00,132548.00,1.98,6.38,50.34,70.27
Hero Motocorp,500182,HEROMOTOCO,INE158A01026,Automobiles,2/3 Wheelers,5595.00,111979.00,8372.48,6390.00,5241.20,12.44,778.61,34.73,1412.36,-17.18,1705.29,1460.00,-3.80,1887.99,1275.15,1320.98,0.00,20.22,15783.83,29.18,50809.84,25.64,34.94,1417.93,5537.94,35.22,28.10,9.93,10.80,2.01,8314.62,4297.39,5237.65,2184.08,93.96,53.99,574.08,23.17,766.70,21571.17,19286.36,6699.70,13.50,5.18,13126.35,887953.00,895516.00,892622.00,31.09,24.26,9.82,766.70
Hester Bios,524669,HESTERBIO,INE782E01017,Pharmaceuticals & Biotechnology,Pharmaceuticals,2354.40,2002.86,102.92,3379.00,1957.88,12.27,194.80,53.73,15.79,-3.95,16.44,14.11,484.82,9.43,9.32,14.33,0.00,37.71,76.53,7.83,325.74,4.09,-8.17,96.73,53.12,15.25,15.90,41.30,20.12,3.83,64.14,64.51,1953.89,18.68,11.09,45.65,7.22,6.94,6.54,351.73,42.58,208.56,21.27,5.56,77.24,11961.00,12373.00,11810.00,0.31,0.00,45.95,6.54
Hexa Tradex,534328,HEXATRADEX,INE750M01017,Finance,Investment Company,158.50,875.71,-5.58,375.40,165.38,18.67,8.63,92.13,1.67,1143.75,-0.16,-3.32,150.30,,-4.35,-0.89,0.00,,,,4.58,0.44,,1.67,-6.89,-0.12,-0.19,70.34,,4.97,-3.63,22.49,165.45,,,48.59,0.04,0.84,0.06,4604.46,5318.21,2.66,-217.27,0.19,0.00,14558.00,14581.00,15094.00,0.05,0.04,7.79,0.06
Hexagon Nutri.,544785,HEXAGON,INE0JUI01012,Food Products,Packaged Foods,68.34,840.02,58.51,78.69,56.67,13.15,24.96,64.29,9.79,64.26,5.96,13.39,-27.88,,9.88,,0.00,20.13,,,319.12,,60.29,9.83,37.89,,16.38,,9.65,,7.94,,56.55,,,55.17,,,10.33,220.27,33.93,253.78,14.61,,101.40,20187.00,,,0.29,6.42,28.99,10.33
Hexaware Tech.,544362,HEXT,INE093A01041,IT - Software,Computers - Software & Consulting,554.95,33908.33,2304.40,900.15,568.31,31.35,683.00,74.30,329.90,-13.16,379.90,351.60,-6.09,484.50,291.60,369.90,0.00,23.94,3980.24,14.26,14420.00,13.02,17.93,330.20,1416.37,30.07,24.86,6.61,8.59,2.05,1739.10,1548.00,568.45,625.25,7.92,49.45,1987.20,22.93,1982.50,6650.70,0.50,5359.80,14.01,5.05,3845.20,126681.00,118229.00,109853.00,3.19,16.06,6.23,1653.90
HFCL,500183,HFCL,INE548A01028,Telecom - Services,Telecom - Infrastructure,235.89,36105.38,827.12,244.35,144.96,3.46,1744.38,28.29,228.60,809.06,-32.24,178.50,33.17,278.90,102.37,71.92,2.08,63.06,2087.04,100.03,5993.23,58.66,119.85,245.64,572.58,10.86,6.95,1590.52,12.83,34.93,-378.13,396.00,144.05,405.91,1.70,62.96,491.32,-6.43,468.42,4737.72,134.91,6703.19,30.41,7.38,1914.98,732721.00,803693.00,858638.00,15.74,10.92,45.02,468.42
Hi-Tech Pipes,543411,HITECH,INE106T01025,Industrial Products,Iron & Steel Products,81.92,1663.86,176.14,210.85,89.48,35.75,267.51,43.43,20.04,-4.21,20.92,17.60,13.86,37.45,17.39,20.26,13.00,22.10,1515.48,76.47,4821.52,61.15,78.53,20.04,75.29,9.77,5.88,-0.69,1.42,7.05,3.32,69.83,89.56,62.54,1.84,48.51,182.64,-10.73,87.00,1313.17,4.53,1211.26,10.02,1.25,1412.80,99593.00,101479.00,107843.00,1.06,16.17,39.14,87.00
High Energy Bat.,504176,,INE783E01023,Household Products,Household Products,597.50,535.59,24.91,1058.80,575.76,12.77,11.56,43.06,-1.82,-333.33,0.78,8.51,-123.98,-1.20,5.00,2.01,0.00,39.09,18.59,7.47,78.14,1.53,-40.54,-1.82,13.70,20.37,15.43,3.47,-23.07,2.85,14.34,3.90,575.54,-0.49,-1.33,56.07,3.26,8.97,0.07,109.71,2.67,83.69,25.56,4.80,7.89,22050.00,21983.00,23977.00,0.00,5.99,50.93,0.07
Hikal,524735,HIKAL,INE475B01022,Pharmaceuticals & Biotechnology,Pharmaceuticals,207.63,2560.09,232.70,742.00,222.23,26.55,683.80,68.85,-16.30,27.23,-22.40,61.50,-151.39,-18.39,-5.90,-34.90,0.00,60.38,319.22,0.23,1735.00,-5.37,5.89,-7.40,42.40,3.52,2.95,-33.02,-4.05,0.74,302.00,280.40,222.38,28.48,-1.49,41.06,18.00,4.79,13.80,1174.10,9.50,884.10,13.16,2.14,402.80,73527.00,74270.00,71391.00,0.98,7.23,22.92,13.80
Himadri Special,500184,HSCL,INE019C01026,Chemicals & Petrochemicals,Carbon Black,663.85,33496.16,1131.51,819.50,594.36,18.99,769.98,52.49,229.52,26.33,181.69,200.79,10.07,215.34,192.04,176.14,0.00,41.91,1248.14,16.54,4974.29,9.80,28.04,228.43,799.17,22.12,17.77,30.01,15.95,8.28,382.01,446.86,593.67,257.11,4.27,34.98,671.81,3.92,735.47,4656.23,1059.91,2698.74,27.80,7.12,1431.88,414141.00,408408.00,448339.00,6.80,3.33,37.38,735.47
Himatsing. Seide,514043,HIMATSEIDE,INE049A01027,Textiles & Apparels,Other Textile Products,72.67,913.77,576.67,444.35,94.19,46.05,2635.53,37.48,4.99,-54.22,10.90,1.41,253.90,-17.49,7.66,42.00,0.00,16.30,584.09,-7.22,2479.46,-8.16,-5.43,4.99,56.06,8.80,2.97,-62.74,0.80,0.31,204.13,235.13,94.40,82.84,-1.39,37.90,114.71,4.71,77.31,2077.86,11.17,3272.42,6.28,0.43,621.30,67179.00,65440.00,69408.00,7.44,0.06,55.02,77.31
Hind. Unilever,500696,HINDUNILVR,INE030A01027,Diversified FMCG,Diversified FMCG,2021.00,474852.39,15790.00,2904.71,2210.29,24.03,1478.00,61.90,2728.20,-3.72,2833.53,2811.16,-10.49,3545.09,6603.00,2694.00,0.00,43.06,17117.16,7.53,66052.00,5.80,10.05,2680.00,11027.55,28.42,31.03,3.61,15.77,3.31,10999.00,11886.00,2212.20,3980.18,15.05,38.91,7554.00,22.48,3248.00,48504.00,4359.00,14774.00,29.41,9.74,17341.00,1115507.00,1106831.00,1167945.00,9.50,16.92,11.60,3248.00
Hind.Aeronautics,541154,HAL,INE066F01020,Aerospace & Defense,Aerospace & Defense,4865.50,325392.48,13528.22,5675.00,4460.51,5.52,65.82,71.64,1589.68,14.88,1383.77,4196.08,-62.12,1587.01,1866.66,1669.05,0.00,34.91,7114.06,7.32,33784.98,7.42,14.45,1589.66,9321.51,31.97,23.97,12.22,28.82,2.51,10906.38,13643.46,4456.44,1904.26,23.73,53.71,38182.25,23.47,46196.79,40706.73,1914.06,117818.76,20.07,7.93,5515.17,1211981.00,1291771.00,1302820.00,9.34,11.90,7.03,46196.79
Hind.Composites,509635,HINDCOMPOS,INE310C01029,Auto Components,Auto Components & Equipments,408.25,602.94,9.18,803.34,430.95,25.77,1.68,74.97,1.93,25.32,1.54,2.11,-25.81,8.20,6.67,5.28,0.00,34.49,94.88,7.11,221.19,-15.75,37.14,8.68,17.48,0.48,0.42,-52.76,9.63,1.86,21.13,29.86,431.17,12.21,5.55,39.62,3.57,0.81,2.11,1137.94,1006.11,137.98,19.85,0.53,20.05,14936.00,14690.00,15207.00,0.02,0.01,24.99,2.11
Hind.Construct.,500185,HCC,INE549A01026,Construction,Civil Construction,23.88,6255.29,739.72,101.09,21.70,16.21,1019.15,16.18,51.08,0.69,50.73,58.94,-13.34,10.07,8.07,47.78,82.43,46.21,799.57,-16.78,3871.68,-20.64,-8.97,51.08,135.38,24.85,11.89,366.39,5.14,1.20,892.00,133.62,21.67,101.45,0.04,66.89,697.45,13.21,458.39,1865.20,198.39,5036.32,10.61,2.94,993.42,726389.00,725141.00,720889.00,11.38,3.70,68.75,458.39
Hind.Oil Explor.,500186,HINDOILEXP,INE345A01011,Oil,Oil Exploration & Production,158.11,2090.90,124.48,399.25,158.40,16.19,49.76,0.00,6.24,-47.91,11.98,7.77,-19.69,,8.28,2.83,0.00,83.24,,,298.68,-17.80,45.17,6.24,25.12,3.41,2.34,-78.58,5.47,1.06,177.84,160.70,158.40,,,49.53,135.69,5.45,54.57,1252.45,0.37,533.35,18.12,1.51,114.18,90352.00,94700.00,95509.00,1.88,0.13,97.99,54.57
Hindalco Inds.,500440,HINDALCO,INE038A01020,Non - Ferrous Metals,Aluminium,1053.00,236632.95,36918.00,1179.35,947.97,10.71,99165.00,34.67,8676.86,116.70,4004.00,4111.00,170.04,8217.18,2049.00,4741.00,0.00,11.36,81791.20,23.82,295537.00,20.28,32.06,7013.00,20827.98,13.21,12.97,20.33,10.23,1.00,10250.00,24410.00,946.91,11739.22,36.57,58.68,10846.00,-1.12,14808.00,136361.00,24958.00,133146.00,7.25,1.73,84825.00,699601.00,691308.00,690932.00,31.41,19.82,13.26,14808.00
Hinduja Global,532859,HGS,INE170I01016,Commercial Services & Supplies,Business Process Outsourcing (BPO)/ Knowledge Process Outsourcing (KPO),401.95,1869.88,648.58,1974.00,435.26,26.98,1967.91,67.99,-58.19,-45.26,-40.06,-12.58,-387.92,-166.35,34.35,-26.99,0.00,,1069.57,-1.97,4301.49,-1.53,-0.56,-66.26,-132.10,1.42,-1.22,-56.90,-6.31,0.44,412.63,457.17,435.59,1.87,-31.40,38.29,855.93,2.59,690.05,8269.98,4143.60,8099.77,5.20,0.22,1050.36,58132.00,59089.00,63439.00,11.73,0.01,20.21,690.05
Hindustan Copper,513599,HINDCOPPER,INE531E01026,Non - Ferrous Metals,Copper,556.05,53771.37,1533.83,760.05,485.46,26.84,110.92,66.14,352.61,162.59,134.28,444.06,-20.59,518.72,156.31,186.02,0.00,44.46,1246.42,73.57,3498.05,67.07,81.36,352.61,1209.42,42.40,32.93,147.12,37.65,5.27,1473.57,544.31,484.75,598.70,5.36,56.42,68.09,13.64,809.64,2864.20,30.54,1415.59,28.90,16.06,936.50,1305636.00,1339149.00,660201.00,5.96,4.84,23.05,809.64
Hindustan Foods,519126,HNDFDS,INE254N01026,Diversified FMCG,Diversified FMCG,636.50,7712.01,376.59,749.15,541.66,6.13,1088.26,61.84,42.76,32.75,32.21,42.33,2.91,53.60,38.76,35.23,0.00,47.68,1221.25,17.59,4400.19,17.64,17.90,42.76,161.76,14.20,14.83,40.19,3.56,7.08,100.02,113.68,540.71,103.51,4.42,65.27,83.62,-6.42,51.71,1141.18,5.28,1605.00,22.06,6.53,1201.08,60623.00,63403.00,72312.00,5.86,14.65,17.63,51.71
Hindustan Media,533217,HMVL,INE871K01015,Media,Print Media,89.89,662.23,204.10,314.00,80.11,16.89,84.88,74.40,55.63,113.39,26.07,62.78,86.21,12.44,0.89,10.08,0.00,4.13,224.35,13.96,792.86,10.79,19.79,51.17,160.29,11.50,9.95,23.54,28.21,1.16,72.40,37.56,80.01,19.50,1.69,45.09,22.24,3.23,16.57,1513.72,1690.83,1259.03,3.37,0.42,197.18,16498.00,17277.00,18389.00,0.10,0.00,25.22,16.57
Hindustan Zinc,500188,HINDZINC,INE267A01025,Non - Ferrous Metals,Zinc,626.50,264716.24,22989.00,807.70,558.17,14.53,8726.00,60.71,5425.00,146.14,2204.00,4997.00,8.57,6014.79,3879.00,2632.00,8.14,15.65,13176.09,54.56,46622.00,38.91,77.22,5425.00,16914.30,69.25,76.38,66.06,39.64,1.47,16857.00,14127.00,557.49,7292.76,14.24,68.37,175.00,37.57,314.00,21630.00,14440.00,3239.00,10.04,11.78,13687.00,918245.00,897257.00,819883.00,2.20,4.96,4.21,314.00
Hindusthan Insulators &,539984,,INE799B01025,Electrical Equipment,Other Electrical Equipment,458.55,992.45,65.20,458.55,216.15,0.00,157.67,75.00,36.62,20444.44,-0.18,21.53,75.13,20.31,14.69,-43.30,0.00,13.25,106.47,52.79,390.06,41.39,79.88,36.62,74.90,10.61,8.30,496.72,31.56,22.40,4.98,-6.65,213.72,25.20,9.38,93.67,5.67,-1.32,66.36,372.92,20.33,246.44,10.11,2.65,116.02,2167.00,2101.00,1763.00,0.00,0.55,24.45,66.36
Hindware Home In,542905,HINDWAREAP,INE05AN01011,Consumer Durables,Sanitary Ware,196.29,1641.89,233.30,633.75,238.87,50.02,856.26,52.74,3.81,-78.72,17.93,-16.42,123.22,7.34,3.60,5.04,0.00,,727.57,7.58,2604.37,6.12,17.71,4.37,-4.32,7.07,0.14,78.89,0.62,0.58,257.94,192.09,239.30,57.54,0.87,32.35,25.26,3.78,33.42,720.16,38.78,1212.91,10.78,2.23,625.25,38910.00,38057.00,43764.00,5.14,3.72,38.39,33.42
Hirect,504036,HIRECT,INE835D01023,Industrial Manufacturing,Industrial Products,1246.80,4420.98,86.67,1400.00,973.35,10.94,244.64,42.58,7.55,-40.88,12.77,3.16,511.39,14.96,12.70,14.72,6.81,112.81,319.57,40.68,1042.81,41.95,20.34,6.50,39.19,18.81,25.21,-8.78,1.79,,85.81,35.63,970.60,24.67,4.22,49.06,1.13,1.96,4.98,201.70,0.13,442.20,59.12,20.54,258.45,22219.00,21700.00,18496.00,6.84,3.22,47.37,4.98
Hitachi Energy,543187,POWERINDIA,INE07Y701011,Electrical Equipment,Heavy Electrical Equipment,33125.00,147645.96,1508.30,38800.00,28338.78,14.63,86.10,71.31,294.15,123.52,131.60,330.46,-10.99,390.78,261.42,264.36,0.00,123.95,2753.46,50.25,9162.50,40.17,68.62,294.15,1191.16,29.36,21.91,135.80,11.80,20.58,1244.83,1493.77,28290.68,428.08,87.67,46.73,3806.77,15.78,4689.48,5167.04,0.00,10357.89,83.77,28.53,2493.69,102826.00,90555.00,92331.00,12.44,6.32,9.91,4689.48
Hitech Corp.,526217,HITECHCORP,INE120D01012,Industrial Products,Packaging,337.00,578.82,78.84,351.35,236.40,2.32,137.35,74.44,7.11,49.68,4.75,8.34,-20.02,5.70,-2.62,4.17,0.00,30.46,205.19,24.83,701.17,20.13,36.85,7.11,19.00,9.66,5.83,76.74,3.15,,43.81,48.10,235.38,22.74,3.32,72.22,2.45,,7.98,267.47,1.14,164.20,8.61,2.03,225.67,7720.00,8727.00,9285.00,0.00,0.13,25.41,7.98
HLE Glascoat,522215,HLEGLAS,INE461D01028,Industrial Manufacturing,Industrial Products,313.45,2177.06,148.54,1510.00,380.17,52.65,347.60,65.64,2.77,-81.23,14.76,18.45,-89.83,17.39,4.60,13.96,0.00,55.26,425.10,21.19,1369.79,26.31,5.92,2.05,39.39,11.79,10.77,-30.00,0.68,2.20,161.22,134.36,380.84,37.72,2.50,33.75,52.16,7.58,58.50,520.03,0.00,716.07,18.78,4.08,300.75,71078.00,71271.00,77418.00,2.05,4.71,27.60,58.50
HMA Agro Inds.,543929,HMAAGRO,INE0ECP01024,Food Products,Meat Products including Poultry,20.96,1049.61,283.96,84.05,25.14,38.79,850.03,75.00,50.69,6158.02,0.81,7.97,513.73,46.67,66.58,89.79,0.00,4.89,3307.99,53.48,7904.21,42.60,87.98,50.51,214.65,15.99,19.05,148.84,2.39,-19.21,-84.55,124.39,25.18,71.72,0.93,42.33,94.29,-4.46,245.51,890.70,0.00,1822.06,4.75,1.12,2110.32,64183.00,63425.00,65498.00,4.10,3.57,17.32,245.51
HMT,500191,HMT,INE262A01018,Industrial Manufacturing,Industrial Products,67.21,2390.00,-53.44,164.10,58.78,7.87,1033.33,93.69,-29.21,-5.19,-27.77,-37.45,22.00,-58.03,-27.24,-39.08,0.00,,36.84,42.64,147.03,8.82,17.84,-29.21,-132.98,,,4.66,-100.97,-1.20,43.95,-46.41,58.70,-38.31,-1.63,70.69,205.76,30.61,261.97,-2382.27,0.17,492.27,-57.25,,28.93,26136.00,26897.00,27930.00,0.00,0.00,0.70,261.97
Home First Finan,543259,HOMEFIRST,INE481N01025,Finance,Housing Finance Company,1183.70,12376.70,1522.54,1519.00,1149.57,10.17,10590.05,6.98,159.85,34.45,118.89,149.45,6.96,238.54,140.20,131.85,0.00,21.29,573.76,20.20,1998.98,21.36,18.61,159.85,581.35,11.13,15.71,40.70,29.71,-0.60,-1939.78,-2196.42,1149.22,451.16,22.81,48.78,938.24,-14.99,841.02,4335.68,812.23,1165.79,14.01,2.83,538.01,81261.00,82905.00,86471.00,43.90,29.83,19.29,841.02
Honasa Consumer,544014,HONASA,INE0J5401028,Personal Products,Personal Care,475.50,15502.45,319.60,547.00,375.52,6.75,135.35,35.47,90.25,118.36,41.33,69.19,30.26,62.10,50.20,39.23,4.15,61.41,662.42,23.11,2552.63,21.08,27.00,90.45,252.46,19.22,15.71,242.32,11.97,13.14,141.35,102.18,374.51,76.93,1.90,52.76,331.29,10.25,213.72,1086.48,272.44,958.94,40.31,10.96,755.95,85336.00,78187.00,81090.00,13.64,21.58,29.30,213.72
Honda India,522064,HONDAPOWER,INE634A01018,Industrial Manufacturing,Industrial Products,2062.30,2091.17,119.18,4500.00,2253.00,31.07,0.99,66.67,11.10,17.09,9.48,25.51,-58.77,10.68,16.67,11.17,0.00,28.60,201.12,14.53,899.79,11.78,22.17,11.10,73.11,11.50,8.61,-0.22,5.87,2.69,-10.67,22.09,2254.92,16.44,10.53,38.73,542.16,0.10,79.43,793.23,0.00,775.76,16.42,2.60,189.25,25099.00,25273.00,23419.00,0.98,18.27,14.09,79.43
Honeywell Auto,517174,HONAUT,INE671A01010,Industrial Manufacturing,Industrial Products,36445.00,32217.38,792.20,59994.00,35258.11,12.17,110.50,75.00,150.70,20.95,124.60,160.34,-5.64,142.97,121.20,119.50,0.00,57.60,1208.09,5.11,4703.20,6.59,1.80,150.70,559.33,16.95,12.59,9.31,12.51,6.34,492.60,426.30,35246.18,159.46,161.71,40.13,3291.20,9.69,3805.80,4453.90,0.00,5796.00,34.78,7.22,1204.40,33525.00,34974.00,35226.00,3.94,11.31,9.74,3805.80
Horizon Industrial,544880,HORIZONIND,INE685T01010,Realty,"Residential, Commercial Projects",56.78,16369.12,599.57,60.25,58.12,5.76,6903.76,75.40,-55.95,,,,,,,,0.00,,,,691.38,77.15,,-57.64,-206.03,3.18,-6.18,-17.68,-44.81,,464.07,235.14,58.13,,,,301.17,2.66,1651.59,3214.54,737.42,1864.45,36.06,,128.62,132006.00,,,5.92,11.64,6.97,1651.59
HPL Electric,540136,HPL,INE495S01016,Industrial Manufacturing,Industrial Products,313.50,2015.82,286.27,694.30,366.06,38.28,755.09,72.66,18.67,1.30,18.43,30.86,-39.51,33.61,19.52,22.35,2.42,21.18,521.86,20.12,1943.31,14.96,34.52,18.69,95.18,13.46,9.92,0.01,3.63,1.20,226.48,138.21,366.59,74.33,5.22,37.84,61.28,2.62,81.16,935.90,10.35,1713.07,9.20,2.02,515.24,122523.00,126744.00,140916.00,0.75,0.10,26.50,81.16
Hubtown,532799,HUBTOWN,INE703H01016,Realty,"Residential, Commercial Projects",188.50,2678.60,342.11,2364.25,216.59,48.33,1197.25,33.17,24.92,-68.57,79.28,22.81,1.37,-14.14,23.42,31.67,15.91,28.46,268.82,28.93,611.72,28.63,-16.96,26.58,94.13,9.52,5.90,-21.79,17.08,-5.00,186.60,-579.76,216.87,50.85,-0.93,48.65,190.35,-2.90,327.95,2485.56,81.17,5099.44,10.78,1.02,155.62,33699.00,33419.00,29842.00,1.48,0.20,65.14,327.95
Huhtamaki India,509820,HUHTAMAKI,INE275B01026,Industrial Products,Packaging,270.40,2042.11,218.74,451.85,217.73,18.06,144.56,67.73,43.73,76.83,24.73,25.60,70.82,41.11,30.30,36.77,0.00,14.97,686.66,9.91,2610.37,4.68,22.51,43.73,136.40,11.98,8.96,87.18,5.83,1.08,237.81,142.34,217.20,61.71,5.44,50.01,175.99,10.72,298.93,1333.73,128.01,1544.55,7.22,1.51,750.02,35339.00,35296.00,35913.00,0.66,1.03,30.58,270.63
Hy-Tech Engineer,,,INE0LEG01024,,,,578.45,46.14,,,,29.76,,,,,,,,,,,25.71,,,189.40,17.36,,,22.50,23.91,20.15,38.55,,2.24,30.33,17.02,,,,,1.31,3.36,14.96,80.31,2.23,98.52,12.86,,,,,,,,,14.96
Hypersoft Tech.,539724,,INE039D01014,IT - Software,Computers - Software & Consulting,205.80,1738.02,5.34,230.05,144.62,10.54,0.00,59.24,10.17,,0.00,2.64,285.23,,-1.79,,0.00,424.94,,,72.07,,,10.17,4.09,,1.87,,13.12,,,,144.00,,,47.93,,,1.29,134.14,0.00,75.95,325.23,7.94,77.53,1680.00,1623.00,875.00,0.00,0.00,40.77,1.29
Hyundai Motor I,544274,HYUNDAI,INE0V6F01027,Automobiles,Passenger Cars & Utility Vehicles,2250.00,182821.75,9543.69,2890.00,2058.08,22.15,1097.56,82.50,888.62,-35.10,1369.23,1255.63,-29.23,1449.31,1234.40,1572.26,0.00,36.93,18041.89,3.33,70685.09,3.55,-0.48,888.62,4950.91,38.40,29.89,-10.31,5.44,2.24,7321.13,4344.92,2056.15,2054.94,17.84,66.51,8579.17,14.19,10551.98,19202.48,7.36,18476.71,19.41,9.13,16334.63,769187.00,768407.00,926594.00,3.28,11.65,2.53,10551.98
I G Petrochems,500199,IGPL,INE204A01010,Chemicals & Petrochemicals,Commodity Chemicals,523.85,1613.19,120.48,1018.60,432.44,1.67,361.69,68.74,66.44,611.47,-12.99,28.07,136.69,24.90,-10.86,-2.00,0.00,19.76,522.91,12.37,2072.73,-0.88,31.43,66.44,81.65,3.11,0.16,34.56,10.75,0.87,102.20,260.98,431.53,53.62,8.09,66.99,183.87,-1.44,186.03,1302.09,87.66,816.04,7.78,1.21,617.80,33319.00,34364.00,34735.00,2.67,1.61,26.99,186.03
I O B,532388,IOB,INE565A01014,Banks,Public Sector Bank,33.10,63739.31,26109.22,228.90,35.34,20.81,423432.65,92.44,1659.24,49.34,1111.04,1505.45,10.22,1944.47,1365.12,1226.42,0.00,11.07,9057.30,15.40,33287.71,14.86,18.85,1659.24,5756.23,6.07,14.86,50.97,18.90,-8.72,5501.50,2770.60,35.37,5457.87,1.01,40.45,18115.55,0.44,16605.93,20156.60,122607.48,34933.10,18.01,1.62,8777.57,955025.00,968298.00,1008128.00,0.47,4.29,2.80,12015.04
I O C L,530965,IOC,INE242A01010,Petroleum Products,Refineries & Marketing,139.48,196963.03,83803.27,196.80,146.62,26.19,131822.39,51.50,-1630.74,-123.93,6813.71,14458.08,-107.52,8284.05,13502.26,8190.86,0.00,5.85,216189.08,21.03,858482.06,13.47,38.51,-1141.09,33651.81,18.66,20.48,110.76,-0.43,0.33,76142.08,34452.40,146.69,14823.08,5.87,49.36,2645.48,7.94,4414.66,205745.99,73297.53,150071.33,4.36,0.90,266407.28,2859833.00,2789940.00,3080100.00,9.08,9.52,10.32,4414.66
I R C T C,542830,IRCTC,INE335Y01020,Leisure Services,"Tour, Travel Related Services",491.75,39340.00,1926.12,1279.26,570.61,33.46,80.73,62.40,329.86,-0.18,330.45,326.51,1.01,398.90,394.49,341.86,0.00,28.50,1333.26,16.34,5424.71,15.01,18.10,329.86,1380.57,46.09,34.65,5.59,24.09,3.64,1273.72,833.73,571.40,416.62,4.99,44.29,2137.32,21.81,2841.62,4148.38,25.00,6391.17,18.99,9.13,1369.53,1945653.00,1932716.00,1958669.00,3.91,14.86,18.85,2841.62
I R F C,543257,IRFC,INE053F01010,Finance,Financial Institution,85.70,111997.10,27020.51,229.05,102.50,37.52,436471.15,82.90,1927.21,10.40,1745.69,1684.31,14.42,593.52,1802.19,1776.98,0.00,15.58,7032.38,10.37,28630.42,4.87,19.46,1927.21,7190.69,5.64,12.81,7.79,23.33,-0.43,-27026.41,8229.57,102.67,6970.83,0.45,36.92,6143.16,-0.76,977.81,43680.25,28.14,480670.39,19.21,1.97,8261.11,5086488.00,5113569.00,5451172.00,1.17,3.98,11.94,977.81
I T D C,532189,ITDC,INE353K01014,Leisure Services,Hotels & Resorts,684.05,5867.06,120.86,2217.55,609.61,16.78,0.63,87.03,9.64,-3.50,9.99,28.31,-66.78,14.68,28.01,16.35,0.00,70.88,115.73,-2.33,535.38,-7.19,2.68,9.39,82.78,29.77,21.03,3.29,10.55,18.92,70.44,52.84,608.86,16.68,1.71,46.64,220.31,8.62,270.73,336.97,0.00,654.31,45.82,13.88,90.10,32454.00,30734.00,30884.00,0.03,1.78,11.16,270.73
ICE Make Refrig.,,ICEMAKE,INE520Y01019,Industrial Manufacturing,Industrial Products,734.00,1158.23,43.73,1088.75,777.11,20.22,156.33,74.20,-1.41,-1.44,-1.39,9.72,-114.51,2.31,1.11,1.45,8.03,106.55,219.85,47.85,731.58,46.17,57.41,-1.41,10.87,10.77,8.24,-39.54,-0.80,8.02,-13.54,30.39,777.54,10.16,1.46,36.49,4.10,-16.83,6.44,120.28,3.38,326.45,30.69,8.51,176.08,23616.00,25551.00,25656.00,0.31,1.38,24.11,6.44
ICICI AMC,544658,ICICIAMC,INE346A01027,Capital Markets,Asset Management Company,3222.80,159289.64,4530.12,3611.00,3041.55,10.75,0.00,87.59,964.63,23.10,783.64,768.58,25.51,,917.09,835.43,0.00,45.70,,,6040.44,20.53,17.55,964.63,3485.73,115.10,85.80,24.43,61.67,6.15,3281.56,2573.50,3039.73,,,54.42,28.01,61.04,147.49,4121.74,3856.54,505.10,33.43,38.19,1564.22,590748.00,624271.00,,2.96,6.80,2.65,147.49
ICICI Bank,532174,ICICIBANK,INE090A01021,Banks,Private Sector Bank,1430.00,1026250.49,168858.28,1500.00,1362.45,3.38,2096680.46,0.00,15440.06,13.88,13557.60,14755.06,3.80,20279.70,13481.13,14318.15,0.00,18.30,50273.03,4.34,198379.35,3.96,6.44,16276.22,56090.16,7.18,15.92,6.05,31.16,1.02,67325.42,122805.26,1361.77,13680.35,26.81,54.21,120240.91,4.84,121237.19,376382.05,939300.36,316449.76,18.16,2.72,52240.85,2104810.00,2082901.00,1875924.00,33.79,42.32,23.68,74009.08
ICICI Lombard,540716,ICICIGI,INE765G01017,Insurance,General Insurance,1596.90,79780.90,3569.34,2301.90,1789.38,22.66,0.00,51.22,403.17,-46.03,747.08,546.56,-26.23,862.65,658.76,819.54,0.00,32.86,7675.97,11.74,27687.08,11.84,10.83,403.17,2428.03,21.88,16.58,-9.23,5.69,3.44,2621.97,1147.31,1791.31,864.74,17.27,37.17,87.57,11.81,986.78,16515.16,60579.40,17551.80,24.68,4.69,7088.22,229599.00,229930.00,240980.00,21.45,20.64,6.57,776.26
ICICI Pru Life,540133,ICICIPRULI,INE726G01019,Insurance,Life Insurance,515.05,74724.01,1704.08,796.80,551.05,27.13,2595.00,72.73,623.91,61.94,385.28,387.15,61.15,-6122.48,295.83,300.99,0.00,46.47,74758.41,194.31,63356.80,-10.49,-79.69,623.91,1607.89,10.14,12.58,35.63,19.59,-1.48,-5355.08,-9407.65,551.41,-6114.44,-42.20,56.49,1007.17,-49.17,1137.70,12181.87,307369.45,7938.21,44.71,5.48,3185.46,319872.00,327841.00,341346.00,10.22,11.81,5.22,1137.70
ICRA,532835,ICRA,INE725G01011,Capital Markets,Ratings,4907.80,4736.63,290.31,7735.40,5483.44,29.71,18.41,51.86,52.93,24.71,42.44,52.45,7.16,52.08,39.06,48.02,0.00,24.12,176.50,29.23,638.39,25.74,31.23,56.46,196.36,23.04,16.72,10.98,32.57,3.13,157.26,144.89,5489.22,62.33,53.68,43.44,281.53,11.08,42.49,1171.09,729.50,201.69,15.27,4.01,163.37,23802.00,22189.00,21176.00,6.90,24.27,16.70,42.49
IDBI Bank,500116,IDBI,INE008A01015,Banks,Private Sector Bank,94.75,101879.01,25321.85,202.25,85.84,20.01,374879.89,94.72,2127.14,5.35,2019.18,2007.12,5.86,3039.57,1959.41,3240.77,0.00,10.93,7425.98,4.46,29542.24,0.92,7.44,2130.57,9317.93,5.92,14.14,17.72,28.22,0.93,16761.75,25795.70,85.75,5543.20,2.82,77.75,21294.24,3.23,33230.47,57811.76,128440.14,71790.78,16.07,1.49,7549.28,718543.00,713776.00,692523.00,0.45,0.10,4.71,33230.47
Ideaforge Tech,543932,IDEAFORGE,INE349Y01013,Aerospace & Defense,Aerospace & Defense,805.95,4006.26,24.70,1344.00,678.99,19.16,83.71,25.26,-2.59,89.01,-23.56,59.99,-104.32,-87.22,-33.85,-19.62,2.95,1019.40,232.38,470.12,281.94,221.12,436.70,-2.59,3.93,-2.81,-3.34,104.52,-3.78,-31.50,-63.41,-76.79,677.72,-32.87,-17.55,44.21,96.76,-15.66,39.32,555.77,105.28,414.76,87.05,5.82,68.59,164872.00,183339.00,192754.00,8.27,10.98,55.49,39.32
IDFC First Bank,539437,IDFCFIRSTB,INE092T01019,Banks,Private Sector Bank,84.40,72763.09,22008.79,100.74,76.58,4.91,353276.23,0.00,1074.96,132.39,462.57,318.94,237.04,843.37,502.54,352.31,0.00,32.36,11220.54,12.92,41957.77,12.32,14.61,1074.96,2248.75,5.98,3.83,72.08,9.73,0.75,6915.03,14394.54,76.50,3932.96,0.98,50.92,14023.49,2.82,11337.13,39720.93,95254.85,28529.42,18.54,1.50,11051.09,2789803.00,2890403.00,3154467.00,36.10,24.35,31.73,11388.78
IDream Film,504375,,INE459E01012,IT - Software,Computers - Software & Consulting,617.05,16694.49,-2.77,659.00,345.47,6.37,6.79,73.72,1.47,3040.00,-0.05,-2.62,156.11,,2.50,-0.05,0.00,,,,2.41,,,1.47,-1.34,,,-509.09,61.25,-2093.35,-2.79,-0.11,342.74,,,54.77,0.00,184.71,0.04,-7.50,0.00,0.04,-22878.41,,2.40,253.00,230.00,228.00,0.00,0.00,26.28,0.04
IFB Agro Inds.,507438,IFBAGRO,INE076C01018,Beverages,Breweries & Distilleries,959.20,898.77,125.80,1795.00,967.04,46.56,71.20,65.00,21.55,18.47,18.19,10.55,104.27,29.40,8.37,23.79,0.00,13.99,564.01,40.31,1508.68,38.82,35.59,21.55,64.26,13.29,9.57,85.56,5.43,1.29,97.12,71.82,967.12,45.88,31.39,42.92,186.91,2.97,182.50,671.59,147.11,469.28,5.99,1.32,396.98,13369.00,13292.00,10673.00,0.74,1.12,33.14,182.50
IFB Industries,505726,IFBIND,INE559A01017,Consumer Durables,Household Appliances,1369.80,5550.43,324.54,2359.90,1317.08,32.35,152.65,74.96,38.06,50.08,25.36,34.15,12.87,53.88,24.51,49.75,0.00,35.52,1503.98,13.94,5665.78,13.18,17.10,38.06,156.28,18.22,14.47,35.53,2.50,2.48,290.89,102.64,1316.55,91.03,13.30,50.06,91.64,14.00,98.11,951.74,379.82,1310.68,15.90,5.59,1523.52,34516.00,33569.00,33469.00,0.79,6.15,18.09,98.11
IFCI,500106,IFCI,INE039A01010,Finance,Financial Institution,85.44,23020.22,1036.95,121.20,66.24,10.81,3523.01,72.57,33.52,-17.40,40.58,14.77,76.95,283.67,20.82,317.43,0.00,128.35,746.70,1.61,1988.20,4.81,-19.68,60.27,179.35,5.03,2.09,-44.13,18.43,-7.17,279.73,-983.74,66.05,406.59,0.59,70.62,5515.36,-1.27,7102.14,6250.13,15080.61,8667.14,18.94,2.57,327.06,957179.00,965982.00,1020493.00,3.50,1.66,20.14,7102.14
IFGL Refractori.,540774,IFGLEXPOR,INE133Y01011,Industrial Products,Electrodes & Refractories,215.01,1549.76,146.09,467.76,201.42,36.67,208.71,72.44,17.06,57.82,10.81,14.52,19.47,15.77,-3.08,12.69,0.00,36.18,557.00,13.99,1952.61,15.37,12.85,17.06,42.84,4.92,3.22,47.01,3.33,2.44,63.38,28.28,201.28,40.36,2.19,50.88,64.07,-0.64,54.27,1102.83,67.65,921.95,11.63,1.32,512.37,21525.00,21298.00,19714.00,0.03,13.01,14.52,54.27
Igarashi Motors,517380,IGARASHI,INE188B01013,Auto Components,Auto Components & Equipments,426.50,1342.41,85.11,1001.10,430.72,23.57,144.69,75.00,6.77,169.72,2.51,1.59,325.79,6.17,3.50,4.54,0.00,81.85,253.98,15.90,912.07,11.09,22.55,6.77,16.40,4.58,2.61,-11.45,2.70,1.56,93.80,93.82,430.77,25.21,1.96,39.29,3.17,0.79,3.28,435.15,1.26,357.84,16.56,2.88,250.87,27607.00,26971.00,25263.00,0.50,3.65,20.86,3.28
IIFL Capital,542773,IIFLCAPS,INE489L01022,Capital Markets,Stockbroking & Allied,336.40,10590.09,943.60,449.00,324.97,18.21,1820.89,30.67,184.09,4.99,175.34,114.74,59.97,140.78,187.85,85.15,0.00,18.58,607.66,6.22,2434.14,2.17,2.29,184.16,570.11,21.07,16.20,-19.19,29.16,-13.48,-1069.58,870.89,324.85,217.35,4.47,52.03,4010.17,-1.21,5065.39,3003.43,389.83,7403.96,6.91,3.42,631.48,70558.00,66511.00,74622.00,15.34,4.72,49.28,5065.39
IIFL Finance,532636,IIFL,INE530B01024,Finance,Non Banking Financial Company (NBFC),654.05,27822.05,8354.38,705.00,526.66,7.23,69175.88,24.84,675.07,189.30,233.35,586.84,14.42,1135.54,501.35,417.94,0.00,13.23,4520.15,36.76,14344.21,36.06,32.73,713.13,2102.54,10.87,12.61,168.66,18.20,-0.36,-13975.99,-4780.83,525.38,2924.11,25.27,61.19,4191.78,-12.33,6373.50,13834.90,6092.45,10279.19,9.69,2.00,3919.15,127688.00,124543.00,149247.00,23.86,7.50,43.80,6373.50
IIRM Holdings,526530,,INE670C01026,Commercial Services & Supplies,Consulting Services,130.30,887.92,59.56,171.95,107.13,14.19,95.07,57.89,7.83,2.49,7.64,6.80,15.66,7.39,4.71,5.25,0.00,36.11,67.59,13.95,257.69,16.24,8.15,7.83,24.59,20.36,16.89,18.68,10.65,,21.68,6.10,106.90,15.86,1.08,47.18,6.20,-11.35,76.16,122.75,2.69,202.58,14.66,5.66,73.50,1637.00,1528.00,1290.00,0.00,0.66,41.44,76.16
IKIO Tech,543923,IKIO,INE0LOJ01019,Consumer Durables,Consumer Electronics,192.08,1484.41,92.27,477.15,179.60,23.17,69.70,72.55,10.79,408.96,2.12,16.49,-36.97,16.32,10.77,10.89,0.00,31.92,226.79,38.10,644.45,34.54,40.91,11.05,46.50,9.49,7.13,125.18,6.53,6.78,16.41,35.05,179.47,29.27,2.06,43.96,109.66,-10.84,57.62,524.85,0.00,424.93,14.26,2.47,169.29,94478.00,95552.00,104321.00,0.69,0.88,25.88,57.62
Imagica. Enter.,539056,IMAGICAA,INE172N01012,Leisure Services,Amusement Parks/ Other Recreation,50.18,2839.49,126.14,207.05,48.71,15.24,342.52,74.02,57.15,26.19,45.29,0.34,14292.50,-13.54,-5.17,-38.91,0.00,222.88,46.52,11.26,403.35,7.75,19.92,57.57,12.74,1.86,0.05,-77.57,32.18,2.35,109.92,147.22,48.69,8.37,-0.24,58.58,52.95,1.49,27.12,688.18,12.88,107.27,22.06,2.26,177.60,79993.00,81213.00,85077.00,0.36,1.88,23.74,27.12
Ind-Swift Labs.,532305,INDSWFTLAB,INE915B01019,Pharmaceuticals & Biotechnology,Pharmaceuticals,367.48,3195.66,92.06,373.90,174.10,1.72,17.91,42.93,24.86,183.47,8.77,19.29,63.34,12.91,9.54,7.99,0.00,49.10,343.05,124.75,664.73,53.97,25.35,24.68,65.08,4.70,3.87,195.01,12.99,14.79,-69.88,-25.47,172.15,30.09,1.49,77.27,428.04,-10.51,429.85,1297.19,247.52,976.75,24.21,2.31,191.45,40881.00,39222.00,28709.00,10.70,0.17,46.19,429.85
Indef Manufactur,544364,BAJAJINDEF,INE0O9T01021,Industrial Manufacturing,Industrial Products,229.65,734.88,31.45,580.85,271.80,48.85,2.93,69.61,5.50,-2.65,5.65,6.72,-19.35,1.63,4.90,6.26,0.00,31.06,55.39,12.32,202.45,12.35,-13.22,5.50,23.66,9.45,9.20,-30.58,15.96,,23.52,4.82,272.23,3.55,0.51,52.56,6.17,,6.50,266.57,209.62,74.43,24.19,2.72,34.46,19479.00,19622.00,20032.00,1.11,0.00,29.27,6.50
Indegene,544172,INDGN,INE065X01017,Healthcare Services,"Healthcare Research, Analytics & Technology",569.70,13725.48,690.90,736.60,521.83,4.54,144.40,0.00,116.20,-0.17,116.40,95.09,45.80,133.47,102.90,102.10,0.00,32.97,1078.50,34.11,3812.80,30.41,39.73,116.20,416.29,18.82,14.41,-4.39,10.93,2.71,650.80,441.90,521.35,181.79,5.54,63.80,374.60,16.84,381.90,3090.60,1099.50,1518.90,18.82,4.37,1063.10,138533.00,142119.00,151997.00,9.92,8.74,81.34,381.90
India Cements,530005,INDIACEM,INE383A01012,Cement & Cement Products,Cement & Cement Products,371.85,11523.53,440.67,489.65,389.77,24.06,1304.80,75.00,45.81,526.14,-10.75,68.67,-54.87,23.86,-2.67,8.81,0.00,85.36,1176.58,5.33,4479.37,7.06,-0.52,26.85,135.00,1.24,0.37,133.40,4.49,9.59,-26.73,-256.22,389.95,128.20,0.77,41.18,122.88,0.50,60.60,9814.37,83.31,1454.58,23.17,1.14,1019.42,157402.00,156567.00,169844.00,3.40,12.60,9.00,60.60
India Finsec,535667,,INE474O01010,Finance,Non Banking Financial Company (NBFC),236.45,690.24,65.68,284.95,194.31,17.02,0.00,55.98,4.89,28.68,3.80,4.06,20.45,7.94,5.05,5.54,84.16,42.06,27.94,38.52,94.72,29.42,53.66,6.89,16.41,28.63,15.98,41.22,24.13,-0.93,-121.17,-28.61,193.89,21.50,1.93,55.52,16.02,-26.58,0.84,49.47,77.57,1.13,9.22,8.77,28.55,824.00,827.00,864.00,0.00,0.00,44.01,0.84
India Glycols,500201,INDIAGLYCO,INE560A01023,Beverages,Breweries & Distilleries,1190.50,7979.54,699.34,1222.85,1000.02,2.65,1690.60,59.63,96.83,32.19,73.25,86.88,11.45,112.47,67.57,65.06,0.00,25.18,1215.28,11.27,4301.34,12.01,8.64,96.83,316.96,12.40,11.26,30.01,8.57,1.59,769.16,362.11,998.11,184.22,16.78,61.82,77.44,-4.12,49.83,2899.27,388.79,1497.81,13.33,2.72,1130.39,52968.00,52848.00,55149.00,2.24,5.21,32.91,49.83
India Homes,513361,,INE072A01029,Industrial Products,Iron & Steel Products,26.55,1056.90,23.35,35.45,18.40,3.45,91.38,34.25,-3.21,-116.89,-1.48,22.85,-84.95,,0.43,-3.15,9.92,62.46,,,24.48,81500.00,-100.00,3.44,16.92,17.52,52.28,233.02,,-20.93,12.91,-6.27,18.32,,,81.44,0.47,-3.84,0.90,5.20,0.01,157.76,50.28,23.48,0.00,56712.00,58257.00,66522.00,0.00,4.88,60.87,0.90
India Motor Part,590065,IMPAL,INE547E01014,Auto Components,Trading - Auto components,1082.40,1350.84,104.58,1503.00,1067.31,12.63,0.00,35.21,21.70,6.32,20.41,33.46,-35.15,16.81,17.18,25.50,0.00,13.81,225.73,13.60,874.71,11.06,19.12,21.70,97.84,4.53,3.83,14.54,9.26,6.97,4.92,17.84,1067.16,17.24,13.47,46.65,55.07,0.59,46.72,2295.69,2258.20,259.20,11.07,0.59,234.29,11436.00,11499.00,11379.00,0.76,0.00,64.03,46.72
India Nipp.Elec.,532240,INDNIPPON,INE092B01025,Auto Components,Auto Components & Equipments,1066.10,2411.67,148.24,1278.65,924.37,16.62,1.90,70.37,28.13,4.11,27.02,24.93,59.77,26.66,23.20,23.21,0.00,26.44,286.25,27.39,1068.48,26.47,28.11,39.83,91.21,16.96,11.90,10.85,9.39,4.46,40.27,49.56,922.95,31.83,11.79,39.00,23.65,3.44,6.22,810.02,531.53,333.71,16.24,2.94,299.46,24035.00,22994.00,21812.00,0.33,0.22,29.10,6.22
India Pesticides,543311,IPL,INE0D6701023,Fertilizers & Agrochemicals,Pesticides & Agrochemicals,140.47,1617.70,194.18,431.75,161.30,41.53,110.26,63.65,22.74,-34.82,34.89,30.64,-25.64,41.83,22.69,31.61,0.00,15.02,331.41,14.14,1034.00,17.05,-8.51,22.77,107.68,16.63,12.52,9.16,9.04,2.15,61.54,3.05,161.51,51.82,3.63,36.67,100.87,-1.70,116.78,998.43,18.77,851.22,8.96,1.60,251.76,94075.00,93551.00,100628.00,0.20,0.02,36.14,116.78
India Power Corp,,DPSCLTD,INE360C01024,Power,Integrated Power Utilities,7.11,692.36,71.70,48.60,9.00,46.58,126.72,59.15,4.14,321.39,-1.87,1.85,123.78,-15.20,3.78,3.05,67.63,54.05,186.98,14.24,683.01,10.10,21.47,4.14,12.81,3.49,1.45,82.22,2.49,0.92,75.22,78.85,9.02,1.09,-0.16,40.11,40.70,6.38,31.47,793.17,0.05,484.05,10.98,0.78,166.08,106810.00,107524.00,113656.00,0.12,0.12,40.61,31.47
INDIA SHELTE FIN,544044,INDIASHLTR,INE922K01024,Finance,Housing Finance Company,659.00,7180.91,1113.39,1011.75,772.55,31.98,6246.03,46.05,143.02,19.95,119.23,140.06,2.11,206.06,123.94,121.83,0.00,13.58,457.79,24.09,1601.45,25.69,19.80,143.02,528.85,12.86,17.11,28.07,33.08,-0.55,-1183.07,-1435.61,773.69,331.26,18.91,35.85,329.07,-15.10,304.90,3143.75,395.21,621.35,11.34,2.24,432.39,56218.00,59100.00,65803.00,6.86,21.92,25.15,304.90
Indiabulls,533520,IBULLSLTD,INE126M01010,Commercial Services & Supplies,Diversified Commercial Services,27.03,6296.76,323.96,717.97,20.71,16.83,458.55,32.91,142.99,35647.50,0.40,260.86,-27.41,268.08,78.37,75.31,0.00,13.01,857.87,263.09,1101.21,165.66,292.33,141.02,483.93,16.17,23.06,371.40,39.23,-8.10,193.74,5.17,20.65,312.64,1.15,47.18,18.78,2.89,749.51,2636.69,118.34,2594.04,12.57,2.04,359.45,249884.00,249915.00,60247.00,17.08,0.11,45.99,749.51
Indiamart Inter.,542726,INDIAMART,INE933S01016,Retailing,Internet & Catalogue Retail,1751.90,10536.48,679.30,4975.98,2055.72,34.04,23.10,49.07,172.20,12.18,153.50,50.20,243.03,125.88,188.30,82.70,0.00,21.35,440.29,12.61,1611.30,12.74,11.37,172.20,493.40,28.04,20.70,-16.40,41.55,1.53,694.22,623.21,2058.77,134.38,20.93,39.68,84.39,26.54,91.20,2340.29,3792.33,164.18,14.83,4.39,414.40,155473.00,158065.00,169988.00,19.92,12.11,18.88,91.20
Indian Bank,532814,INDIANB,INE562A01011,Banks,Public Sector Bank,889.00,119745.10,57622.32,1000.90,831.77,11.18,892746.00,73.84,3356.63,20.47,2786.20,3173.05,5.79,4552.62,3147.50,3108.63,0.00,9.37,18302.19,10.07,69314.13,9.53,11.11,3357.44,12784.53,6.32,15.45,11.39,18.55,1.68,18815.48,17396.40,831.20,12443.45,33.79,60.44,31947.65,0.97,34054.92,82557.00,251648.00,77484.00,16.89,1.43,18095.14,318231.00,319897.00,331904.00,6.16,17.03,2.98,31796.00
Indian Energy Ex,540750,IEX,INE022Q01020,Capital Markets,Exchange and Data Platform,122.00,10878.65,650.37,318.71,131.41,23.89,11.16,0.00,126.69,12.08,113.04,123.96,2.20,140.11,115.09,121.61,0.00,22.32,174.03,14.31,624.32,13.14,11.39,126.69,487.35,51.79,39.40,12.23,81.25,2.27,424.64,429.60,131.51,147.89,1.57,40.87,112.65,30.80,104.34,1217.64,1935.92,330.84,16.12,8.33,155.93,1396607.00,1409806.00,1388447.00,12.63,31.47,55.63,104.34
Indian Hotels Co,500850,INDHOTEL,INE053A01029,Leisure Services,Hotels & Resorts,721.00,102629.46,3442.96,894.90,701.40,9.03,2836.55,38.12,357.90,20.76,296.37,599.86,-39.45,499.37,954.24,318.26,0.00,52.81,2319.42,13.65,9987.33,13.17,14.61,390.81,1943.44,17.06,14.24,13.24,16.71,4.62,2471.41,2194.37,701.20,704.84,3.21,45.21,2181.56,7.77,1831.19,12909.95,3606.43,3076.68,28.85,7.86,2339.19,638645.00,646147.00,617489.00,21.71,24.47,15.59,1831.19
Indian Hume Pipe,504741,INDIANHUME,INE323C01030,Construction,Civil Construction,392.80,2069.34,197.47,613.70,360.03,9.07,416.97,72.34,23.57,7.53,21.92,22.98,2.57,22.17,61.51,34.69,0.00,22.12,334.72,-8.24,1300.95,-9.31,-1.50,23.57,93.56,9.51,4.21,9.44,7.78,1.05,293.65,203.93,359.70,37.92,4.21,56.76,443.39,22.33,469.01,1473.82,401.29,2095.32,10.52,1.39,302.81,27545.00,25454.00,27722.00,0.39,0.75,26.51,469.01
Indian Metals,533047,IMFA,INE919H01018,Ferrous Metals,Ferro & Silica Manganese,1380.50,7448.36,653.36,1679.90,1313.43,17.82,957.54,58.69,192.34,108.41,92.29,103.22,86.69,194.77,131.46,97.56,0.00,14.21,967.58,34.64,3145.22,23.64,49.71,192.59,524.33,18.37,16.77,46.48,20.05,1.56,318.09,585.35,1312.76,229.58,36.05,44.48,21.43,-2.06,47.12,2663.56,382.76,1335.93,10.46,2.74,960.45,55347.00,52983.00,50152.00,3.59,0.88,36.85,47.12
Indian Renewable,544026,IREDA,INE202E01016,Finance,Financial Institution,118.80,33373.67,7285.39,310.00,130.36,27.29,77845.63,71.76,337.50,36.82,246.68,492.75,-31.51,751.12,584.91,549.00,0.00,16.99,2428.03,18.04,8610.09,19.93,15.46,337.50,1964.16,8.69,15.58,25.78,15.01,-0.23,-14482.46,-14461.40,130.47,2101.65,2.67,49.80,671.18,-16.05,717.15,10972.12,909.82,1743.32,14.70,2.42,2248.39,2465916.00,2519677.00,2669472.00,2.48,2.39,23.35,717.15
Indigo Paints,543258,INDIGOPNTS,INE09VQ01012,Consumer Durables,Paints,1186.10,5661.57,258.91,3348.00,1042.04,11.87,18.38,53.88,42.37,60.74,26.36,57.34,-26.11,44.29,36.16,25.53,0.00,34.19,331.59,11.08,1385.31,8.39,18.72,42.37,165.57,17.94,13.42,15.11,12.10,3.02,211.37,204.95,1040.60,58.66,9.28,65.92,37.10,5.91,28.55,1134.67,319.66,474.06,20.08,4.78,350.05,139467.00,144361.00,159977.00,5.73,25.25,15.16,28.55
IndiGrid Trust,540565,INDIGRID,INE219X23014,Power,Power - Transmission,174.63,19874.26,3258.05,180.96,170.57,3.50,21359.14,,243.19,236.04,72.37,182.26,32.81,396.61,99.91,38.63,0.00,35.17,1552.92,87.84,5015.19,50.96,29.39,245.94,565.07,7.99,7.23,67.88,22.63,0.61,3377.43,2901.59,170.53,1218.03,4.12,34.61,509.00,1.32,350.35,-4171.35,1227.91,1953.47,11.85,2.74,1086.66,,,,,,,350.35
Indiqube Spaces,544454,INDIQUBE,INE06ST01018,Commercial Services & Supplies,Diversified Commercial Services,191.96,4069.51,958.04,243.80,180.62,21.26,5207.09,60.11,-23.88,35.04,-36.76,-22.65,-5.43,-48.06,-17.07,-29.87,0.00,,483.68,38.14,1564.22,38.88,36.66,-23.88,-93.47,6.38,-42.16,30.42,-5.65,0.63,920.39,611.65,180.51,292.74,-2.27,63.11,6.03,8.17,385.34,493.55,0.00,620.35,8.55,7.91,422.69,23865.00,23319.00,,2.16,14.35,23.39,385.34
Indl.& Prud.Inv.,501298,INDPRUD,INE620D01011,Finance,Investment Company,6220.50,1042.46,63.84,8300.00,6167.20,12.26,0.00,68.17,10.92,-20.64,13.76,17.49,-37.56,1.22,15.77,16.71,0.00,17.12,1.54,-13.19,6.39,-28.28,-6.80,10.92,60.89,7.72,7.71,-3.16,398.54,6.55,23.36,11.61,6166.66,1.22,7.26,41.66,1.96,1.97,2.52,848.23,875.77,4.53,17.04,1.23,2.74,2212.00,2274.00,2202.00,0.56,0.07,31.20,2.52
Indo Amines,524648,INDOAMIN,INE760F01028,Chemicals & Petrochemicals,Specialty Chemicals,121.17,879.54,151.34,248.40,125.54,21.11,310.88,58.42,30.76,6.66,28.84,20.51,49.98,27.38,11.87,18.11,0.00,10.83,328.44,18.55,1246.72,13.23,30.27,30.76,81.25,19.87,22.37,23.50,8.21,1.60,78.80,35.41,125.58,39.74,3.77,40.46,15.15,0.18,22.23,356.05,2.72,529.94,7.36,2.24,374.64,34114.00,33816.00,35708.00,0.08,0.00,41.50,22.23
Indo Borax & Ch.,524342,INDOBORAX,INE803D01021,Chemicals & Petrochemicals,Commodity Chemicals,505.70,1622.79,58.77,524.60,326.67,3.60,1.43,38.41,16.25,59.31,10.20,13.91,11.84,15.77,9.27,16.26,100.00,33.15,74.44,28.68,232.24,29.69,31.34,16.25,48.96,15.37,10.06,26.54,23.10,5.24,87.15,-104.47,324.87,16.77,4.91,65.07,7.27,5.54,13.90,383.37,209.42,126.75,24.14,4.20,70.36,20592.00,20466.00,27039.00,0.13,0.04,61.43,13.90
Indo Count Inds.,521016,ICIL,INE483B01026,Textiles & Apparels,Other Textile Products,425.60,8429.19,463.22,463.80,335.57,8.24,1342.34,58.74,63.22,62.02,39.02,24.20,161.24,37.83,24.43,39.03,0.00,55.87,1178.17,10.92,4389.61,5.30,25.89,63.22,150.88,8.19,5.52,-28.57,5.24,1.84,572.86,394.14,334.67,120.22,1.91,54.24,117.20,4.72,123.78,2315.69,190.07,2199.83,19.21,3.58,1206.96,75948.00,77258.00,77264.00,10.14,5.82,25.30,123.78
Indo Farm Equip.,544328,INDOFARM,INE622H01018,"Agricultural, Commercial & Construction Vehicles",Construction Vehicles,139.67,671.14,64.62,293.20,159.23,48.59,149.55,70.62,5.66,4.24,5.43,8.72,-35.09,7.38,5.56,4.98,0.00,26.93,114.59,10.30,453.99,11.14,14.52,5.66,24.92,7.42,4.54,-6.03,5.13,1.64,29.70,53.00,159.43,14.73,1.54,39.49,110.73,3.04,76.18,508.43,0.25,443.67,11.42,1.21,110.24,44005.00,44995.00,53193.00,0.08,2.52,26.78,76.18
Indo Rama Synth.,500207,INDORAMA,INE156A01020,Textiles & Apparels,Other Textile Products,61.22,1598.53,330.91,99.80,46.89,18.37,1139.87,74.84,63.74,20.83,52.75,64.13,-0.61,47.39,8.78,24.55,0.00,9.75,1145.95,-6.12,4541.01,-1.72,-28.27,63.74,163.90,17.90,34.45,123.51,6.81,1.17,133.89,391.11,46.75,88.99,1.81,60.51,30.04,2.25,18.26,258.06,0.00,1672.26,7.94,3.08,936.64,26804.00,26677.00,28721.00,0.13,0.92,24.12,18.26
Indo SMC,544681,,INE0WKY01013,Electrical Equipment,Other Electrical Equipment,490.25,1120.48,47.65,533.80,285.49,8.16,46.95,60.25,20.93,344.37,4.71,,,,,,0.00,34.60,,,309.74,123.33,186.09,20.93,32.38,33.91,34.12,109.72,10.61,,-34.77,-13.75,283.44,,,55.73,2.88,-19.74,53.55,131.26,0.00,193.60,23.38,7.27,197.20,1334.00,944.00,,0.13,2.65,36.97,53.55
Indo Tech.Trans.,532717,INDOTECH,INE332H01014,Electrical Equipment,Heavy Electrical Equipment,3745.90,3978.15,130.73,4035.30,2510.50,7.17,5.20,72.18,25.70,34.06,19.17,23.92,7.44,33.17,24.90,24.78,80.26,40.06,229.16,25.32,846.04,21.99,39.02,25.70,99.30,37.71,28.35,28.73,11.28,9.81,56.87,55.75,2498.08,35.22,31.23,57.69,93.09,8.60,113.71,363.09,0.00,444.65,27.51,10.65,227.89,24680.00,25871.00,27561.00,0.28,0.05,27.50,113.71
Indo Thai Sec.,533676,INDOTHAI,INE337M01021,Capital Markets,Stockbroking & Allied,51.16,679.60,86.49,470.00,226.77,89.11,24.70,56.07,11.03,28.70,8.57,26.18,-57.87,82.79,17.00,14.41,0.00,9.90,103.92,338.30,110.38,217.64,46.87,11.03,68.62,34.58,28.57,497.74,53.49,-5.26,-33.67,-21.50,228.54,84.73,6.23,5.87,120.20,-8.35,127.18,271.00,157.00,187.18,6.26,0.99,20.62,17732.00,16464.00,5423.00,1.28,0.46,42.20,127.18
Indo-MIM,544837,INDOMIM,INE084101034,Industrial Manufacturing,Industrial Products,895.75,44293.13,1196.72,989.95,762.09,9.52,1367.96,77.65,240.12,31.64,182.41,128.16,72.57,,,,0.00,68.61,,,4192.99,25.93,9.39,240.12,587.87,24.98,23.43,20.16,19.70,5.57,1077.24,506.27,760.75,,,62.25,175.27,7.44,470.62,2771.14,9.88,2471.91,37.76,,1218.74,946298.00,,,2.34,6.07,13.95,470.62
Indoco Remedies,532612,INDOCO,INE873D01024,Pharmaceuticals & Biotechnology,Pharmaceuticals,238.94,2205.50,145.76,530.25,231.81,28.07,1089.74,58.86,-19.49,45.56,-35.79,-24.66,376.35,-27.36,-29.45,-9.21,0.00,,543.22,12.08,1873.14,11.96,6.33,65.44,-75.25,0.96,-9.36,33.39,-4.20,1.11,192.23,94.94,231.74,47.87,-2.94,60.06,17.08,-7.19,32.99,920.82,1.46,1193.36,19.28,2.35,467.50,32457.00,32276.00,33129.00,1.27,17.68,22.04,32.99
Indokem,504092,INDOKEM,INE716F01012,Chemicals & Petrochemicals,Specialty Chemicals,624.00,1740.23,7.85,930.00,555.82,32.90,26.82,68.67,1.07,52.86,0.70,0.35,214.71,0.00,0.40,0.41,0.00,776.89,39.84,-1.15,174.45,-4.51,12.17,1.07,2.24,6.29,2.96,-57.33,2.29,,-4.18,5.01,555.13,1.36,0.00,56.44,3.37,2.32,3.41,36.59,0.63,84.10,209.71,26.99,46.63,26520.00,26609.00,25414.00,0.00,0.20,31.14,3.41
Indosolar,533257,WAAREEINDO,INE866K01023,Electrical Equipment,Heavy Electrical Equipment,275.15,1144.73,272.26,725.00,342.27,62.05,3.07,74.93,36.62,-68.64,116.79,42.00,-12.81,198.50,41.47,46.34,0.00,6.88,439.01,116.74,553.54,6.90,-64.89,36.62,166.43,123.80,150.64,-5.73,53.57,2.74,78.37,85.05,342.94,236.19,47.71,27.48,17.10,14.12,5.76,245.40,0.00,238.41,4.32,3.99,68.36,72841.00,72093.00,73141.00,0.54,0.06,24.46,5.76
Indostar Capital,541336,INDOSTAR,INE896L01010,Finance,Non Banking Financial Company (NBFC),259.50,4194.96,-226.51,607.80,241.42,11.25,5476.76,70.36,11.47,102.43,-471.45,-423.93,102.71,-40.78,8.30,10.49,0.00,,353.43,-0.88,1413.48,-1.92,5.93,11.47,-393.67,-2.58,-23.63,8.37,3.15,-0.34,-988.94,-1061.13,241.24,109.75,-2.52,55.96,422.44,-14.47,310.38,3621.08,981.93,400.51,43.66,1.11,363.87,59070.00,60134.00,62570.00,2.56,2.20,24.88,310.38
Indrapr.Medical,532150,INDRAMEDCO,INE681B01017,Healthcare Services,Hospital,369.30,3385.48,295.67,640.85,403.06,42.37,36.86,51.00,55.85,8.53,51.46,41.70,33.93,64.10,41.00,49.46,0.00,18.01,423.21,11.07,1523.60,10.92,11.26,55.85,188.01,35.83,27.47,12.12,13.75,1.77,167.44,156.75,403.40,78.48,6.99,46.49,321.75,17.01,263.30,648.70,0.00,416.59,10.40,4.57,406.15,75098.00,72980.00,70211.00,2.77,0.59,45.65,263.30
Indraprastha Gas,532514,IGL,INE203G01027,Gas,LPG/CNG/PNG/LNG Supplier,148.72,20820.82,2518.31,302.00,168.71,33.47,97.75,45.00,240.41,-43.97,429.05,340.54,-29.77,265.53,392.01,384.95,0.00,15.30,4477.87,11.30,16840.32,9.94,17.19,237.92,1360.99,17.90,14.01,-18.29,5.19,0.85,1935.58,2198.80,168.91,413.11,1.90,41.41,2265.36,5.74,2926.21,11224.44,3174.77,5571.58,7.84,1.81,4586.73,367377.00,365478.00,359666.00,10.16,30.02,9.81,2926.21
Indus Inf. Trust,544137,INDUSINVIT,INE0NHL23019,Transport Infrastructure,"Road AssetsToll, Annuity, Hybrid-Annuity",134.52,8219.25,555.17,138.99,124.84,3.22,4602.88,,129.39,7.33,120.55,106.28,21.74,9.28,96.43,59.38,1.93,21.00,144.91,17.41,775.25,-3.56,52.77,129.39,391.48,6.77,7.92,-20.29,45.44,4.28,598.54,438.96,124.74,100.93,0.15,61.55,195.22,4.74,583.97,530.51,144.93,1758.13,19.78,1.25,284.77,,,,,,,583.97
Indus Towers,534816,INDUSTOWER,INE121J01017,Telecom - Services,Telecom - Infrastructure,377.70,99643.41,18288.50,505.00,403.27,21.57,21126.90,51.26,1745.80,0.52,1736.80,1792.90,-2.63,2429.41,1775.90,1839.30,0.00,13.93,8667.04,5.85,32866.60,6.72,4.64,1745.80,7153.90,19.48,18.61,-26.57,20.71,0.62,15684.00,19645.00,403.53,4726.87,9.21,45.83,1856.10,14.16,1552.30,37007.50,4315.60,11213.20,6.46,2.51,8431.10,341960.00,335735.00,366757.00,23.20,21.42,4.05,1552.30
IndusInd Bank,532187,INDUSINDBK,INE095A01012,Banks,Private Sector Bank,1004.00,78225.71,30044.44,2038.00,925.84,6.85,442719.95,15.82,1037.05,71.68,604.07,594.17,74.54,479.40,127.98,-436.88,42.78,59.16,11001.59,-5.23,45296.87,-6.38,-7.78,1037.05,1322.32,5.68,1.36,31.08,9.17,4.76,992.89,18277.79,925.05,5390.60,6.15,47.60,51006.01,0.02,29945.64,64960.52,125007.05,97623.78,16.89,1.19,11309.94,568147.00,601056.00,695674.00,29.17,41.86,12.76,29945.64
Influx Health.,,INFLUX,INE0MYZ01012,Pharmaceuticals & Biotechnology,Pharmaceuticals,302.40,700.07,31.19,315.00,244.35,4.00,0.00,73.53,10.55,37.91,7.65,10.01,5.39,,,,0.00,34.08,,,146.83,40.04,40.99,10.55,20.54,39.98,30.01,53.63,13.18,9.03,3.89,7.06,243.76,,,57.36,1.91,-10.33,25.16,77.61,2.31,81.45,21.64,6.95,80.07,1335.00,1022.00,,0.16,5.65,20.66,25.16
Info Edg.(India),532777,NAUKRI,INE663F01032,Retailing,Internet & Catalogue Retail,1323.50,85818.47,1464.72,1838.99,1175.90,8.09,258.53,37.48,350.03,17.03,299.10,520.07,-35.16,295.70,316.75,347.50,0.00,58.19,914.04,13.48,3374.62,13.86,11.37,490.05,1474.90,3.45,1.81,42.55,43.69,8.86,1076.43,875.84,1174.42,336.64,4.15,58.36,267.13,2.12,375.91,37783.59,42299.32,3632.09,37.33,2.26,880.75,257916.00,236961.00,202670.00,23.72,27.83,10.90,375.91
InfoBeans Tech.,543644,INFOBEAN,INE344S01016,IT - Software,Computers - Software & Consulting,155.54,1508.35,138.06,257.51,161.46,39.60,14.67,72.82,21.62,-7.29,23.32,21.44,0.84,30.57,19.29,22.61,0.00,17.75,171.36,36.61,554.49,35.35,36.58,21.62,84.96,29.18,23.25,56.18,14.15,1.79,84.91,50.03,161.52,38.30,3.15,39.39,47.08,13.46,59.38,316.59,165.31,179.81,10.62,3.65,152.77,34367.00,32714.00,25012.00,0.41,0.00,26.77,59.38
Infosys,500209,INFY,INE009A01021,IT - Software,Computers - Software & Consulting,1120.00,454502.34,46226.00,2006.80,1275.25,35.19,8737.00,13.82,7769.00,12.25,6921.00,8501.00,-8.63,10333.44,6666.00,7375.00,0.00,14.58,49969.82,12.32,184582.00,11.22,14.03,7775.00,31174.41,39.95,31.89,14.33,16.13,1.29,33986.00,35694.00,1276.81,11835.39,25.44,46.83,24455.00,28.27,22201.00,89082.00,16667.00,98494.00,9.20,4.99,48211.00,2958297.00,2748596.00,2579164.00,27.09,42.78,15.88,21645.00
Ingersoll-Rand,500210,INGERRAND,INE177A01018,Industrial Products,"Compressors, Pumps & Diesel Engines",4576.70,14447.73,370.52,5000.00,4116.41,4.03,9.04,75.00,70.46,19.46,58.98,53.91,8.72,80.71,71.89,60.35,0.00,52.61,359.15,11.56,1456.51,8.59,20.34,70.46,274.61,57.11,43.04,3.76,18.57,5.93,273.66,265.07,4111.78,85.36,25.57,54.60,211.67,30.57,160.01,584.15,0.00,691.59,36.84,23.46,379.46,37829.00,37773.00,35326.00,1.28,8.96,14.75,160.01
Innova Captab,544067,INNOVACAP,INE0DUT01020,Pharmaceuticals & Biotechnology,Pharmaceuticals,1031.25,5901.32,249.59,1260.00,864.87,8.09,343.69,50.90,44.13,42.26,31.02,38.08,15.89,58.14,42.15,29.67,0.00,38.31,520.65,36.88,1749.32,34.47,33.94,44.13,154.03,14.96,13.69,18.68,9.37,5.21,116.52,63.84,863.20,76.44,10.16,55.01,68.17,-4.74,3.87,1033.57,41.29,881.67,23.21,5.41,470.85,35881.00,36965.00,41014.00,0.34,19.92,28.84,3.87
Innovana Think.,544302,INNOVANA,INE403Y01018,IT - Software,Computers - Software & Consulting,316.90,654.72,58.98,799.95,370.35,43.89,57.92,72.65,5.62,-56.60,12.95,2.94,203.85,6.72,8.97,12.66,0.00,21.25,40.44,23.60,139.18,26.01,21.44,5.53,30.81,16.35,15.96,-34.36,14.19,4.19,26.76,34.89,370.88,11.53,3.25,46.63,12.07,2.46,11.27,251.79,80.10,87.48,13.84,2.40,38.97,2889.00,2624.00,2157.00,1.04,1.51,24.79,11.27
Innovassynth Technologies,533315,,INE690J01011,Chemicals & Petrochemicals,Commodity Chemicals,139.90,1299.12,-23.81,139.90,81.18,0.00,112.63,75.04,6.74,136.10,-18.67,12.05,-43.60,,-7.80,-14.28,0.00,,,,146.07,134.91,356.32,6.74,-2.58,-24.87,-40.58,73.83,12.04,-12.77,-38.97,-0.73,80.59,,,91.15,0.05,-12.18,4.61,19.04,1.62,114.07,206.93,13.75,55.99,27084.00,26898.00,27117.00,1.13,1.12,22.71,4.61
Innovision,544732,INNOVISION,INE0ADB01012,Transport Infrastructure,"Road AssetsToll, Annuity, Hybrid-Annuity",254.80,606.76,61.13,470.00,322.89,45.79,125.06,74.17,-7.04,-156.46,12.47,11.94,-161.92,,4.37,7.64,0.00,35.19,,,1021.57,9.81,18.29,-7.35,17.24,20.28,19.62,25.95,-2.79,-6.88,-28.17,-21.88,323.58,,,21.54,40.60,-6.23,219.17,270.39,0.01,438.03,13.71,2.06,263.82,33430.00,39288.00,,0.38,5.21,20.24,219.17
Inox Green,543667,INOXGREEN,INE510W01014,Commercial Services & Supplies,Diversified Commercial Services,174.48,7005.23,168.30,271.64,177.76,35.77,88.28,56.12,40.70,84.75,22.03,28.11,43.88,-0.21,24.66,28.07,0.00,57.14,94.73,10.32,275.78,16.34,-22.97,40.79,122.59,8.42,5.62,204.19,94.22,11.97,66.89,60.37,177.79,5.16,-0.01,42.19,48.17,1.90,504.58,1305.62,550.35,1040.94,32.97,4.10,43.29,114521.00,117889.00,147635.00,7.86,1.87,34.17,504.58
Inox India,544046,INOXINDIA,INE616N01034,Industrial Products,Other Industrial Products,1926.70,17487.40,387.76,2119.80,1546.21,9.11,81.04,74.86,58.07,-4.99,61.12,72.84,-22.82,78.00,60.70,60.84,0.00,68.00,426.85,19.16,1618.22,19.94,9.18,58.07,257.16,33.48,26.13,12.26,15.66,11.02,116.65,121.97,1542.38,90.18,8.59,49.72,20.93,1.24,23.46,1099.46,297.03,1257.73,45.46,15.65,370.79,146500.00,140355.00,174808.00,6.86,7.67,10.61,23.46
Inox Wind,539083,INOXWIND,INE066P01011,Electrical Equipment,Heavy Electrical Equipment,73.20,12650.70,1063.24,258.37,99.97,54.05,1586.95,44.18,44.00,-58.44,105.86,91.26,-39.35,124.19,126.65,120.62,8.08,36.73,1250.75,11.76,4384.97,17.08,-1.47,64.09,344.40,10.48,7.09,-22.34,7.87,-2.11,-598.12,137.96,100.24,244.83,0.49,38.58,212.87,-10.62,611.72,4653.80,550.35,7612.16,12.92,1.98,814.10,515129.00,473186.00,423464.00,14.53,10.02,31.28,611.72
Insecticid.India,532851,INSECTICID,INE070I01018,Fertilizers & Agrochemicals,Pesticides & Agrochemicals,579.50,1686.22,238.37,1098.00,675.72,30.69,157.05,72.30,43.87,-24.51,58.11,11.71,274.64,53.55,10.49,59.11,0.00,13.47,641.12,0.54,2060.40,1.26,-11.52,43.87,125.18,15.81,12.02,-17.02,7.17,1.34,100.25,93.46,676.69,70.74,18.40,27.09,57.11,5.45,87.39,1191.31,28.58,1443.34,7.85,1.38,611.52,21380.00,22274.00,21436.00,4.40,9.26,14.04,87.39
Insolation Ener,543620,INA,INE0LGX01024,Power,Power Generation,93.21,2054.83,304.62,475.00,132.77,59.82,887.91,66.12,37.04,-13.80,42.97,70.07,-45.55,,50.72,36.95,0.00,10.55,,,2524.83,60.90,104.68,38.03,194.78,22.20,28.13,58.45,5.13,10.59,-73.13,113.10,133.17,,,28.99,313.93,-13.20,520.94,785.10,35.53,1409.71,7.48,2.55,740.70,26561.00,15112.00,5271.00,0.84,1.27,31.75,520.94
Integra Engg.,505358,,INE984B01023,Industrial Manufacturing,Industrial Products,167.20,575.59,29.56,328.55,190.88,38.07,21.80,54.39,4.51,-11.22,5.08,3.41,32.26,4.51,3.46,3.47,0.00,38.76,38.96,-5.06,167.28,-5.09,-3.13,4.51,14.85,18.52,14.94,-28.02,10.18,3.78,14.87,27.03,191.12,6.25,1.31,48.07,2.92,2.95,4.44,107.64,0.20,89.19,21.36,5.18,44.30,26135.00,26938.00,27952.00,0.26,0.60,44.75,4.44
Intellect Design,538835,INTELLECT,INE306R01017,IT - Software,Computers - Software & Consulting,684.00,9600.39,709.42,1255.00,785.57,45.06,158.71,29.63,102.07,8.02,94.49,120.23,-15.31,112.40,27.42,101.92,0.00,25.95,914.40,20.62,3181.66,22.59,20.45,101.82,369.90,16.03,12.36,4.84,12.05,1.94,510.50,431.36,786.59,177.15,8.01,36.91,327.52,8.41,491.02,3100.27,634.58,2103.80,12.78,3.01,845.17,112804.00,114663.00,103830.00,23.51,7.34,39.53,491.02
Intellig Sup Tru,544005,,INE0QSW23016,Transport Services,Shipping,128.00,3901.44,762.65,128.00,103.26,0.00,2277.43,,2.49,103.17,-78.43,1.16,114.66,-10.87,-1.41,-39.32,,,350.19,1.61,1379.86,2.24,0.09,2.49,-37.08,3.61,-5.64,77.29,0.72,,925.36,1006.65,103.01,206.94,-0.36,,1.16,-20.16,0.72,-1022.36,38.81,871.53,7.33,1.93,344.91,,,,,,,0.72
Interarch Build.,544232,INTERARCH,INE00M901018,Construction,Civil Construction,1691.20,2844.10,212.02,2762.60,1896.33,38.78,17.53,59.44,28.25,-0.46,28.38,36.60,-22.81,48.97,37.26,32.28,0.00,20.79,614.05,25.04,1976.88,29.11,20.72,28.25,136.80,23.66,16.76,18.00,6.15,6.57,-18.82,53.08,1898.39,54.70,29.12,37.48,198.78,-4.16,81.21,864.34,46.68,776.62,13.51,3.22,459.65,63547.00,71121.00,65679.00,4.86,6.10,29.61,81.21
Interglobe Aviat,539448,INDIGO,INE646L01027,Transport Services,Airline,5250.50,203019.30,15021.20,6232.50,4981.09,12.05,77749.20,41.57,-237.60,-110.92,2176.30,-2313.25,90.62,-2226.56,549.10,-2582.10,0.00,,20570.71,10.86,89049.70,8.96,19.94,-238.00,-3203.25,5.24,-27.10,-147.77,-0.97,0.97,23469.90,24151.30,4978.38,1946.89,-57.49,51.87,18962.90,26.70,23999.30,6584.50,27674.80,32185.40,17.64,29.12,24584.10,374212.00,402483.00,303062.00,20.32,31.85,6.23,23999.30
International Gemological Instit,544311,IGIL,INE0Q9301021,Commercial Services & Supplies,Diversified Commercial Services,347.85,15032.68,1038.65,642.30,349.20,11.26,142.76,76.55,165.74,30.99,126.53,179.60,-7.72,204.64,134.55,129.79,0.00,24.66,370.20,21.88,1362.75,21.59,23.22,165.74,609.68,69.25,55.81,24.26,44.70,,624.10,393.38,349.21,221.62,4.74,50.48,388.26,26.92,272.76,1401.56,0.00,958.03,16.84,10.10,370.78,172894.00,187343.00,190286.00,9.49,5.51,8.44,272.76
Inv.& Prec.Cast.,504786,INVPRECQ,INE155E01016,Industrial Products,Castings & Forgings,1285.00,1285.00,32.26,1369.20,721.31,6.15,71.59,51.97,4.99,129.95,2.17,3.77,32.36,5.62,2.79,3.03,0.00,86.07,53.61,19.06,196.50,16.89,21.07,4.99,14.93,14.39,12.51,149.67,9.35,6.83,25.78,18.99,715.64,9.78,5.62,75.03,1.46,3.02,3.89,92.61,0.00,104.22,36.84,12.52,53.38,4819.00,4558.00,4903.00,0.00,0.00,48.04,3.89
Inventurus Knowl,544309,IKS,INE115Q01022,IT - Services,IT Enabled Services,1741.40,29893.42,1099.32,2190.00,1672.79,9.95,766.06,63.72,193.74,27.85,151.54,205.97,-5.94,269.24,183.33,180.72,0.00,39.14,943.18,20.75,3347.32,21.10,20.74,193.74,763.76,36.86,40.32,40.91,21.68,6.94,673.59,317.89,1672.10,317.97,15.68,41.82,192.30,13.43,192.30,2223.79,360.82,945.54,26.37,13.34,893.63,63025.00,60385.00,59218.00,8.01,7.50,18.55,229.10
IOL Chemicals,524164,IOLCP,INE485C01029,Pharmaceuticals & Biotechnology,Pharmaceuticals,186.01,5459.91,291.14,187.63,117.72,0.86,135.42,62.28,64.48,89.87,33.96,53.18,21.25,57.92,20.58,30.00,0.00,30.92,706.26,24.44,2523.63,18.56,37.08,64.48,176.61,11.29,8.42,67.75,8.53,2.43,214.42,178.68,117.03,84.81,1.97,71.36,207.94,0.50,198.25,1739.67,21.12,1224.00,16.23,3.04,756.26,119311.00,131550.00,125040.00,4.87,0.43,32.41,198.25
ION Exchange,500214,IONEXCHANG,INE570A01022,Other Utilities,Water Supply & Management,371.05,5442.06,298.43,768.40,398.86,23.65,482.19,25.43,4.11,-91.56,48.70,24.10,-87.40,24.44,20.56,49.92,0.00,49.45,815.88,11.16,3032.11,10.15,20.11,3.06,110.06,14.06,12.13,-47.98,0.44,7.57,-28.47,32.05,399.14,52.97,1.67,38.09,465.80,-11.06,318.67,1324.80,15.82,2356.72,21.91,4.06,700.46,120052.00,116996.00,125651.00,4.86,15.32,38.21,318.67
Ipca Labs.,524494,IPCALAB,INE571A01038,Pharmaceuticals & Biotechnology,Pharmaceuticals,1952.40,49533.21,2122.97,1992.00,1599.96,1.99,808.76,44.72,401.89,72.33,233.21,332.49,38.34,504.04,363.67,280.53,0.00,36.06,2885.24,12.86,10125.58,10.59,20.76,424.27,1373.47,16.98,15.70,53.52,15.22,3.91,1141.97,1321.32,1596.41,643.90,18.82,68.09,344.23,5.24,564.59,8038.44,843.56,5740.19,20.75,6.14,2788.10,82060.00,82184.00,85582.00,10.72,37.04,7.19,564.59
IRB Infra.Devl.,532947,IRB,INE821I01022,Construction,Civil Construction,19.46,23503.79,4187.65,39.08,21.03,18.75,20027.06,30.81,306.27,51.26,202.48,296.26,3.38,211.83,210.79,140.82,0.03,23.89,1702.93,-2.75,7686.46,-2.20,1.82,306.27,983.66,7.48,4.31,17.88,14.33,0.92,2098.03,1971.21,21.04,917.50,0.18,48.44,3445.69,5.74,1910.96,20344.88,19328.21,4681.71,9.55,1.12,2137.27,1525882.00,1531354.00,1672808.00,43.87,10.14,15.17,1910.96
IRB InvIT Fund,540526,IRBINVIT,INE183W23014,Transport Infrastructure,"Road AssetsToll, Annuity, Hybrid-Annuity",63.39,5013.82,1233.91,105.00,61.64,2.48,9361.01,,79.44,-19.03,98.11,96.61,-17.77,76.04,59.67,82.74,0.00,15.71,471.29,70.39,1747.33,56.32,69.28,79.44,319.09,6.96,5.11,-13.20,16.14,0.40,1274.77,960.60,61.63,382.20,0.59,48.98,163.37,6.80,525.51,-698.45,590.73,1069.05,9.75,0.99,492.16,,,,,,,525.51
Ircon Intl.,541956,IRCON,INE962Y01021,Construction,Civil Construction,124.05,11667.10,1279.33,351.65,144.57,34.56,5725.63,65.17,92.74,-43.64,164.56,191.60,-51.93,14.12,99.85,136.51,0.00,22.28,1887.64,-4.51,9240.60,-9.92,9.49,92.03,523.65,9.69,9.19,-21.60,4.71,-6.97,-617.58,-1109.53,144.78,157.28,0.15,41.58,4781.63,-12.13,4809.35,6450.54,1431.68,11803.66,10.20,1.76,1955.83,1080370.00,1106688.00,1201235.00,4.61,1.79,28.16,4809.35
Iris Clothings,,IRISDOREME,INE01GN01025,Textiles & Apparels,Garments & Apparels,57.85,1101.07,29.44,60.20,39.88,3.90,34.31,61.17,4.01,52.47,2.63,6.43,-37.64,7.22,3.01,4.12,0.00,62.67,60.69,36.93,200.71,31.84,26.31,4.01,17.57,16.05,14.45,31.91,8.49,2318.04,-6.70,2.53,39.70,9.78,0.38,69.20,0.92,-4.92,1.07,103.69,0.00,159.13,35.18,7.77,47.24,10427.00,10762.00,11842.00,0.00,0.74,38.09,1.07
IRM Energy,544004,IRMENERGY,INE07U701015,Gas,LPG/CNG/PNG/LNG Supplier,287.50,1180.47,137.70,641.00,272.73,27.05,73.15,50.74,33.81,142.89,13.92,12.76,164.97,23.15,13.98,12.56,0.00,16.15,295.99,14.09,1130.01,11.59,24.13,33.81,73.11,8.63,5.49,80.88,10.38,0.88,142.67,93.72,272.59,40.58,5.64,56.64,345.32,-4.06,242.55,956.48,47.32,341.80,5.93,1.18,325.85,76224.00,64935.00,63785.00,1.59,1.70,45.95,242.55
ISGEC Heavy,533033,ISGEC,INE858B01029,Construction,Civil Construction,769.30,5656.63,687.83,1677.25,915.51,31.56,950.91,62.43,8.95,29.15,6.93,73.23,-79.40,99.29,84.44,56.28,0.00,21.64,2159.40,27.69,7457.93,19.52,45.98,17.50,261.44,10.85,4.19,13.15,0.88,1.29,764.97,116.18,916.98,171.74,6.91,40.28,146.50,8.61,397.16,2729.23,66.15,6034.34,8.29,2.07,1980.00,38896.00,38998.00,37060.00,3.76,10.24,23.55,397.16
IST,508807,ISTLTD,INE684B01029,Auto Components,Auto Components & Equipments,657.30,766.68,208.10,1128.20,705.23,28.16,4.39,74.98,83.11,14.87,72.35,-9.50,974.84,15.22,62.02,28.63,0.00,4.67,33.98,18.44,131.66,13.85,18.71,83.11,164.26,12.74,9.70,2.96,238.21,1.09,84.88,41.74,705.72,18.89,13.05,52.03,7.70,2.58,4.71,1686.37,1448.73,174.79,3.53,0.45,34.89,6703.00,10908.00,11287.00,0.00,1.11,23.90,4.71
ITC,500875,ITC,INE154A01025,Diversified FMCG,Diversified FMCG,270.25,338617.36,30108.95,495.46,317.69,36.71,2399.06,0.00,4090.25,-22.00,5244.20,5406.54,-17.57,5509.79,5018.45,5186.55,0.00,17.15,18581.63,-4.72,76487.98,-3.23,-11.07,4508.79,19748.27,38.91,29.32,-1.41,21.96,1.54,18464.31,17627.04,318.17,5980.45,4.29,37.81,4012.36,20.82,3008.79,71254.35,38128.43,29957.77,11.87,4.67,19114.37,4152430.00,4041653.00,3648989.00,34.23,49.13,16.61,3008.79
ITC Hotels,544325,ITCHOTELS,INE379A01028,Leisure Services,Hotels & Resorts,166.67,34717.46,1683.57,261.62,175.04,34.60,74.19,39.85,180.25,35.42,133.10,313.04,-42.69,213.03,236.83,133.29,0.00,37.67,981.34,16.90,4259.88,16.09,14.77,181.91,921.57,11.23,7.89,35.30,19.43,,1109.85,801.06,175.12,314.84,1.01,49.74,1653.56,3.37,765.36,11449.52,1955.76,2432.86,20.14,2.98,936.02,2286422.00,2325723.00,2489470.00,11.61,23.98,24.53,765.36
ITI,523610,ITI,INE248A01017,Telecom -  Equipment & Accessories,Telecom -  Equipment & Accessories,278.55,26828.80,97.02,592.85,290.74,25.31,764.99,90.02,-32.33,45.85,-59.71,-23.13,-107.45,-42.55,-25.58,-54.24,0.00,,356.64,-34.37,2110.73,-41.28,-14.65,-32.47,-128.99,1.43,-9.13,51.01,-7.61,-237.63,-135.40,-153.57,290.86,4.37,-0.44,44.02,422.10,20.65,350.76,889.18,0.41,6759.85,268.46,14.49,425.03,151049.00,162249.00,194122.00,0.08,0.06,1.94,350.76
Ivalue Infosolut,544523,IVALUE,INE056801025,IT - Services,IT Enabled Services,271.50,1486.56,155.04,340.00,266.27,20.15,69.33,32.10,15.82,52.26,10.39,42.14,-63.14,35.90,15.66,29.71,0.00,13.86,331.37,0.60,1007.39,5.52,-21.14,15.72,107.24,25.37,19.81,23.71,8.75,2.58,107.99,46.20,266.22,40.59,6.56,41.07,164.88,12.26,128.54,556.95,152.89,1154.29,8.89,2.61,179.73,50199.00,50234.00,,2.73,15.44,49.73,128.54
Iware Supplych.,,IWARE,INE1AII01014,Transport Services,Logistics Solution Provider,437.10,502.96,29.45,539.40,318.04,18.97,70.17,69.01,8.63,,,6.43,34.21,,,,0.00,34.98,,,257.66,200.23,,8.63,14.38,27.97,39.99,79.30,5.25,30.34,-19.80,5.97,316.84,,,44.58,4.24,-19.66,10.90,45.01,0.00,96.52,19.09,8.40,164.23,815.00,822.00,,0.00,0.44,30.56,10.90
IZMO,532341,IZMO,INE848A01014,IT - Services,IT Enabled Services,856.85,1283.59,66.84,1380.00,831.38,37.91,5.26,34.79,12.20,103.33,6.00,17.30,-29.48,13.25,11.70,12.56,0.00,23.88,84.69,40.89,293.76,25.79,15.70,12.20,53.76,12.58,12.38,5.60,18.66,5.12,19.83,4.47,831.12,19.07,8.85,31.29,24.52,-0.81,10.29,394.01,0.00,196.49,17.52,3.13,65.38,30738.00,32032.00,22828.00,3.35,0.52,61.34,10.29
J & K Bank,532209,J&KBANK,INE168A01041,Banks,Private Sector Bank,152.04,16742.38,10232.20,202.00,136.06,24.73,177785.49,59.40,428.80,-11.50,484.53,798.56,-46.30,622.38,581.49,494.92,0.00,7.27,3466.31,5.26,13428.76,4.78,8.50,428.80,2303.77,5.84,15.37,7.26,12.09,-5.44,-1125.67,2723.15,135.90,2443.06,5.65,44.27,7385.47,0.00,7621.87,16893.31,42951.83,24965.09,17.96,0.98,3547.48,219636.00,240539.00,265968.00,9.38,7.85,23.37,7077.03
J K Cements,532644,JKCEMENT,INE823G01014,Cement & Cement Products,Cement & Cement Products,5277.00,40774.46,2567.53,7565.50,5492.99,25.93,6182.99,45.66,277.47,-14.47,324.42,332.91,-17.00,273.06,173.61,159.25,0.00,41.76,3504.50,16.07,14401.49,15.92,20.26,274.62,976.47,15.10,15.61,6.47,6.81,2.03,1872.99,1939.39,5495.16,552.94,35.34,43.12,1369.67,1.73,469.11,6959.98,447.26,4129.01,18.51,5.79,4031.72,80353.00,82016.00,76424.00,16.85,23.72,13.76,469.11
J Kumar Infra,532940,JKIL,INE576I01022,Construction,Civil Construction,500.65,3788.19,893.59,936.80,531.35,26.90,589.03,46.64,97.81,-4.79,102.73,105.49,-7.28,98.55,83.86,91.46,22.67,9.77,1307.07,-2.24,5722.66,-2.85,1.95,97.81,387.92,18.34,12.33,-4.63,6.49,0.63,1116.45,375.29,531.66,187.54,13.02,52.67,839.40,7.97,690.80,3324.55,313.92,3709.19,4.10,1.13,1507.42,50819.00,50452.00,57029.00,11.68,15.16,26.52,690.80
J.G.Chemicals,544138,JGCHEM,INE0MB501011,Chemicals & Petrochemicals,Commodity Chemicals,597.95,2343.13,97.86,663.10,436.21,9.83,6.45,70.99,25.08,59.04,15.77,18.21,38.15,24.92,18.36,15.03,0.00,31.17,290.49,31.87,1070.57,23.99,44.79,26.11,75.18,18.13,13.27,16.38,8.27,6.41,43.57,-11.20,434.58,26.50,6.11,58.73,105.33,3.61,38.42,489.23,135.71,478.93,20.84,4.43,315.65,41427.00,43725.00,46172.00,3.21,3.00,22.79,38.42
Jagatjit Inds.,507155,,INE574A01016,Beverages,Breweries & Distilleries,173.95,813.78,64.53,309.50,147.90,28.10,363.28,87.34,-8.27,16.13,-9.86,-16.67,50.39,-33.14,64.40,-27.91,0.00,70.15,87.58,35.55,323.55,-29.89,77.56,-8.28,11.60,10.48,17.12,140.26,-5.16,6.34,0.00,-5.35,147.64,-16.68,-7.08,65.42,0.88,-13.57,2.07,16.25,3.92,153.86,16.94,12.91,160.30,13243.00,13479.00,13750.00,0.00,0.02,12.66,2.07
Jagran Prakashan,532705,JAGRAN,INE199G01027,Media,Print Media,61.74,1343.80,373.05,213.05,66.53,22.52,109.87,69.00,58.84,-12.49,67.24,16.98,910.40,41.14,55.17,56.94,0.00,7.13,476.33,1.92,1915.52,0.60,8.54,61.23,188.57,12.77,9.94,20.11,12.26,0.39,268.55,223.94,66.58,65.43,1.82,39.61,130.86,10.14,103.92,1972.00,1164.96,1526.13,3.76,0.67,499.35,77927.00,71629.00,65498.00,2.30,4.29,24.41,103.92
Jagsonpal Pharma,507789,JAGSNPHARM,INE048B01035,Pharmaceuticals & Biotechnology,Pharmaceuticals,242.20,1597.49,70.07,328.04,212.88,8.48,8.17,69.06,13.19,22.13,10.80,8.76,50.57,13.87,10.95,12.57,0.00,33.98,78.99,6.07,293.85,3.87,8.76,13.19,47.01,22.73,17.30,10.25,16.04,3.35,46.81,55.30,212.59,16.67,2.10,61.79,128.73,21.52,106.12,262.78,0.00,143.09,20.51,5.87,82.23,24181.00,26264.00,22899.00,2.30,0.62,28.04,106.12
Jai Balaji Inds.,532976,JAIBALAJI,INE091G01026,Ferrous Metals,Iron & Steel,68.58,6256.48,385.86,262.80,75.02,36.59,416.63,64.84,85.23,20.81,70.55,23.04,298.83,50.49,11.55,26.48,31.09,42.76,1494.61,10.44,6109.69,2.00,23.98,85.23,146.30,9.73,6.03,-65.13,5.07,1.09,357.97,311.28,75.08,97.72,0.55,56.89,126.20,6.61,60.34,2075.11,0.79,2054.69,16.63,2.77,1682.59,47451.00,48105.00,37114.00,2.78,0.10,32.27,60.34
Jai Corp,512237,JAICORPLTD,INE070D01027,Industrial Products,Plastic Products - Industrial,101.98,1789.80,206.46,1450.00,117.47,42.79,0.50,73.91,28.26,-72.91,104.33,20.82,35.64,16.65,17.48,26.73,0.00,18.95,154.97,5.88,540.67,2.39,20.06,28.20,94.47,13.27,12.83,-40.02,17.93,2.73,13.56,44.99,117.63,20.26,0.95,45.65,9.80,2.89,12.07,1473.93,860.30,854.99,13.09,1.20,157.58,99811.00,102899.00,102013.00,1.49,1.24,23.34,12.07
Jain Irrigation,500219,JISLJALEQS,INE175A01038,Industrial Products,Plastic Products - Industrial,30.07,2190.52,815.04,251.97,35.91,49.03,4305.76,26.68,-14.93,-207.18,13.93,-18.62,6.51,5.12,-47.48,15.34,40.77,,1515.32,5.79,6362.25,8.81,-2.41,-17.80,-26.21,5.30,-0.48,-177.36,-1.18,0.35,618.77,793.77,35.97,184.68,0.06,55.45,101.08,3.83,153.10,5703.33,1330.86,5748.00,8.06,0.37,1508.37,194782.00,193943.00,195944.00,3.11,8.68,61.43,153.10
Jain Resource,544537,JAINREC,INE0YD401026,Diversified Metals,Diversified Metals,289.10,9976.43,590.13,593.95,368.65,51.33,1275.88,73.59,69.60,21.02,57.51,66.04,5.12,175.34,126.25,98.59,0.00,27.38,3598.33,70.24,10718.32,65.35,75.86,69.41,364.31,25.66,30.42,66.12,2.55,,-590.67,3.82,369.45,203.74,5.08,34.81,248.30,-10.62,239.32,1492.23,149.35,3009.92,18.15,6.39,2724.46,92382.00,63099.00,,1.23,9.68,15.45,239.32
Jamna Auto Inds.,520051,JAMNAAUTO,INE039C01032,Auto Components,Auto Components & Equipments,120.96,4838.22,405.41,152.60,122.83,20.73,11.91,49.84,48.52,6.05,45.75,87.27,-44.40,68.65,58.23,39.74,1.52,20.01,626.38,17.99,2649.73,15.89,6.65,48.52,241.78,27.47,22.37,34.55,7.94,1.53,510.47,288.93,122.85,89.32,1.72,39.05,144.58,7.70,106.42,1107.14,0.18,602.55,11.43,4.22,611.46,213619.00,210292.00,256184.00,9.01,3.91,37.26,106.42
Jana Small Finan,544118,JSFB,INE953L01027,Banks,Other Bank,547.10,5785.72,3086.17,760.90,470.78,9.86,41281.25,16.94,155.23,52.29,101.93,139.82,11.02,148.54,9.69,74.99,0.00,15.24,1567.17,20.11,5637.43,18.24,22.08,155.23,379.73,7.45,7.63,-12.26,10.25,0.45,593.64,4073.25,470.02,634.43,14.05,48.87,2816.06,4.11,2492.17,4328.25,9812.00,3609.36,13.86,1.30,1514.53,49932.00,50785.00,53351.00,4.01,15.31,62.69,2492.17
Jaro Institute,544534,JARO,INE00YJ01010,Other Consumer Services,E-Learning,461.10,1026.89,76.46,890.00,520.04,48.19,7.78,61.43,11.17,48.34,7.53,21.33,-47.63,20.62,7.03,17.02,0.00,18.16,91.42,13.69,283.96,12.52,16.61,11.17,56.55,22.09,16.52,34.84,15.79,18.81,57.45,-23.45,520.63,23.97,9.26,48.90,5.16,1.29,74.04,338.65,70.48,335.33,11.15,2.84,70.75,66788.00,69097.00,,0.75,2.71,33.33,74.04
Jash Engineering,544402,JASH,INE039O01029,Industrial Manufacturing,Industrial Products,489.80,3095.23,122.59,698.95,462.70,14.58,102.69,43.24,4.86,195.48,-5.09,56.69,-91.02,10.54,13.06,10.96,0.00,35.94,162.43,3.10,758.46,1.36,17.45,5.09,86.12,17.69,16.00,4.88,3.40,5.69,56.08,54.88,462.42,18.07,1.59,49.27,103.32,3.63,93.60,506.48,13.22,617.59,22.90,5.96,149.88,47080.00,45073.00,53685.00,1.54,0.32,54.90,93.60
Jay Bharat Maru.,520066,JAYBARMARU,INE571B01036,Auto Components,Auto Components & Equipments,123.85,1340.68,285.53,207.00,120.21,40.17,531.20,59.35,21.20,-8.11,23.07,78.86,-73.12,34.47,17.90,18.03,0.00,9.86,674.08,15.69,2620.94,13.29,12.56,21.20,135.99,16.44,22.06,174.67,3.38,0.64,196.58,199.37,120.17,70.43,3.18,33.82,1.71,1.25,5.19,669.22,36.21,491.04,6.60,1.94,626.79,38131.00,36318.00,40054.00,1.31,0.03,39.33,5.19
Jayant Agro Org.,524330,JAYAGROGN,INE785A01026,Chemicals & Petrochemicals,Specialty Chemicals,223.25,669.75,108.40,571.45,213.94,13.06,131.22,67.13,20.06,24.21,16.15,17.68,12.98,12.79,6.33,9.21,0.00,12.33,540.86,8.26,2530.17,1.86,18.51,20.63,54.32,11.63,8.53,-2.16,2.59,0.75,43.54,118.48,213.85,24.59,4.15,51.41,8.31,2.79,12.48,595.07,11.01,621.84,6.79,1.10,796.61,12572.00,12863.00,13799.00,0.06,0.02,32.80,12.48
Jayaswal Neco,522285,JAYNECOIND,INE854B01010,Industrial Products,Iron & Steel Products,102.23,9926.52,1341.79,117.10,84.02,12.70,2108.81,55.15,193.92,108.47,93.02,190.87,1.60,250.00,74.09,105.13,99.87,17.37,2175.43,22.15,7589.03,22.18,27.72,193.92,571.53,20.69,18.05,140.77,9.21,0.79,1367.46,1388.49,83.84,403.57,2.57,66.43,190.62,19.18,267.37,1870.37,2.41,2378.54,8.24,3.49,2106.56,98451.00,96844.00,51611.00,1.32,0.78,42.75,267.37
Jaybharat Text,512233,,INE091E01039,Textiles & Apparels,Other Textile Products,22.00,842.24,-2.76,541.00,42.00,18.52,523.71,,-7.47,-56.28,-4.78,-4.70,-58.94,-27.57,-4.70,-22.16,,,11.99,164.17,30.97,-5.03,444.16,-7.47,-39.03,-29.09,,69.26,-89.14,17.49,-0.06,0.49,42.20,-19.48,-0.72,17.25,0.14,-0.79,0.08,-556.46,8.41,89.66,-65.84,,8.38,,,,,,,1.03
Jaykay Enter.,500306,JAYKAY,INE903A01025,Aerospace & Defense,Aerospace & Defense,168.94,2201.07,66.88,244.00,166.25,30.76,39.12,65.19,4.41,-78.19,20.22,18.50,-97.49,10.17,6.78,8.77,0.00,54.00,178.85,183.57,258.77,117.55,34.48,4.51,40.76,8.18,11.66,85.18,6.05,-48.83,40.33,-0.49,166.22,23.56,0.76,58.96,152.86,-7.80,49.14,676.54,313.20,252.67,42.22,3.19,74.57,86703.00,85738.00,82132.00,0.17,0.00,34.64,49.14
JBM Auto,532605,JBMA,INE927D01051,Auto Components,Auto Components & Equipments,653.40,15452.53,812.08,1214.18,641.09,17.29,3028.80,67.53,42.20,14.67,36.80,74.27,-47.20,32.31,59.99,55.22,0.00,67.17,1553.54,13.54,6276.94,12.46,15.04,44.26,230.07,14.78,15.55,12.06,3.07,7.01,-59.86,393.92,640.96,171.63,1.30,51.00,194.10,-0.75,129.50,1514.62,408.76,5050.11,21.88,10.05,1442.45,182870.00,183719.00,175550.00,2.03,0.16,30.27,129.50
Jeena Sikho,544476,JSLL,INE0J5801029,Leisure Services,Wellness,514.25,6392.17,358.28,850.00,607.26,39.50,127.28,63.62,65.69,28.03,51.31,45.35,44.85,105.03,66.73,58.79,0.00,27.02,289.64,52.56,851.46,56.71,28.75,65.69,236.56,70.74,60.01,103.13,29.27,6.36,261.99,68.63,608.19,126.82,8.45,40.17,25.96,16.19,107.61,442.54,95.12,330.33,16.67,13.68,224.40,43413.00,25905.00,6603.00,4.78,0.36,31.24,107.61
Jindal Drilling,511034,JINDRILL,INE742C01031,Oil,Offshore Support Solution Drilling,632.45,1832.84,432.96,1088.28,581.14,8.86,93.18,66.78,47.14,-28.69,66.11,48.53,3.88,51.64,-33.39,132.52,0.00,9.41,260.32,9.36,1017.87,11.72,8.38,47.14,194.80,15.40,12.54,-18.20,17.12,0.58,178.17,864.11,580.63,92.16,17.82,55.56,98.58,1.90,86.03,1805.74,220.09,735.24,4.45,1.01,275.39,42625.00,41627.00,32996.00,0.42,0.01,32.80,86.03
Jindal Photo,532624,JINDALPHOT,INE796G01012,Finance,Investment Company,1042.60,1069.53,-14.55,1634.80,1129.29,36.22,64.78,74.20,13.08,-75.03,52.38,-5.66,331.10,,-116.94,47.44,0.00,,,,20.01,744.30,1375.93,13.08,-62.08,-1.38,-2.29,-126.89,164.12,68.34,7.45,0.06,1130.16,,,42.56,0.01,0.22,0.03,1011.01,1181.32,52.12,-20.96,1.05,7.97,16491.00,16506.00,17619.00,0.00,0.02,25.78,0.03
Jindal Poly Film,500227,JINDALPOLY,INE197D01010,Industrial Products,Packaging,641.40,2808.46,18.05,1449.00,645.28,37.51,4003.74,74.54,88.32,39.13,63.48,75.79,110.85,-75.48,-96.92,-13.41,0.00,47.98,243.31,-40.71,2338.83,-49.74,-23.84,107.19,58.54,-2.03,-0.58,-32.29,12.58,2.71,-97.86,221.57,645.32,-24.59,-17.23,49.09,70.95,-2.54,124.90,3006.96,2976.77,4992.74,-1431.97,0.92,695.80,38947.00,38508.00,42939.00,1.93,0.00,23.52,124.90
Jindal Poly Inve,536773,JPOLYINVST,INE147P01019,Finance,Investment Company,992.20,1042.80,1008.25,1487.70,1040.05,33.31,23.46,74.63,13.89,-77.87,62.76,35.16,-60.49,,702.05,57.54,0.00,1.29,,,1037.02,3152.89,5.75,13.89,808.64,63.41,54.80,167.19,157.30,0.23,5.95,1.30,1040.53,,,43.95,0.02,0.14,0.04,1594.44,1789.75,0.14,1.11,0.65,8.83,19164.00,19032.00,20111.00,0.10,0.44,24.83,0.04
Jindal Saw,500378,JINDALSAW,INE324A01032,Industrial Products,Iron & Steel Products,302.45,19341.93,2339.84,383.85,232.01,1.77,4690.74,63.25,104.17,-75.43,424.04,139.43,-26.59,136.72,247.62,138.56,0.00,29.60,4125.81,-2.55,18262.80,-8.57,9.00,90.79,653.48,10.43,8.20,-62.04,2.04,0.92,1771.39,2335.16,231.31,417.94,2.14,69.82,770.28,7.67,543.02,12510.29,105.00,9960.26,11.50,1.54,4452.31,178027.00,207732.00,187168.00,13.08,8.36,15.03,543.02
Jindal Stain.,532508,JSL,INE220G01021,Ferrous Metals,Iron & Steel,712.95,58776.99,5924.89,884.00,732.78,19.35,7460.33,62.04,769.36,7.73,714.16,877.83,-7.86,1037.65,827.78,807.92,0.61,17.85,11978.84,9.97,44026.06,9.82,10.50,768.66,3292.55,19.28,17.73,27.78,6.82,1.38,3394.99,4718.36,732.98,1488.62,12.59,44.95,2269.87,9.27,2934.03,19626.49,1547.18,17499.38,10.47,2.97,11278.54,211641.00,207613.00,219278.00,20.45,7.35,10.12,2934.03
Jindal Steel,532286,JINDALSTEL,INE749A01030,Ferrous Metals,Iron & Steel,1175.40,119901.15,9973.06,1306.20,1107.03,10.01,22609.55,62.71,844.79,-43.45,1493.97,1403.22,-18.96,985.98,188.58,635.08,9.92,38.83,14095.07,20.62,56412.57,16.45,25.93,843.80,3087.85,9.70,8.22,-19.17,5.45,1.01,7204.23,10823.96,1106.34,2387.94,9.67,68.41,4180.05,-2.10,4141.60,50797.16,3167.59,20640.91,14.39,2.36,15482.13,276544.00,271333.00,302190.00,8.84,19.52,8.73,4141.60
Jindal Worldwide,531543,JINDWORLD,INE247D01039,Textiles & Apparels,Other Textile Products,34.84,3493.07,147.10,95.40,32.97,17.83,558.34,61.76,32.40,85.78,17.44,26.13,24.03,18.71,14.33,11.91,18.90,41.21,574.95,0.28,2300.36,-1.72,2.74,32.41,84.77,8.63,7.79,12.65,5.84,2.29,216.01,167.16,32.96,30.83,0.19,46.01,305.70,6.91,358.12,760.13,28.37,1417.84,23.04,4.06,554.72,51876.00,47265.00,27215.00,0.09,0.00,38.16,358.12
Jio Financial,543940,JIOFIN,INE758E01017,Finance,Investment Company,241.00,159135.71,2657.62,394.70,256.29,25.07,21768.36,49.13,830.25,174.44,302.52,272.22,204.99,1361.36,268.98,695.04,0.00,77.01,2666.01,171.66,4905.27,119.23,227.28,830.25,2066.49,1.86,1.19,28.96,41.42,,-15438.64,-10088.73,256.44,1801.40,2.06,42.22,4071.78,-6.17,3598.29,127500.45,133088.67,4236.58,49.81,1.14,2004.47,4965496.00,4944256.00,5118346.00,11.27,13.27,26.15,3598.29
JITF Infra Logis,540311,JITFINFRA,INE863T01013,Other Utilities,Water Supply & Management,321.55,826.50,605.00,1215.00,331.03,33.01,3946.04,63.03,7.90,170.98,-11.13,2.43,73.34,17.89,18.60,-15.99,0.00,,672.41,25.09,2921.89,24.34,20.70,-2.09,-3.25,15.39,,93.23,1.70,0.39,198.76,185.02,331.13,138.70,6.96,46.76,339.35,-3.22,436.78,-518.42,0.76,2503.09,6.99,,664.03,33028.00,33422.00,32612.00,1.94,0.04,35.00,436.78
JK Lakshmi Cem.,500380,JKLAKSHMI,INE786A01032,Cement & Cement Products,Cement & Cement Products,549.85,6826.08,1081.82,1021.20,658.07,44.51,2585.78,45.12,108.02,-28.07,150.17,124.06,-13.59,93.46,57.04,80.63,0.00,17.76,1641.55,7.17,6926.48,8.74,9.41,108.07,384.34,12.00,10.69,3.84,5.67,0.67,1082.35,783.66,659.16,223.51,7.52,39.94,196.90,2.28,513.98,3823.54,746.35,1617.00,8.44,1.76,1904.78,165372.00,167247.00,109319.00,8.64,26.57,19.66,513.98
JK Paper,532162,JKPAPER,INE789E01012,"Paper, Forest & Jute Products",Paper & Paper Products,396.55,7190.20,962.21,639.15,367.44,10.85,2577.52,52.94,130.12,64.46,79.12,93.91,51.95,113.19,23.60,77.88,0.00,22.00,1963.53,12.30,7318.60,10.00,13.61,136.27,326.84,7.39,4.77,-4.09,7.22,0.54,772.84,643.38,367.14,267.10,5.96,58.02,37.02,7.65,179.31,5339.21,536.92,2620.84,9.25,1.30,1887.17,130169.00,131792.00,151689.00,11.39,6.27,29.40,179.31
JK Tyre & Indust,530007,JKTYRE,INE573A01042,Auto Components,Tyres & Rubber Products,383.55,11057.34,2087.61,611.90,410.75,37.32,4881.54,51.72,36.15,-76.60,154.50,208.91,-75.22,234.12,207.73,226.86,0.00,15.37,4362.01,8.74,16403.95,9.93,2.00,44.09,719.20,15.51,15.99,56.01,0.92,0.83,1443.84,715.77,411.02,462.68,8.11,45.32,711.38,3.31,301.21,6003.16,120.95,7283.82,8.09,1.82,3946.24,305903.00,284107.00,342938.00,15.75,7.26,25.27,301.21
JM Financial,523405,JMFINANCIL,INE780C01023,Finance,Holding Company,132.84,12712.26,2678.37,199.80,132.12,32.09,11634.63,57.03,291.92,-35.67,453.81,165.36,127.62,318.14,318.46,261.89,0.00,12.04,1021.54,-0.94,4180.29,-5.25,8.03,368.57,1056.01,11.63,11.94,-4.38,30.70,1.23,580.73,5568.65,132.11,586.13,2.63,62.29,4508.84,14.37,4868.11,10561.79,6209.45,9451.13,7.66,1.19,1200.53,175511.00,172802.00,173290.00,16.95,5.50,20.54,4868.11
JNK,544167,JNKINDIA,INE0OAF01028,Industrial Manufacturing,Industrial Products,453.25,2536.11,111.34,897.25,376.99,18.77,90.71,67.80,11.47,915.04,1.13,32.65,-70.85,23.78,17.63,13.02,0.00,33.68,329.85,84.91,899.42,84.36,81.59,9.63,75.29,17.35,12.12,201.64,5.35,-42.08,-2.18,-65.38,376.22,33.28,4.25,51.25,185.54,-6.03,199.00,556.46,14.00,968.90,19.25,4.47,179.96,55674.00,54157.00,54689.00,0.94,10.91,20.35,199.00
John Cockerill,500147,COCKERILL,INE515A01019,Industrial Manufacturing,Industrial Products,8024.50,3962.35,28.19,10871.50,6793.06,26.19,46.75,70.44,-31.37,-108.72,-15.03,6.74,-526.22,,-8.92,,0.00,,,,962.02,,17.89,-31.37,-28.64,,,,-10.51,,,,6780.68,,,39.98,,,299.90,-100.61,0.00,1318.07,128.64,,298.56,14140.00,13233.00,11502.00,0.32,0.11,29.12,382.69
JOJO,531910,,INE312M01024,Entertainment,"Film Production, Distribution & Exhibition",175.00,1206.82,9.57,185.00,120.69,5.41,0.43,67.79,1.09,445.00,0.20,1.16,-6.03,,4.46,0.07,0.00,178.00,,,25.32,701.27,205.15,1.09,6.78,19.49,13.13,533.64,26.27,-32.75,11.36,-11.79,120.14,,,85.87,0.08,-19.76,7.28,27.87,6.45,43.61,104.62,16.73,4.15,3599.00,1517.00,1398.00,0.00,0.00,32.21,7.28
JP Power Ven.,532627,JPPOWER,INE351F01018,Power,Power Generation,16.98,11637.17,1595.11,144.00,17.48,30.69,3391.08,24.00,662.44,138.18,278.13,-13.37,3606.66,249.29,3.77,182.10,72.99,13.94,1561.39,8.56,5756.00,8.80,12.16,468.84,834.94,6.97,3.60,12.35,37.31,0.71,1300.99,1714.28,17.49,488.31,0.36,39.15,1561.29,9.32,2008.85,5878.80,483.09,4192.41,7.50,0.91,1775.70,2447396.00,2456876.00,2492267.00,6.75,11.15,58.08,2008.85
JSW Cement,544480,JSWCEMENT,INE718I01012,Cement & Cement Products,Cement & Cement Products,124.97,17037.97,1425.22,162.20,129.62,22.95,4464.39,72.02,160.64,359.81,34.94,375.77,-57.58,110.94,130.62,75.36,0.08,21.60,1670.94,16.33,6849.05,15.58,21.58,153.43,788.79,11.07,14.67,1332.03,8.09,1.58,1170.21,736.74,129.66,292.30,0.81,35.65,123.52,-2.43,499.74,5209.16,290.14,2872.53,14.35,2.60,1896.41,442995.00,442053.00,,3.70,11.49,11.83,499.74
JSW Dulux,500710,JSWDULUX,INE133A01011,Consumer Durables,Paints,3106.00,14144.82,521.20,4674.00,3104.96,17.10,79.10,61.20,79.70,-12.42,91.00,125.70,-36.60,79.50,74.30,1682.80,0.00,36.84,757.17,-9.31,3577.60,-11.50,-3.02,79.70,383.92,22.73,19.10,-5.42,8.26,3.78,93.20,312.10,3104.95,99.55,17.46,53.12,300.50,-7.85,323.70,2406.10,0.00,1787.10,23.01,5.77,965.00,48114.00,48493.00,48922.00,8.49,21.96,8.33,323.70
JSW Energy,533148,JSWENERGY,INE121E01018,Power,Power Generation,543.50,99649.79,10926.50,804.95,536.54,11.96,76945.78,66.53,470.97,-36.62,743.12,371.57,-7.12,996.73,528.75,824.27,13.28,49.67,6741.45,30.21,18964.89,35.37,1.24,532.70,2006.08,8.16,7.51,-7.65,10.23,1.59,9898.31,3838.48,536.47,3698.45,4.81,42.23,4695.17,-1.71,5765.22,28995.33,11378.93,12141.81,15.39,3.11,5207.13,555401.00,565674.00,585827.00,11.41,16.16,5.82,5765.22
JSW Holdings,532642,JSWHL,INE824G01012,Finance,Investment Company,11832.00,13133.52,165.42,27760.50,14113.31,48.19,0.00,66.28,21.47,9.15,19.67,22.49,-5.38,74.83,19.62,59.61,0.00,104.95,83.65,0.09,183.95,-26.69,15.00,21.47,125.14,0.53,0.40,-29.06,62.09,6.16,139.82,169.03,14136.24,75.02,67.42,54.80,3.41,0.45,2.59,31969.53,34818.62,8.33,78.10,0.41,34.58,28192.00,25929.00,23908.00,22.28,0.18,11.24,2.59
JSW Infrast,543994,JSWINFRA,INE880J01026,Transport Infrastructure,Port & Port services,344.95,80373.40,2933.37,361.00,297.49,3.05,6898.92,73.93,346.63,-9.89,384.68,477.51,-15.59,427.65,364.85,368.81,0.00,51.84,1496.58,18.25,5582.42,19.02,18.06,357.60,1550.39,13.59,15.31,-2.82,24.75,3.61,2021.50,2100.44,297.02,715.84,1.78,60.37,2482.07,2.18,2317.70,10460.46,25.36,4420.44,28.23,6.66,1444.83,430425.00,460256.00,439841.00,11.21,9.19,5.39,2317.70
JSW Steel,500228,JSWSTEEL,INE019A01038,Ferrous Metals,Iron & Steel,1341.00,327935.38,30712.00,1341.00,1217.88,0.00,99310.00,44.29,4651.00,112.96,2184.00,3283.95,-75.60,4175.95,2410.00,1646.00,11.60,27.24,50492.03,11.83,189687.00,12.22,9.77,4696.00,12040.47,10.96,10.24,136.05,9.91,1.22,25152.00,20899.00,1216.64,8577.79,16.91,65.66,13285.00,2.67,40989.00,99748.00,10218.00,102917.00,11.78,3.28,47364.00,610616.00,603274.00,617339.00,25.92,11.49,17.62,40989.00
JTEKT India,520057,JTEKTINDIA,INE643A01035,Auto Components,Auto Components & Equipments,126.53,3509.90,224.53,220.81,137.40,33.05,339.77,74.98,6.22,-42.51,10.82,29.24,-77.37,18.08,20.36,18.23,0.00,45.77,770.46,20.55,2817.54,16.79,26.85,6.22,76.69,9.77,7.81,8.53,0.87,2.18,99.30,194.49,137.51,52.46,0.65,34.22,16.31,-11.41,71.87,1158.07,0.00,709.08,16.59,2.96,717.98,45846.00,45176.00,48886.00,0.60,10.24,14.19,71.87
JTL Defence,537254,,INE140B01048,Industrial Products,"Aluminium, Copper & Zinc Products",561.55,591.11,5.95,694.30,152.48,19.12,59.82,95.00,-2.67,10.10,-2.97,1.70,-257.06,,-0.03,1.56,0.00,1055.55,,,40.53,4668.24,,-2.67,0.56,0.68,1.29,107.14,-12.57,-12.43,-15.48,-8.40,148.37,,,65.07,1.22,-5.32,1.46,185.68,12.47,73.58,63.74,3.01,21.24,3442.00,3543.00,4326.00,0.00,0.00,5.00,1.46
JTL Industries,534600,JTLIND,INE391J01032,Industrial Products,Iron & Steel Products,81.01,3094.92,167.10,139.01,71.98,7.10,244.06,49.26,32.55,99.45,16.32,34.41,-6.60,33.85,26.49,22.17,5.00,26.98,559.81,30.40,2314.11,19.01,32.68,35.36,114.70,9.57,7.28,35.84,4.90,-3.95,-67.37,-245.69,71.88,45.60,0.82,61.48,77.30,-16.59,44.51,1447.30,22.66,1255.38,16.35,2.08,721.61,85849.00,82504.00,85584.00,4.84,0.14,45.75,44.51
Jubilant Agri,544355,JUBLCPL,INE03CC01015,Chemicals & Petrochemicals,Specialty Chemicals,2141.70,3245.21,202.35,3032.00,1960.57,29.36,51.21,74.36,46.11,4.49,44.13,20.82,131.36,61.56,21.52,42.28,0.00,24.52,611.85,19.28,1972.32,19.91,18.38,46.11,132.37,40.39,33.21,24.34,8.81,,74.80,129.34,1958.75,69.83,40.63,54.23,5.94,13.58,5.71,444.75,0.06,690.23,16.06,7.06,523.18,18430.00,18327.00,17036.00,0.22,0.23,25.20,5.71
Jubilant Food.,533155,JUBLFOOD,INE797F01020,Leisure Services,Restaurants,499.50,32959.27,1983.18,918.00,494.82,25.20,4902.22,40.27,100.32,6.11,94.54,90.60,21.37,142.74,72.88,194.60,1.35,86.49,2709.49,15.78,9838.46,16.28,13.66,100.03,381.07,14.80,20.96,41.60,4.02,2.02,1893.55,1657.86,494.77,539.14,2.10,59.49,154.23,8.85,234.88,2160.13,199.03,1199.80,18.53,14.38,2569.65,346691.00,329084.00,338569.00,13.32,39.59,6.49,234.88
Jubilant Ingrev.,543271,JUBLINGREA,INE0BY001018,Chemicals & Petrochemicals,Specialty Chemicals,708.15,11279.49,608.11,885.00,685.63,10.92,791.81,45.22,105.82,40.91,75.10,86.44,22.42,104.96,46.90,69.47,9.30,35.47,1290.60,15.16,4650.56,10.96,25.28,105.82,317.98,11.37,9.52,14.58,8.14,1.90,524.27,508.10,685.41,174.25,6.59,44.44,98.73,2.23,189.94,3110.45,33.16,2046.37,17.91,3.61,1300.27,110949.00,112696.00,123748.00,6.49,24.98,22.30,189.94
Jubilant Pharmo,530019,JUBLPHARMA,INE700A01033,Pharmaceuticals & Biotechnology,Pharmaceuticals,887.40,14136.28,1325.50,1309.90,967.74,25.10,3614.70,47.67,56.50,-45.09,102.90,128.00,-52.72,147.50,55.80,119.90,6.58,36.43,2303.38,17.14,8608.30,16.27,17.29,56.40,388.07,8.99,6.53,-20.14,2.53,1.19,1226.80,1072.10,968.54,327.92,9.26,40.06,1088.80,-0.26,1267.60,7077.00,61.40,4109.30,12.76,1.99,2229.40,82703.00,86347.00,99673.00,15.87,12.40,23.50,1267.60
Juniper Green,544853,JNPR,INE05C901015,Power,Power Generation,267.44,15217.29,674.23,281.89,259.07,5.13,13760.53,85.94,33.45,54.22,21.69,21.54,55.29,,,,0.00,576.85,,,718.93,41.33,81.24,33.45,14.62,3.30,0.43,-46.37,11.49,3.92,469.99,365.07,258.98,,,57.48,2652.51,-22.31,3357.50,2934.89,159.91,3622.96,38.00,,291.20,207352.00,,,1.77,5.07,7.22,3357.50
Juniper Hotels,544129,JUNIPER,INE696F01016,Leisure Services,Hotels & Resorts,212.04,4717.94,443.53,538.25,220.68,32.21,1193.66,77.53,33.26,88.55,17.64,67.98,-33.98,51.48,65.42,16.81,0.00,25.45,257.79,11.93,1076.46,11.51,13.04,33.26,185.39,8.04,6.19,139.96,13.33,1.47,393.92,309.22,220.76,96.19,2.31,67.05,17.91,2.44,11.01,2645.93,73.55,124.10,13.21,1.64,249.53,39921.00,39990.00,41054.00,4.47,12.18,5.82,11.01
Jupiter Life Lin,543980,JLHL,INE682M01020,Healthcare Services,Hospital,298.75,9793.92,374.52,354.00,283.31,12.13,584.24,40.91,37.49,-14.58,43.89,49.09,-25.35,58.45,42.49,57.47,0.00,51.24,452.44,14.94,1557.82,14.76,16.44,37.52,191.14,14.80,13.06,-0.87,9.13,4.07,267.71,266.74,283.16,98.40,1.78,37.56,94.98,-4.56,58.17,1478.52,485.80,199.20,26.86,6.34,410.98,33194.00,32985.00,34192.00,9.37,16.51,33.20,58.17
Jupiter Wagons,533272,JWL,INE209L01016,Industrial Manufacturing,Railway Wagons,246.85,10549.64,399.41,748.10,285.19,31.10,996.46,68.31,28.25,-13.61,32.70,33.19,-3.79,56.27,62.35,45.33,0.00,59.29,809.39,3.00,3127.10,-11.73,46.02,26.18,177.93,9.16,6.39,-44.92,3.90,18.21,9.45,104.19,285.57,92.21,1.32,37.50,593.59,-9.84,442.15,2551.10,235.60,2709.03,27.89,3.54,670.74,383497.00,386428.00,381237.00,3.47,0.79,27.43,442.15
Just Dial,535648,JUSTDIAL,INE599M01018,Retailing,Internet & Catalogue Retail,647.65,5508.20,392.06,1894.70,655.27,26.29,84.51,74.14,166.22,4.12,159.65,100.00,66.22,78.98,117.93,119.44,0.00,10.58,326.79,7.83,1243.47,7.27,9.94,166.22,520.66,7.01,3.38,-13.60,50.76,2.08,268.70,311.49,655.35,92.44,9.29,40.52,310.31,5.74,208.73,5021.44,5643.53,271.07,7.73,1.08,327.47,82236.00,82557.00,81344.00,3.21,9.87,12.76,208.73
Jyothy Labs,532926,JYOTHYLAB,INE668F01031,Household Products,Household Products,211.87,7780.17,503.14,595.85,239.65,38.97,51.58,62.89,47.64,-50.78,96.79,67.52,-29.44,80.16,81.12,87.76,0.00,27.39,769.22,4.50,2966.48,3.94,2.95,47.64,284.04,28.66,21.70,-22.98,6.16,1.82,412.13,311.51,239.93,97.83,2.18,58.40,142.35,22.55,310.03,1551.89,506.28,986.75,16.49,4.90,773.40,247104.00,233314.00,220538.00,12.13,13.36,11.61,310.03
Jyoti CNC Auto.,544081,JYOTICNC,INE980O01024,Industrial Manufacturing,Industrial Products,1012.70,23031.14,587.23,1504.30,828.83,4.09,852.75,62.55,57.14,-19.99,71.42,90.57,-36.91,102.37,88.51,85.50,20.92,71.59,598.15,17.77,2191.43,17.44,23.97,57.14,321.72,21.32,18.22,-4.40,11.24,-495.56,54.39,-105.43,826.98,141.49,4.50,77.16,125.31,-11.21,137.12,1955.85,15.75,2657.87,40.99,11.51,508.47,89711.00,73051.00,61957.00,6.29,12.59,18.58,137.12
Jyoti Resins,514448,JYOTIRES,INE577D01013,Chemicals & Petrochemicals,Specialty Chemicals,903.65,1084.38,96.54,1818.45,983.14,31.28,0.00,54.37,11.75,-32.39,17.38,20.08,-41.48,18.42,15.37,17.16,0.00,16.85,85.13,14.45,327.34,12.86,16.79,11.75,64.36,36.53,27.02,-11.24,13.40,4.66,48.07,14.75,983.94,19.03,15.35,53.49,152.94,10.60,119.06,276.76,46.86,366.17,10.87,3.76,87.71,44791.00,45757.00,48499.00,0.06,0.08,45.50,119.06
Jyoti Structures,513250,JYOTISTRUC,INE197A01024,Electrical Equipment,Heavy Electrical Equipment,10.32,1231.86,70.02,279.33,12.30,40.76,2083.75,0.00,19.46,74.37,11.16,18.14,7.28,10.56,17.01,9.72,0.00,19.15,229.32,52.27,845.90,49.51,61.00,19.46,64.33,2.25,10.81,54.53,7.74,-0.82,-268.98,-177.29,12.32,16.47,0.09,35.32,514.14,-6.94,246.26,235.87,0.90,2848.10,37.53,2.60,251.46,201952.00,202824.00,205270.00,1.24,0.13,98.64,246.26
K C P,590066,KCP,INE805C01028,Cement & Cement Products,Cement & Cement Products,172.03,2217.83,415.73,281.79,170.50,19.03,664.23,44.39,36.83,-41.99,63.49,85.22,-54.38,40.70,17.22,48.76,0.00,12.53,658.18,9.42,2678.99,6.55,15.20,55.25,177.04,12.20,12.17,-7.69,7.09,1.65,206.28,160.02,170.49,72.44,2.10,61.00,977.93,-0.43,1166.92,1769.17,24.03,2226.57,4.53,1.24,779.34,51336.00,52338.00,57716.00,2.31,0.55,52.74,1166.92
K P R Mill Ltd,532889,KPRMILL,INE930H01031,Textiles & Apparels,Other Textile Products,1136.00,38830.07,1367.16,1395.40,1019.83,14.84,596.14,67.52,258.54,21.55,212.70,227.17,13.81,261.66,208.60,218.03,0.00,42.56,1709.49,4.75,6819.62,4.20,9.58,258.54,912.34,19.58,15.71,10.65,13.36,3.90,1107.84,1401.32,1018.67,332.17,7.66,57.11,318.18,13.94,1368.31,5663.42,64.13,4121.61,25.99,6.82,1935.52,111866.00,123029.00,123589.00,7.02,19.25,6.19,1368.31
K.P. Energy,539686,KPEL,INE127T01021,Power,Power Generation,250.35,1697.33,327.95,675.00,336.54,46.16,441.70,45.31,26.08,2.60,25.42,78.69,-66.86,76.10,41.35,35.94,0.00,9.32,574.44,90.98,1797.01,74.26,136.61,26.08,182.06,39.22,43.37,48.57,5.02,1.83,122.57,161.71,337.41,102.52,11.22,31.19,45.11,-8.56,76.28,489.64,9.56,2127.42,6.06,3.23,519.46,76081.00,71546.00,58667.00,0.53,1.03,53.14,76.28
Kabra Extrusion,524109,KABRAEXTRU,INE900B01029,Industrial Manufacturing,Industrial Products,601.65,2104.14,30.62,644.65,305.66,3.76,145.06,60.44,-1.74,77.14,-7.61,7.09,-125.22,-6.55,-4.98,0.33,0.00,3005.91,152.37,13.20,489.58,3.14,44.81,-1.74,0.70,0.06,-1.91,-95.56,-1.40,43.56,8.96,43.45,302.68,7.38,-1.87,75.69,7.97,-3.82,3.08,424.00,39.92,450.97,56.62,4.77,124.49,26399.00,27137.00,29453.00,0.36,0.02,39.19,3.08
Kajaria Ceramics,500233,KAJARIACER,INE217B01036,Consumer Durables,Ceramics,1209.50,19006.45,922.40,1578.70,1123.20,6.55,228.59,47.69,169.51,52.43,111.20,158.74,9.24,198.80,86.15,133.98,0.00,32.96,1335.12,12.57,5055.70,8.50,20.43,171.03,576.57,23.38,17.88,63.87,12.88,3.06,663.67,500.99,1122.34,248.92,12.53,48.90,582.86,12.33,755.12,3049.65,39.04,1982.33,18.54,6.28,1328.08,125200.00,92831.00,93310.00,11.58,26.24,14.48,755.12
Kalpat.,544423,KALPATARU,INE227J01012,Realty,"Residential, Commercial Projects",277.00,5704.04,210.17,458.10,323.61,35.48,9167.82,81.34,-26.52,46.34,-49.42,200.47,-114.98,-109.59,-67.04,4.96,0.00,46.44,1677.58,111.34,3464.62,62.33,6.54,-29.04,122.84,1.27,2.73,553.27,-6.15,0.54,848.24,488.25,324.08,-60.73,-4.86,43.43,717.23,4.08,825.46,3910.56,187.01,16053.29,60.99,1.39,472.20,53683.00,54264.00,104911.00,5.87,8.23,4.56,825.46
Kalpataru Proj.,522287,KPIL,INE220B01022,Construction,Civil Construction,1391.30,23759.58,2526.69,1499.75,1254.51,7.23,3542.62,33.58,310.06,45.15,213.62,391.33,-27.65,384.28,149.05,237.39,24.55,21.38,7251.21,11.07,27379.86,14.56,3.84,311.53,1111.36,18.28,13.70,57.31,4.86,2.04,1534.38,913.95,1253.14,616.67,22.40,58.28,1759.27,5.34,1842.19,7742.39,2.01,23254.09,10.42,3.06,6407.97,119404.00,118697.00,121346.00,10.77,44.84,10.81,1842.19
Kalyan Jewellers,543278,KALYANKJIL,INE303R01014,Consumer Durables,"Gems, Jewellery And Watches",610.60,63059.77,2769.72,795.40,473.42,5.92,6117.34,62.86,348.67,32.03,264.08,409.50,-14.85,511.78,416.30,260.51,24.85,43.10,11778.77,49.93,39063.32,45.79,45.68,348.67,1463.19,21.15,24.85,82.64,3.29,4.94,1317.52,1209.40,472.04,755.54,4.96,61.90,1031.07,8.38,860.91,5275.97,5.51,16330.73,24.11,10.00,10588.93,769762.00,693848.00,687905.00,10.82,15.83,10.49,860.91
Kalyani Cast-Tec,544023,,INE0N6U01018,Industrial Manufacturing,Industrial Products,1047.50,752.16,24.66,1047.50,633.78,0.00,0.58,59.47,7.53,20.87,6.23,9.53,-20.99,,,,0.00,42.11,,,149.99,7.74,-16.57,7.53,17.86,31.04,24.42,28.12,13.08,10.53,19.38,8.20,629.63,,,72.44,11.59,-0.67,3.03,74.47,12.61,45.42,30.40,9.21,57.59,2209.00,1971.00,1981.00,0.01,0.01,40.50,3.03
Kalyani Invest.,533302,KICL,INE029L01018,Finance,Investment Company,5260.50,2298.84,48.87,8231.45,5088.09,19.75,0.00,74.98,0.68,121.38,-3.18,19.31,-96.48,19.81,1.71,18.93,0.00,56.58,44.42,1.13,78.22,-1.22,2.94,0.68,40.63,0.49,0.37,-36.71,11.43,-15.58,-17.88,-16.14,5086.36,19.86,45.37,44.80,246.50,-0.15,310.11,11386.97,12123.65,310.59,36.90,0.20,5.95,23781.00,24502.00,26041.00,0.64,0.56,23.80,310.11
Kalyani Steels,500235,KSL,INE907A01026,Industrial Products,Iron & Steel Products,919.30,4013.03,417.37,1278.90,815.77,6.44,475.02,64.70,67.61,10.89,60.97,71.91,-4.81,70.71,61.32,61.82,0.00,14.99,442.15,-3.05,1867.42,-4.88,4.93,67.61,267.63,14.66,13.02,1.98,14.55,1.64,141.73,382.64,814.73,85.90,16.20,61.04,704.21,2.44,773.95,2077.75,143.14,1571.38,8.75,1.91,464.58,43550.00,44840.00,47214.00,1.77,11.48,22.06,773.95
Kama Holdings,532468,KAMAHOLD,INE411F01010,Finance,Holding Company,2385.50,7655.21,3533.54,3500.00,2621.27,24.27,5078.50,75.00,383.68,73.56,221.06,298.83,30.39,673.52,433.82,390.28,0.00,6.75,4324.76,17.77,17143.93,12.91,31.48,761.50,1134.03,14.00,12.63,55.96,15.02,0.25,2561.04,2533.80,2623.64,922.14,105.75,28.18,420.17,3.44,698.78,7979.71,1626.80,7627.92,3.22,0.96,5070.88,13888.00,14106.00,15576.00,0.24,0.03,24.72,698.78
Kamat Hotels,526668,KAMATHOTEL,INE967C01018,Leisure Services,Hotels & Resorts,227.08,669.43,111.05,374.50,196.95,38.45,233.20,57.78,9.40,172.41,3.45,15.91,-44.50,4.04,19.06,-2.19,0.00,15.99,83.85,11.60,393.53,7.56,9.55,9.69,41.86,15.83,11.57,-14.94,10.70,0.70,97.71,66.36,196.64,18.34,1.33,80.41,28.75,19.12,48.22,285.94,0.34,91.17,7.23,2.12,90.54,23404.00,23509.00,25261.00,0.02,3.86,38.33,48.22
Kamdhenu,532741,KAMDHENU,INE390H01020,Industrial Products,Iron & Steel Products,35.84,1010.27,112.12,67.30,28.64,5.44,9.41,49.03,28.69,33.94,21.42,17.43,64.60,22.13,20.80,18.70,0.00,11.80,200.35,4.82,780.96,2.93,8.97,28.69,85.62,29.39,21.99,28.08,13.45,1.16,65.97,68.87,28.57,24.04,0.79,60.58,43.31,19.35,27.82,368.18,276.47,340.14,8.22,2.55,213.35,48824.00,50779.00,44689.00,2.06,0.03,48.89,27.82
Kanoria Chem.,506525,KANORICHEM,INE138C01024,Industrial Manufacturing,Industrial Products,156.77,685.08,93.79,221.55,106.76,6.63,291.28,74.39,26.36,8534.71,-0.31,31.62,-16.64,5.82,3.55,91.81,29.57,11.25,353.34,68.39,1240.42,25.33,128.61,26.36,60.92,5.95,22.08,382.84,5.73,1.21,66.26,13.25,106.25,24.12,1.33,60.09,8.90,-1.44,14.62,551.07,58.57,285.56,7.58,1.20,460.37,15700.00,16861.00,17824.00,0.05,0.08,25.48,14.62
Kanpur Plastipa.,507779,KANPRPLA,INE694E01014,Industrial Products,Packaging,263.27,646.92,74.64,283.14,200.97,7.02,112.38,68.15,12.13,75.54,6.91,14.53,-16.79,11.19,9.23,7.35,0.00,14.90,185.23,12.10,738.82,11.94,13.18,12.14,43.41,17.15,15.61,56.49,5.97,1.42,55.87,36.85,200.34,17.02,4.55,61.81,8.78,5.83,4.14,240.93,17.65,224.83,9.28,2.43,203.16,8378.00,7583.00,8175.00,0.00,1.67,30.17,4.14
Kansai Nerolac,500165,KANSAINER,INE531A01024,Consumer Durables,Paints,201.33,16283.14,1049.22,453.33,213.39,23.74,302.73,74.96,231.58,4.83,220.91,124.79,107.85,186.48,117.05,133.31,0.00,25.25,2091.79,7.04,8263.47,5.24,9.79,228.41,644.81,11.99,8.82,0.93,9.62,2.24,894.37,672.36,213.51,255.52,2.31,46.04,290.06,8.26,225.78,6632.91,2365.30,3412.24,14.25,2.42,2373.59,145779.00,150761.00,156007.00,4.02,11.88,9.14,225.78
Kapston Services,,KAPSTON,INE542Z01028,Commercial Services & Supplies,Diversified Commercial Services,505.25,1537.59,45.68,600.00,338.96,15.79,183.15,72.87,8.49,39.18,6.10,7.52,12.90,8.84,7.38,7.02,0.00,50.56,246.48,17.43,860.26,18.59,15.74,8.49,30.41,14.95,27.32,47.55,3.86,-34.24,7.48,-7.98,337.29,13.97,2.91,50.53,9.24,-4.75,14.49,101.02,0.03,266.88,33.67,13.23,220.13,6564.00,5964.00,4437.00,0.01,0.00,27.12,14.49
Karnataka Bank,532652,KTKBANK,INE614B01018,Banks,Private Sector Bank,337.70,12775.22,7457.20,341.00,249.02,0.97,114106.07,0.00,418.95,43.28,292.40,408.19,2.64,434.82,290.79,319.12,0.00,8.89,2218.07,1.78,9039.20,0.47,5.37,418.95,1437.05,6.06,10.36,23.41,17.58,1.52,1100.09,209.52,248.13,1530.16,11.49,72.43,7525.73,0.44,7063.49,12846.03,26737.05,19748.36,15.78,0.97,2382.65,374587.00,393841.00,404405.00,13.10,15.75,71.15,7063.49
Karnika Industri,,KARNIKA,INE0MGA01012,Textiles & Apparels,Garments & Apparels,112.35,696.54,45.95,224.95,124.99,50.06,75.53,73.39,8.99,,,8.97,-1.93,,6.61,,0.00,24.91,,,248.48,,,9.14,27.96,,29.00,,12.39,,16.17,,125.12,,,42.78,,,0.29,34.42,19.92,185.49,16.80,7.22,73.77,968.00,995.00,516.00,0.00,0.00,26.61,0.29
Karur Vysya Bank,590003,KARURVYSYA,INE036D01028,Banks,Private Sector Bank,354.35,34249.78,9563.37,358.65,289.51,1.20,118288.30,2.07,755.70,44.92,521.45,724.96,4.24,1101.19,689.96,573.96,3.85,12.48,3268.67,16.41,11555.22,16.02,18.72,755.70,2744.58,7.62,19.10,36.93,24.78,1.63,-553.95,4487.08,288.86,2210.84,11.39,69.94,7354.18,1.75,5154.39,13914.54,29019.89,8847.91,14.87,2.43,3049.42,275908.00,272726.00,252957.00,17.92,41.22,38.78,5154.39
Kaveri Seed Co.,532899,KSCL,INE455I01029,Agricultural Food & other Products,Other Agricultural Products,785.25,4039.25,366.12,1602.00,899.65,36.77,0.00,60.50,279.84,-14.18,326.08,-27.81,1106.26,11.21,12.68,-16.20,0.00,16.18,211.98,-3.16,1278.72,1.46,-13.51,279.84,249.60,18.79,18.17,-21.49,37.69,1.64,-6.47,196.91,900.80,27.82,2.18,45.81,20.53,4.97,41.64,1746.49,400.84,2049.47,12.66,2.30,742.50,56948.00,56781.00,64905.00,17.54,3.49,17.67,41.64
Kaya Ltd,539276,KAYA,INE587G01015,Leisure Services,Wellness,351.80,534.30,-15.18,1540.00,303.80,27.90,295.59,51.43,-31.51,-182.35,-11.16,-30.37,21.91,-24.80,-18.76,-14.09,0.00,,54.12,2.51,222.48,2.45,2.03,-27.77,-96.87,-45.56,,-239.06,-56.47,1.39,20.57,1.21,303.32,-4.89,-16.33,65.87,7.39,-6.09,1.56,-167.95,38.69,33.56,-54.57,,55.80,18043.00,17932.00,19574.00,0.71,2.99,44.88,1.56
Kaynes Tech,543664,KAYNES,INE918Z01012,Industrial Manufacturing,Industrial Products,4032.00,27104.11,705.04,7824.95,4014.81,47.67,912.87,53.46,56.43,-24.37,74.61,91.25,-38.14,115.39,76.64,121.41,0.00,78.04,1212.23,33.77,3898.91,34.85,40.47,56.43,347.29,12.69,8.69,9.39,5.96,-17.61,-600.40,-82.32,4014.64,191.26,17.17,67.61,1056.31,-22.40,798.59,4681.32,257.05,3847.29,36.16,5.69,946.02,449428.00,378546.00,224620.00,5.82,11.78,28.93,798.59
KDDL Ltd,532054,KDDL,INE291D01011,Consumer Durables,"Gems, Jewellery And Watches",3941.10,4847.27,362.91,4155.50,2877.92,5.16,511.83,50.15,29.36,43.71,20.43,25.30,29.56,49.35,38.29,32.66,0.00,49.43,692.54,34.03,2322.23,32.48,36.30,44.75,98.07,11.20,8.94,0.30,7.06,5.95,143.89,-4.26,2867.24,100.05,26.32,64.24,516.90,-1.85,735.04,1067.84,6.33,1805.34,11.83,4.49,633.80,34728.00,41375.00,47220.00,7.98,2.16,39.58,735.04
KEC International,532714,KEC,INE389H01022,Construction,Civil Construction,430.15,11450.59,1919.59,1313.25,577.90,54.14,5377.76,50.10,72.62,-41.72,124.60,192.79,-62.33,192.06,127.46,160.75,0.00,19.07,6228.07,2.24,23506.20,5.14,0.01,72.62,600.47,16.53,11.35,-1.20,1.45,7.09,-414.12,419.07,579.38,410.59,7.22,34.62,655.93,-1.10,511.93,6106.45,0.00,22209.08,9.84,1.86,5023.54,226492.00,197513.00,173927.00,9.92,23.34,16.64,511.93
KEI Industries,517569,KEI,INE878B01027,Industrial Products,Cables - Electricals,5540.00,52962.73,1387.60,5931.40,4833.68,6.60,253.02,35.00,274.14,40.05,195.75,284.31,-3.58,320.26,234.86,203.51,0.00,53.13,3293.60,20.81,12342.79,20.29,22.97,274.14,996.82,20.07,14.75,34.36,8.61,9.80,839.95,-32.21,4826.58,365.29,33.50,53.47,1915.29,-4.79,1512.64,6645.83,1.70,6156.83,34.35,7.95,3185.34,160497.00,158565.00,169780.00,27.32,25.90,11.76,1512.64
Kellton Tech,519602,KELLTONTEC,INE164B01030,IT - Services,IT Enabled Services,13.51,717.93,143.90,36.86,16.91,51.99,191.00,37.67,22.32,-1.46,22.65,19.52,14.34,26.99,25.41,24.08,15.18,7.86,325.91,8.75,1237.09,9.35,6.82,22.32,91.30,14.96,13.65,10.76,7.07,3.75,-10.50,5.87,16.95,36.62,0.51,36.53,27.53,-8.12,37.42,754.12,0.00,836.00,6.08,0.89,315.62,209031.00,209206.00,188940.00,1.04,0.00,61.30,37.42
Keltech Energies,506528,,INE881E01017,Chemicals & Petrochemicals,Explosives,14445.20,1444.52,47.41,14800.00,6241.81,2.40,73.24,54.33,8.08,-1.58,8.21,6.09,-4.27,6.42,5.81,6.20,0.00,55.18,136.63,16.49,571.87,13.56,27.76,8.08,26.18,20.41,17.70,-0.83,4.41,4.77,48.50,-17.57,6159.37,9.99,64.18,85.52,25.74,-6.84,19.47,151.95,13.43,155.74,30.62,9.44,183.28,6244.00,6724.00,6784.00,0.00,0.16,45.51,19.47
Kennametal India,505890,KENNAMET,INE717A01029,Industrial Manufacturing,Industrial Products,4325.50,9506.69,314.50,4369.00,2720.53,1.00,1.90,75.00,88.80,183.71,31.30,51.40,72.76,71.32,24.40,31.40,0.00,48.50,406.34,37.28,1510.70,29.09,47.68,88.80,196.00,33.21,24.48,105.13,18.59,8.60,18.30,144.80,2704.40,84.80,32.45,80.18,165.40,6.90,47.20,831.70,0.00,963.00,30.08,11.14,477.60,12110.00,11023.00,11734.00,0.23,13.33,11.43,47.20
Kernex Microsys.,532686,KERNEX,INE202H01019,Transport Services,Transport Related Services,1860.40,3126.15,151.01,2585.85,1605.96,28.05,162.11,28.73,109.85,1372.52,7.46,68.26,60.93,,6.06,6.52,8.87,16.39,,600.83,877.88,304.50,800.38,109.85,190.72,47.83,43.52,252.66,21.81,-6.35,-99.74,14.55,1603.41,,,40.52,34.33,-19.47,27.00,231.31,0.00,856.62,10.82,12.60,503.58,41803.00,41511.00,42149.00,2.48,0.05,68.69,27.00
Kesar India,543542,,INE0L1C01019,Realty,"Residential, Commercial Projects",1191.45,3723.10,46.24,1340.00,1134.55,11.09,44.40,70.37,16.03,5625.00,0.28,14.54,10.25,,15.34,0.87,0.00,79.59,,,362.73,63.70,1072.84,16.03,46.78,23.36,20.03,60.39,9.37,,-128.13,-7.78,1133.98,,,38.51,33.92,-24.26,37.33,220.65,31.15,399.29,54.21,13.66,171.00,769.00,368.00,341.00,15.35,0.00,14.27,37.33
Keto Motors,537392,,INE392H01026,Retailing,Diversified Retail,350.35,2467.67,0.59,350.35,70.06,0.00,37.97,92.33,0.44,4500.00,-0.01,0.06,633.33,,-0.11,-0.13,0.00,9491.04,,,8.51,,,0.44,0.26,-0.30,-0.67,750.00,6.94,-1390.24,-0.60,0.00,67.24,,,87.80,1.05,-0.37,0.43,-11.62,0.05,54.66,1957.20,41.96,6.34,3336.00,3212.00,4698.00,0.00,0.86,6.81,0.43
Kewal Kir.Cloth.,532732,KKCL,INE401H01017,Textiles & Apparels,Garments & Apparels,514.80,3172.46,261.55,827.45,493.79,13.48,109.00,74.29,38.00,21.48,31.28,31.00,18.70,62.74,37.91,47.29,0.00,21.43,411.96,16.34,1258.01,15.92,19.36,41.00,148.05,18.08,16.14,-1.65,14.70,2.73,183.31,13.66,493.58,81.42,9.44,50.76,132.33,6.16,179.89,901.00,131.00,1023.00,11.15,3.29,279.00,32735.00,33321.00,34915.00,2.37,8.85,14.48,242.00
Keystone Realtor,543669,RUSTOMJEE,INE263M01029,Realty,"Residential, Commercial Projects",379.10,4786.17,207.44,801.05,441.78,42.80,1484.00,74.59,53.14,266.23,14.51,52.42,-17.72,56.06,5.08,9.89,0.00,40.74,1107.25,121.77,2831.71,52.65,72.19,52.37,117.49,4.68,2.80,-26.87,11.14,-13.63,-509.05,-11.39,442.41,97.22,4.44,45.10,845.83,-3.04,882.30,2737.08,546.30,5631.88,18.81,1.67,470.29,19787.00,18917.00,19669.00,2.35,16.38,6.69,882.30
KFin Technolog.,543720,KFINTECH,INE138Y01010,Capital Markets,"Depositories, Clearing Houses and Other Intermediaries",976.50,16880.96,550.72,1641.35,953.94,19.77,55.44,22.82,75.21,-2.65,77.26,84.11,-7.32,122.97,91.99,93.31,0.00,48.18,388.83,25.74,1383.97,22.77,30.10,75.21,350.38,29.19,21.61,2.51,21.09,4.40,369.60,398.90,953.72,151.54,7.11,60.57,170.38,16.27,212.26,1500.54,239.34,660.99,28.84,10.07,356.54,266471.00,245764.00,243537.00,20.73,27.31,29.14,212.26
Khaitan Chemical,507794,KHAICHEM,INE745B01028,Fertilizers & Agrochemicals,Fertilizers,56.92,552.06,115.05,157.00,62.54,58.15,305.82,72.65,10.91,-49.04,21.41,5.42,765.87,25.03,20.44,21.48,0.00,9.48,355.40,15.17,988.24,19.87,-5.71,10.91,58.25,18.50,25.37,47.39,4.94,-7.84,44.27,44.13,62.60,37.16,2.58,59.29,16.24,0.51,13.77,280.95,7.05,541.30,7.90,1.90,220.94,53311.00,53076.00,66201.00,0.11,0.00,27.23,13.77
Khazanchi Jewell,543953,,INE0OWC01011,Consumer Durables,"Gems, Jewellery And Watches",798.15,1975.17,127.00,812.50,677.71,1.77,111.38,74.51,27.83,83.70,15.15,25.59,8.75,42.27,25.13,23.55,0.00,19.35,706.95,28.86,2231.19,24.33,45.07,27.83,102.10,34.79,32.45,100.83,4.75,-6.96,-35.88,1.08,676.50,45.06,17.08,77.18,2.70,-12.09,3.51,322.43,0.00,499.89,14.29,5.69,585.72,1158.00,1116.00,1249.00,0.02,0.13,25.34,2.78
Kilburn Engg.,522101,KLBRENG-B,INE338F01015,Industrial Manufacturing,Industrial Products,394.90,2211.45,162.84,618.40,475.15,36.14,89.99,44.54,13.09,-38.57,21.31,24.86,-47.35,34.85,23.16,26.88,0.00,25.13,199.41,29.82,616.55,31.68,-9.49,13.09,87.99,23.18,17.08,22.02,11.19,,-17.76,-9.82,475.96,43.30,6.22,47.78,27.04,-3.35,67.38,601.15,7.32,578.16,14.80,3.20,116.99,21079.00,20289.00,20005.00,1.13,7.64,46.70,67.38
Kilitch Drugs,524500,KILITCH,INE729D01010,Pharmaceuticals & Biotechnology,Pharmaceuticals,171.27,598.79,44.95,250.01,174.62,22.04,88.71,63.77,2.91,-3.96,3.03,14.52,-86.83,4.22,4.31,8.04,0.00,19.93,59.33,21.29,237.21,14.04,4.03,1.96,30.05,13.43,10.59,7.28,4.37,4.95,23.96,17.54,174.65,6.43,1.21,43.01,9.85,-12.23,16.78,244.69,74.84,170.23,14.02,2.14,44.88,12627.00,11785.00,10379.00,0.12,0.00,36.11,16.78
Kinetic Engg.,500240,,INE266B01017,Auto Components,Auto Components & Equipments,224.80,604.96,13.77,385.00,258.39,38.41,70.58,65.04,-11.50,-1925.40,0.63,0.84,-3702.78,-6.14,0.15,-0.17,0.00,,51.30,30.54,172.98,25.12,43.12,-12.97,-10.53,3.61,1.42,-261.26,-25.64,,-18.98,-21.56,258.73,-2.10,-2.02,32.36,37.80,-13.66,39.55,122.14,3.92,160.40,270.63,4.06,50.58,21957.00,21901.00,22144.00,3.23,0.69,31.03,39.55
Kingfa Science,524019,KINGFA,INE473D01015,Industrial Products,Plastic Products - Industrial,6060.50,8212.81,282.04,6200.00,4782.52,2.25,15.40,67.02,80.21,101.58,39.79,59.15,35.60,78.35,45.17,41.14,0.00,36.39,616.03,32.28,2222.19,24.13,49.06,80.21,225.67,23.20,17.41,46.94,11.65,15.85,66.21,59.92,4769.68,87.81,57.82,65.95,23.66,-0.62,420.87,1385.76,0.00,1376.82,23.19,5.87,688.57,12293.00,11991.00,12636.00,7.74,8.79,16.45,420.87
KIOCL,540680,KIOCL,INE880L01014,Ferrous Metals,Sponge Iron,388.95,23638.48,65.62,634.55,375.53,38.70,191.87,99.03,-15.48,59.04,-37.79,53.39,-128.99,-44.21,18.13,-17.16,0.00,607.99,262.38,84.07,680.53,27.42,73.75,-15.48,38.88,1.38,0.96,120.28,-9.80,32.87,79.02,343.31,375.39,-25.86,-0.73,53.81,729.78,6.63,825.83,1128.48,0.00,1170.97,267.34,13.61,158.01,39787.00,40444.00,37419.00,0.05,0.03,0.88,825.83
Kiran Vyapar,537750,KIRANVYPAR,INE555P01013,Finance,Non Banking Financial Company (NBFC),202.00,551.14,41.98,307.30,195.11,12.17,495.81,74.95,19.63,1.45,19.35,-10.34,285.95,6.60,-2.54,-0.03,0.00,79.76,36.63,10.01,112.48,0.20,21.28,19.45,6.91,1.59,0.05,-84.96,58.83,-3.32,-77.09,-67.65,195.04,15.14,2.42,54.54,135.97,-1.10,177.47,2202.34,2278.45,218.89,16.13,0.25,33.06,4962.00,5080.00,5718.00,0.00,0.00,25.05,177.47
Kiri Industries,532967,KIRIINDUS,INE415I01015,Chemicals & Petrochemicals,Dyes And Pigments,516.20,3363.97,-44.79,877.00,447.18,33.74,41.85,41.71,290.24,2762.33,10.14,507.85,-43.49,-52.43,5022.79,19.65,0.22,4.18,287.45,34.68,949.89,25.19,54.54,290.69,804.02,-1.69,-2.05,340.10,93.06,0.31,4554.97,-341.93,446.48,-31.92,-8.03,79.07,14.19,21.18,1055.04,6376.33,3341.15,4697.70,9.86,0.48,312.36,40252.00,39697.00,37448.00,16.75,1.29,40.25,1055.04
Kirl. Brothers,500241,KIRLOSBROS,INE732A01036,Industrial Products,"Compressors, Pumps & Diesel Engines",1900.70,15093.25,609.79,2684.70,1778.77,13.30,250.09,65.95,66.60,-0.46,66.91,129.64,-39.70,89.56,125.40,72.20,0.00,37.29,1109.49,7.96,4663.90,5.04,12.86,67.60,404.74,20.35,17.30,-4.23,6.12,3.94,334.22,385.52,1777.54,122.97,11.11,49.17,348.68,10.11,405.25,2448.15,758.26,2682.54,23.93,6.13,1104.90,64065.00,66266.00,66864.00,6.41,10.23,17.40,405.25
Kirl. Electric,533193,KECL,INE134B01017,Electrical Equipment,Other Electrical Equipment,130.44,866.31,38.87,390.00,117.66,15.85,100.32,49.74,-5.99,-1526.19,0.42,-0.63,-850.79,-2.01,4.10,9.98,75.33,56.47,153.13,7.75,560.95,3.38,-21.47,-5.99,15.34,14.59,6.78,298.70,-5.77,2.47,25.42,35.76,117.53,5.14,-0.30,45.74,29.14,14.39,31.93,65.41,1.97,179.44,20.98,6.57,103.85,82178.00,85217.00,87967.00,4.06,1.25,44.94,31.93
Kirl. Ferrous,500245,KIRLFER,INE884B01025,Ferrous Metals,Pig Iron,448.30,7398.21,912.16,830.00,457.80,20.77,1036.14,50.78,105.30,-55.28,235.47,125.74,-34.53,118.70,55.01,92.34,0.00,18.92,1791.09,3.65,6934.69,3.33,4.32,82.32,390.97,13.42,14.53,-17.37,5.94,0.94,941.98,661.69,457.90,218.19,7.19,49.66,68.88,5.03,121.80,3781.53,0.94,2480.60,9.08,1.91,1771.51,92215.00,90482.00,105100.00,1.68,12.56,34.97,121.80
Kirl.Pneumatic,505283,KIRLPNU,INE811A01038,Industrial Products,"Compressors, Pumps & Diesel Engines",728.60,9466.44,386.75,1098.88,710.46,33.70,0.24,38.81,34.10,21.35,28.10,140.70,-76.32,66.51,43.10,43.20,0.00,34.65,434.93,15.03,1787.60,9.99,10.40,34.10,273.20,30.30,22.73,26.98,11.36,4.89,227.65,215.06,710.27,75.51,5.12,39.66,67.00,11.75,117.38,1237.96,478.13,907.47,23.49,7.57,300.30,64033.00,61484.00,65393.00,10.39,25.97,24.81,117.38
Kirloskar Indus.,500243,KIRLOSIND,INE250A01039,Industrial Products,Iron & Steel Products,3774.00,3966.32,934.20,6698.90,3526.90,17.50,1112.62,71.87,105.32,-55.27,235.46,125.68,-34.48,127.30,49.45,98.49,0.00,12.94,1847.15,3.66,6994.52,3.67,4.32,82.34,306.46,7.01,3.77,-12.83,5.95,0.51,871.19,599.70,3524.41,229.79,121.13,50.17,169.80,2.12,237.51,6239.08,4398.60,2868.83,5.18,0.63,1771.51,22719.00,21961.00,22721.00,0.49,1.87,25.75,237.51
Kirloskar Oil,533293,KIRLOSENG,INE146L01010,Industrial Products,"Compressors, Pumps & Diesel Engines",2036.60,29636.57,1470.71,2720.35,1699.28,25.13,5374.33,41.06,113.71,-17.08,137.14,165.58,-28.45,237.60,109.13,159.19,0.00,52.01,2343.57,20.28,7936.74,22.68,13.49,111.06,569.81,14.55,17.51,27.79,5.55,-5.30,932.21,-739.49,1695.89,408.16,16.33,40.30,996.58,-4.67,1250.46,3591.12,439.60,5102.75,23.45,8.18,1999.53,130627.00,106666.00,109607.00,11.33,26.00,21.61,1250.46
Kitex Garments,521248,KITEX,INE602G01020,Textiles & Apparels,Garments & Apparels,126.80,2529.66,80.71,324.42,166.01,45.51,1199.38,56.66,-9.00,-143.35,20.76,-3.91,-84.59,-26.10,-17.00,-6.22,0.00,,82.63,-32.32,628.69,-36.44,-19.45,-17.13,-27.23,1.53,0.97,-120.60,-10.81,1.56,345.78,54.28,166.41,-1.47,-0.69,30.06,67.70,-15.33,152.26,1009.88,0.07,518.23,56.20,2.46,158.43,99677.00,100555.00,84159.00,1.21,0.12,42.01,152.26
KMC Speciality,524520,KMCSHIL,INE879K01018,Healthcare Services,Hospital,138.91,2265.62,93.00,148.00,102.82,6.14,83.68,75.00,16.57,119.76,7.54,14.63,13.26,21.33,13.73,10.84,0.00,40.62,101.75,35.85,330.99,35.06,37.91,16.57,55.77,26.04,24.94,137.83,18.05,3.83,79.10,57.58,102.45,30.30,1.31,59.76,9.34,2.37,54.69,194.12,0.01,81.21,21.64,10.77,91.78,88487.00,86318.00,87252.00,0.02,0.00,24.98,54.69
KN Agri Resource,,KNAGRI,INE0KNW01016,Agricultural Food & other Products,Edible Oil,215.29,538.20,58.17,310.00,203.38,11.77,34.13,68.86,13.46,41.98,9.48,12.60,6.83,,5.05,4.55,0.00,15.09,,,1944.76,6.03,34.56,13.46,35.66,13.33,8.61,-14.42,2.64,10.41,14.36,-2.65,203.26,,,53.26,9.11,0.84,5.49,359.73,23.04,359.19,8.90,1.40,509.08,1453.00,1580.00,1480.00,2.95,0.32,27.88,5.49
Knack Packaging,544814,KNACK,INE17QZ01016,Industrial Products,Packaging,195.30,2389.79,166.62,222.00,188.10,12.03,188.16,70.59,31.51,58.98,19.82,22.88,37.72,,,,0.00,23.45,,,809.75,11.42,40.32,31.51,90.22,34.07,41.96,27.20,12.27,3.61,91.83,91.83,188.03,,,45.20,10.47,2.74,10.47,209.99,0.16,246.74,15.41,,256.82,105959.00,,,1.21,9.30,18.89,10.47
Knowledge Marine,543273,KMEW,INE0CJD01029,Engineering Services,Dredging,2777.80,7045.70,112.63,2999.90,1937.52,7.40,222.06,49.99,61.73,447.74,11.27,26.21,166.68,33.93,32.90,11.89,0.00,54.38,96.30,91.95,323.21,56.87,138.11,62.75,129.57,16.37,20.01,155.66,54.37,12.45,74.34,57.84,1929.08,45.82,13.16,64.43,44.97,-6.25,76.59,557.87,0.00,166.49,42.61,11.91,115.41,23571.00,15365.00,6006.00,12.64,3.90,33.46,76.59
Knowledge Realty,544481,KRT,INE1JAR25012,Realty,Real Estate Investment Trusts (REITs),113.19,50192.97,2501.30,129.49,116.53,12.59,12363.20,,250.80,,,107.37,133.58,,206.34,62.64,0.03,80.03,,,4289.69,,,250.80,627.15,5.22,1.67,15380.51,20.18,,2031.17,0.00,116.56,,,32.55,0.00,,653.43,-1011.83,256.36,1373.79,17.17,1.16,1243.06,,,,,,,653.43
KNR Construct.,532942,KNRCON,INE634I01029,Construction,Civil Construction,123.42,3471.00,776.57,415.40,144.47,43.90,2444.25,48.81,28.09,-77.24,123.41,106.21,-23.91,56.19,102.72,104.64,0.00,10.16,517.73,-19.92,2673.23,-38.98,-4.04,80.73,341.76,10.39,9.19,-67.02,4.76,-8.95,-149.05,-566.58,144.69,119.92,2.00,39.94,322.52,-5.32,377.29,4915.74,319.44,3723.61,8.18,0.70,587.94,242376.00,242702.00,230986.00,5.43,17.30,28.46,377.29
Kody Technolab,,KODYTECH,INE0Q7P01013,IT - Software,Computers - Software & Consulting,1403.70,2006.37,29.13,2087.50,1008.58,5.16,7.76,69.49,12.28,65.50,7.42,4.64,174.11,,,,0.00,119.71,,,80.28,11.86,52.93,12.28,16.76,16.77,11.39,-4.88,25.27,,-18.96,-7.55,1004.61,,,57.51,4.20,,42.86,200.95,36.25,128.05,67.67,9.32,48.60,2771.00,2938.00,2778.00,0.15,0.17,30.19,42.86
Kokuyo Camlin,523207,KOKUYOCMLN,INE760A01029,Household Products,Stationary,79.93,801.73,58.61,230.89,90.13,37.77,36.76,74.99,7.30,-27.44,10.06,2.88,153.47,7.92,3.98,7.86,0.00,36.41,185.59,6.43,807.76,6.22,0.79,7.30,22.02,10.21,7.95,6576.47,3.19,2.02,39.82,54.54,90.23,13.78,0.79,41.67,7.74,5.42,11.82,311.95,10.63,287.25,15.17,2.49,229.18,31531.00,31957.00,33040.00,0.10,0.00,24.90,11.82
Kolte Patil Dev.,532924,KOLTEPATIL,INE094I01018,Realty,"Residential, Commercial Projects",456.70,4050.02,8.93,585.00,389.48,17.96,1183.42,73.81,146.26,960.86,-16.99,-15.98,1110.75,,4.23,-11.14,0.00,32.57,,720.47,1572.14,7.76,1016.49,146.66,124.35,-0.32,-4.36,49.21,15.95,1.72,217.02,281.90,388.81,,,56.48,439.83,3.97,510.72,1118.21,476.40,6419.07,20.34,3.36,919.54,40601.00,41772.00,48821.00,10.61,3.30,12.28,510.72
Kopran,524280,KOPRAN,INE082A01010,Pharmaceuticals & Biotechnology,Pharmaceuticals,194.55,939.40,62.30,370.45,172.38,11.16,152.69,44.43,6.70,-10.07,7.45,18.87,-64.49,-0.18,9.34,-9.92,0.00,37.59,142.21,20.61,700.20,11.96,13.88,6.70,24.99,6.65,4.91,-28.42,4.35,2.46,66.75,41.94,172.15,7.21,-0.04,51.63,25.86,-1.52,7.22,481.99,0.06,523.18,17.09,1.77,153.99,56925.00,58639.00,60194.00,0.51,0.00,55.06,7.22
Kotak Mah. Bank,500247,KOTAKBANK,INE237A01036,Banks,Private Sector Bank,416.70,414518.83,56644.62,460.38,395.90,8.05,662333.86,25.87,5480.46,22.55,4472.18,5156.24,1.06,6813.32,4924.29,4468.27,0.00,20.70,18228.24,5.99,70887.47,5.68,6.41,5480.46,20029.26,6.98,11.39,4.59,29.86,2.03,41726.51,16915.73,395.69,4523.52,6.85,71.13,41748.35,2.97,51281.74,180231.22,290632.81,142614.17,18.03,2.29,18354.57,784727.00,781448.00,690125.00,25.21,37.71,11.20,51281.74
Kothari Indl,509732,KOTIC,INE972A01020,Consumer Durables,Leather And Leather Products,149.05,1610.06,-57.04,624.95,206.64,76.15,57.66,47.32,-28.90,-1405.21,-1.92,-31.98,9.63,-35.01,-18.54,-6.56,0.00,,82.14,66.44,196.92,75.16,33.78,-28.90,-85.98,-28.92,-35.05,-368.05,-55.11,-18.49,144.87,-123.63,207.22,-25.18,-3.24,45.54,22.08,-0.86,32.55,177.33,97.97,119.97,-24.79,6.96,52.44,52760.00,52742.00,52832.00,0.02,2.05,50.59,32.55
Kothari Petroche,,KOTHARIPET,INE720A01015,Chemicals & Petrochemicals,Petrochemicals,134.40,790.90,106.28,267.42,133.15,22.76,2.24,72.22,17.02,-3.19,17.58,17.80,-4.38,20.49,18.70,18.42,0.00,10.96,138.03,-3.49,577.22,-2.90,-8.82,17.02,72.13,28.60,21.43,12.63,11.62,1.24,80.51,58.77,133.14,22.72,3.48,46.00,16.71,8.88,17.57,313.07,104.37,111.50,7.33,2.12,146.50,39301.00,39808.00,42945.00,0.00,0.10,27.68,17.57
Kovai Medical,523323,KOVAI,INE177F01017,Healthcare Services,Hospital,6122.00,6697.47,472.83,6725.00,5742.87,8.97,402.75,56.53,69.09,20.72,57.23,63.35,9.06,86.30,65.02,58.86,0.00,26.13,451.71,15.23,1643.93,14.97,15.35,69.09,256.32,22.55,20.46,16.29,16.02,1.71,361.83,334.61,5739.06,126.15,78.86,57.46,273.93,6.19,347.21,1308.32,0.52,421.65,13.87,5.08,431.31,19362.00,18864.00,17650.00,1.25,4.24,37.98,347.21
KP Green Engg.,544150,,INE0QVH01025,Electrical Equipment,Heavy Electrical Equipment,256.40,1282.00,249.28,768.85,390.31,59.08,349.44,66.61,77.44,66.47,46.52,58.41,32.81,,,,0.00,9.44,,,1245.57,79.33,65.06,77.44,135.83,36.69,34.75,83.48,10.85,3.39,155.41,19.11,391.66,,,21.00,14.14,-23.66,8.97,432.59,0.01,932.19,6.51,2.80,713.50,9011.00,8704.00,8427.00,0.35,0.13,32.92,8.97
KPI Green Energy,542323,KPIGREEN,INE542W01025,Power,Power Generation,322.00,6365.04,1003.43,745.33,409.82,40.62,5196.95,49.41,85.61,-17.64,103.95,145.29,-39.14,176.01,125.80,116.64,44.74,13.96,851.89,34.30,2786.81,40.01,15.08,94.63,456.01,13.85,17.38,27.27,13.64,3.05,424.07,207.73,410.70,303.46,8.06,32.75,597.47,-21.99,559.15,2935.33,198.96,3344.64,10.50,2.09,693.84,309275.00,311134.00,324889.00,8.16,0.67,41.75,559.15
KPIT Technologi.,542651,KPITTECH,INE04I401011,IT - Software,Computers - Software & Consulting,590.00,16174.48,1304.14,1928.75,814.94,55.60,838.39,38.59,117.18,-31.83,171.90,163.05,-28.57,197.26,133.41,169.09,0.00,25.90,1743.80,9.83,6591.16,9.55,8.85,116.41,624.56,26.26,20.93,-22.64,6.95,1.43,1194.77,1389.53,817.20,305.46,7.20,43.86,1268.08,27.60,1340.82,3268.69,171.63,2847.00,12.43,4.57,1674.99,624641.00,619026.00,636445.00,13.22,23.60,23.95,1340.82
KRBL,530813,KRBL,INE001B01026,Agricultural Food & other Products,Other Agricultural Products,447.40,10240.53,972.48,675.00,363.33,6.60,169.79,60.17,260.74,73.16,150.58,155.38,67.81,230.38,169.97,172.11,0.00,13.51,1496.61,-0.96,6009.37,0.51,-5.59,260.74,758.20,15.16,11.73,40.39,17.43,1.77,932.53,960.75,362.49,256.59,10.07,75.16,462.18,10.74,122.21,5783.60,859.92,5218.25,9.19,1.76,1495.86,85582.00,85873.00,93590.00,7.29,0.70,25.58,122.21
Krishana Phosch.,,KRISHANA,INE506W01020,Fertilizers & Agrochemicals,Fertilizers,205.16,6342.28,314.17,206.13,130.96,0.47,733.46,72.93,47.09,53.99,30.58,83.08,-43.32,100.41,33.32,33.17,0.00,32.25,1016.69,67.26,2554.77,73.44,34.58,47.09,196.66,27.24,38.15,95.27,8.85,-16.01,-191.41,154.30,130.22,138.18,3.25,81.15,27.84,-10.06,42.40,498.90,0.00,1146.41,20.63,11.31,532.31,19162.00,12975.00,13128.00,0.37,0.03,26.67,42.40
Krishival Foods,544416,KRISHIVAL,INE0GGO01015,Food Products,Other Food Products,396.00,1124.66,39.07,482.43,374.51,17.92,36.16,37.23,4.80,12.41,4.27,5.44,0.18,6.93,6.41,5.80,0.00,51.10,103.72,55.57,332.11,49.23,79.64,5.60,22.01,16.21,13.11,52.21,6.29,-18.51,-15.23,46.38,374.29,11.18,2.09,50.32,14.65,-10.08,28.31,169.14,0.58,163.21,26.38,5.27,88.96,2046.00,1927.00,786.00,0.47,3.01,49.78,28.31
Krishna Defence,,KRISHNADEF,INE0J5601015,Aerospace & Defense,Aerospace & Defense,1025.90,1533.49,55.95,1400.00,1057.73,26.72,2.17,59.90,11.67,32.92,8.78,12.30,-5.12,,10.18,6.86,0.00,37.39,,,234.47,29.10,-15.18,11.67,41.01,31.07,23.71,73.10,20.26,8.95,86.05,-10.91,1058.05,,,33.40,22.69,7.50,31.08,175.21,7.01,89.29,25.71,8.06,57.60,18720.00,12910.00,4137.00,1.36,1.32,37.41,31.08
Krishna Institu.,543308,KIMS,INE967H01025,Healthcare Services,Hospital,756.10,31756.69,843.40,858.15,732.45,11.89,4252.90,32.49,41.50,-47.20,78.60,46.48,12.99,71.69,51.90,72.00,10.26,152.27,1277.95,33.02,4212.50,30.90,35.33,37.40,208.56,9.50,11.31,-43.46,3.17,5.36,510.80,581.80,732.21,255.07,1.71,33.36,80.50,-7.95,74.70,2167.40,103.20,922.30,41.21,13.46,1179.50,94730.00,93333.00,108955.00,14.75,34.42,18.32,74.70
KRM Ayurveda,,KRMAYURVED,INE1MTV01019,Pharmaceuticals & Biotechnology,Pharmaceuticals,279.80,594.88,31.12,343.95,230.11,18.65,0.00,69.15,9.08,124.20,4.05,7.81,16.26,,,,0.00,23.65,,,101.69,32.84,31.01,9.08,20.12,35.31,29.04,66.28,28.09,,1.12,-0.03,229.61,,,51.33,2.04,-2.35,9.47,93.45,38.30,94.17,18.81,5.19,32.32,536.00,,,3.86,3.34,23.65,9.47
KRN Heat Exchan,544263,KRN,INE0Q3J01015,Industrial Products,Other Industrial Products,1511.90,9896.67,122.62,1599.20,1081.22,5.46,187.31,65.69,32.90,164.90,12.42,23.36,40.84,41.90,22.66,18.02,0.00,102.09,274.32,80.39,737.10,64.04,118.88,32.90,96.94,16.06,14.26,81.77,13.04,,-113.80,21.44,1076.89,53.83,6.40,68.57,151.16,-21.54,46.44,511.84,0.00,583.13,65.48,16.37,252.32,91234.00,83713.00,82769.00,8.86,8.33,17.13,46.44
Kronox Lab,544187,KRONOX,INE0ATZ01017,Chemicals & Petrochemicals,Specialty Chemicals,195.44,725.16,39.41,228.88,146.73,12.52,1.61,74.21,7.30,16.24,6.28,8.00,-8.75,8.55,6.59,6.68,0.00,25.38,27.67,8.40,105.32,6.07,16.88,7.30,28.57,35.95,26.77,11.60,25.71,2.88,23.89,30.70,146.24,9.16,2.30,62.08,36.68,17.21,48.74,79.02,0.03,78.85,16.61,6.24,28.39,32479.00,33469.00,37569.00,0.04,2.07,23.68,48.74
Kross Ltd,544253,KROSS,INE0O6601022,Auto Components,Auto Components & Equipments,217.72,1404.50,92.28,271.00,193.05,8.37,53.73,68.57,13.31,24.39,10.70,22.45,-40.71,15.43,13.98,8.08,0.00,24.29,161.47,23.34,718.19,17.09,32.28,13.31,57.82,16.44,11.96,13.22,7.22,5.41,27.75,8.64,192.80,19.90,2.39,62.42,84.28,-7.28,23.74,457.51,6.60,357.09,14.81,2.87,184.34,76734.00,77059.00,88233.00,2.51,6.05,22.88,23.74
Krsnaa Diagnost.,543328,KRSNAA,INE08LI01020,Healthcare Services,Healthcare Service Provider,565.55,1834.57,256.02,1099.70,618.03,36.77,531.14,27.11,15.82,-19.12,19.56,43.38,-63.53,18.13,16.49,23.24,0.00,18.54,198.24,8.40,725.99,4.59,19.95,15.82,98.93,12.70,10.89,17.49,7.51,1.62,134.11,89.38,618.56,59.15,5.59,55.22,67.91,-6.87,355.54,975.69,57.50,744.16,7.56,1.85,210.66,53625.00,53022.00,54262.00,4.28,14.51,54.08,355.54
Krystal Integrat,544149,KRYSTAL,INE0QN801017,Commercial Services & Supplies,Diversified Commercial Services,652.45,911.60,102.80,1023.75,596.88,10.59,119.74,69.96,17.41,51.39,11.50,18.85,-7.64,11.64,15.90,13.17,0.00,13.95,293.64,3.61,1314.91,2.83,11.65,17.41,65.33,15.86,13.74,20.60,4.83,4.14,26.46,-32.45,596.32,18.77,8.33,61.23,74.33,-3.68,59.40,485.18,8.14,655.42,9.21,1.83,360.71,21784.00,22566.00,27142.00,1.77,3.76,24.51,59.40
KS Smart Technlogies,516038,,INE737E01011,IT - Services,IT Enabled Services,117.95,1935.21,132.88,290.95,150.80,59.46,202.54,60.95,3.86,,,56.65,-93.28,,17.03,,0.00,25.97,,,1311.92,90.61,,3.80,74.52,,25.25,269.83,1.63,,9.22,12.24,151.13,,,55.72,,,125.73,179.34,0.00,1258.38,15.14,6.56,233.43,3237.00,2551.00,2192.00,8.53,0.02,30.50,125.73
KSB,500249,KSB,INE999A01023,Industrial Products,"Compressors, Pumps & Diesel Engines",796.45,13861.35,450.20,1060.00,828.90,22.55,6.30,69.80,57.20,-18.75,70.40,39.80,43.72,67.68,81.00,67.50,0.00,52.90,676.08,4.08,2725.60,4.63,3.60,57.20,262.04,24.70,18.39,2.04,8.28,10.62,92.58,187.15,829.23,84.16,3.89,38.94,323.47,2.87,283.39,1662.70,96.40,2088.60,32.91,8.17,690.70,51832.00,51144.00,54840.00,4.10,11.78,14.32,176.60
KSE,519421,KSE,INE953E01022,Food Products,Animal Feed,180.23,576.74,124.62,400.01,205.00,36.74,24.87,22.95,0.60,-98.44,38.55,-3.73,125.20,16.30,16.35,32.87,0.00,12.51,453.61,6.13,1718.15,5.14,9.06,0.94,46.09,33.55,25.92,-57.96,0.13,1.05,53.52,142.67,205.25,19.19,5.09,34.68,51.44,14.37,39.58,346.30,150.03,199.90,7.61,1.65,453.67,11592.00,11357.00,7380.00,0.08,0.02,76.96,39.58
KSH Internationa,544664,KSHINTL,INE987S01020,Industrial Products,Cables - Electricals,948.25,6424.93,214.45,1059.90,653.70,10.53,321.14,74.58,42.22,86.16,22.68,34.55,22.27,59.18,23.33,29.59,0.00,49.08,1380.19,93.81,3712.50,80.67,108.38,42.22,130.90,21.46,20.13,64.04,3.63,-34.73,-64.97,-9.46,650.74,86.53,8.73,51.44,11.01,-15.39,84.48,774.22,0.00,889.26,26.44,7.95,1164.24,43075.00,34256.00,,5.71,10.87,8.84,84.48
Ksolves India,543599,KSOLVES,INE0D6I01023,IT - Software,Computers - Software & Consulting,273.40,648.52,47.91,733.82,298.78,22.88,5.70,58.92,8.49,28.25,6.62,9.02,-5.88,12.32,9.08,8.36,0.00,18.56,44.97,14.00,163.17,13.79,6.56,8.49,34.95,127.40,131.53,7.77,21.16,2.02,30.57,34.47,299.03,13.46,5.19,43.35,9.86,82.97,5.99,17.05,1.35,51.80,12.93,22.43,40.13,58234.00,59268.00,61853.00,0.01,0.01,41.06,5.99
Kuantum Papers,532937,KUANTUM,INE529I01021,"Paper, Forest & Jute Products",Paper & Paper Products,72.35,631.35,169.19,225.85,85.59,40.35,869.75,70.31,6.23,-48.34,12.06,14.34,-56.56,10.24,9.78,5.77,0.00,17.48,332.32,18.81,1173.98,11.89,36.26,6.23,36.12,5.24,3.45,-59.44,2.05,0.23,219.16,176.95,85.72,43.99,1.17,32.98,21.44,-1.85,48.48,1219.59,1.00,255.53,8.58,0.51,303.75,21742.00,21570.00,22517.00,0.04,0.00,29.65,48.48
Kusumgar,544821,KUSUMGAR,INE0ISX01025,Textiles & Apparels,Other Textile Products,580.40,6093.70,190.92,659.60,601.47,12.01,289.79,75.01,41.86,882.63,4.26,77.68,-46.11,,,,0.00,48.44,,,675.71,-16.14,93.59,41.86,88.21,18.84,18.57,-18.94,17.30,11.17,35.78,-47.38,601.69,,,44.12,35.87,-2.87,40.87,580.92,127.52,501.06,33.22,,241.91,159563.00,,,1.82,10.03,13.13,40.87
Kwality Pharma,539997,KPL,INE552U01010,Pharmaceuticals & Biotechnology,Pharmaceuticals,3326.10,3451.23,120.39,3744.00,1997.18,11.16,130.46,54.86,25.62,114.75,11.93,25.30,1.22,29.28,16.00,14.12,0.00,42.27,156.50,40.93,553.95,37.94,45.63,25.62,81.64,24.08,22.64,88.02,15.78,6.43,17.06,52.72,1983.83,37.80,28.22,58.59,14.76,1.31,3.59,321.22,0.00,405.68,25.89,10.41,162.35,13279.00,10555.00,10115.00,3.13,0.56,41.45,3.59
Kwality Wall's,544622,KWIL,INE2KCE01013,Food Products,Dairy Products,46.48,10920.90,-0.05,50.68,31.33,8.29,547.90,61.91,40.59,7.95,37.60,-89.40,147.34,,-178.40,-100.16,0.00,,,,1909.13,,16.01,50.70,-231.29,,-1.01,,4.62,,,,31.18,,,73.50,,,5.00,437.30,0.00,542.60,-122.08,16.24,878.30,1051660.00,1093267.00,,3.68,11.02,23.37,14.00
L G Balakrishnan,500250,LGBBROSLTD,INE337A01034,Auto Components,Auto Components & Equipments,1688.90,5386.31,552.21,2096.95,1609.37,19.46,231.13,34.84,63.70,4.74,60.82,69.03,-3.80,104.46,88.45,93.65,0.00,16.84,953.89,21.20,3217.34,20.77,21.57,67.02,319.87,19.63,15.52,12.07,7.97,1.47,331.71,288.36,1608.57,146.12,32.75,74.49,422.09,2.21,264.37,2121.81,140.19,1279.20,9.51,2.50,798.76,36849.00,37259.00,38538.00,6.42,13.46,45.28,264.37
L T Foods,532783,LTFOODS,INE818H01020,Agricultural Food & other Products,Other Agricultural Products,451.30,15671.53,1242.11,518.55,401.20,8.03,1610.05,51.00,183.45,8.87,168.50,135.67,35.22,266.07,157.35,163.85,0.00,24.47,3543.72,28.13,11633.47,28.19,27.92,183.45,640.32,17.74,14.94,3.17,5.82,2.16,910.50,462.50,400.70,388.19,7.66,68.00,144.16,7.91,337.05,4485.71,47.69,6486.49,13.06,3.47,3151.83,187263.00,202282.00,199337.00,8.21,10.84,29.95,337.05
L. T. Elevator,544518,,INE0TJ801010,Industrial Manufacturing,Industrial Products,342.30,655.95,27.60,369.50,220.99,7.36,19.54,56.78,10.57,34.48,7.86,6.45,63.88,,,,0.00,38.54,,,111.13,103.31,74.33,10.57,17.02,30.38,24.68,143.84,16.40,-15.20,-16.99,-4.50,219.77,,,67.30,3.84,-13.88,10.97,73.36,0.00,115.72,24.08,7.09,64.45,1179.00,711.00,,0.00,12.95,30.26,10.97
L&T Finance Ltd,533519,LTF,INE498L01015,Finance,Non Banking Financial Company (NBFC),322.20,80744.80,10971.20,338.60,283.90,4.84,110297.66,65.96,902.47,28.72,701.10,806.63,13.20,1121.53,737.99,734.88,0.00,25.21,5114.92,17.97,18897.97,15.24,22.38,915.99,3202.49,8.40,11.22,20.43,17.57,-1.95,-14189.24,-16587.47,283.51,3148.73,4.41,57.40,10832.92,-7.97,7959.04,25479.14,10563.81,10628.66,15.78,2.88,5212.92,732902.00,748865.00,792374.00,7.71,14.90,11.45,7959.04
L&T Technology,540115,LTTS,INE010V01017,IT - Services,IT Enabled Services,3543.20,37585.40,2181.10,6000.00,3670.02,25.36,578.50,73.52,351.81,17.38,299.72,346.04,7.33,463.18,303.10,329.20,0.00,27.97,3270.10,9.75,11564.70,10.13,11.47,357.10,1344.00,26.71,21.53,9.97,11.98,2.23,1455.10,1481.10,3671.30,578.37,43.60,52.00,1565.80,18.97,1650.50,6451.50,1896.50,5937.80,16.28,5.80,2940.10,247423.00,244820.00,223318.00,4.13,14.05,8.29,1650.50
La Opala RG,526947,LAOPALA,INE059D01020,Consumer Durables,Glass - Consumer,170.17,1888.89,139.27,487.00,195.91,39.13,8.83,66.28,26.20,3.35,25.35,16.17,62.03,26.45,24.00,26.78,0.00,19.98,89.83,-1.18,315.15,-2.82,9.33,26.20,94.53,14.23,10.20,-3.81,36.72,1.65,67.61,112.21,196.16,33.55,2.38,31.75,0.62,9.30,0.72,798.16,592.79,124.62,12.72,2.30,71.36,58757.00,58607.00,61229.00,0.47,18.60,14.64,0.72
Lakshmi Mills,502958,LAKSHMIMIL,INE938C01019,Textiles & Apparels,Other Textile Products,8299.00,577.61,31.56,10059.00,7692.28,9.79,81.29,65.93,3.11,114.12,-22.03,1.93,61.98,2.39,2.04,2.52,0.00,59.12,59.69,1.81,246.49,-2.81,8.44,3.11,9.77,1.96,-2.01,138.19,5.21,1.98,7.93,27.54,7686.18,7.72,34.42,61.11,3.96,-0.13,3.03,705.36,596.13,72.00,18.74,0.81,59.72,5348.00,5275.00,5277.00,0.00,2.44,30.88,3.03
Lalithaa Jewel,544879,LALITHAA,INE0K9O01026,Consumer Durables,"Gems, Jewellery And Watches",244.00,13656.92,1734.55,274.40,248.41,11.08,2045.40,82.85,,,,,,,,,0.00,13.51,,,25039.04,48.18,,,1010.91,37.98,40.20,178.65,,12.76,-401.37,290.12,248.45,,,,74.08,-3.18,38.06,2766.28,103.52,10138.00,9.03,,,412022.00,,,2.61,4.92,9.62,38.06
Landmark Cars,543714,LANDMARK,INE559R01029,Automobiles,Auto Dealer,516.20,2140.42,282.95,905.00,469.31,23.49,876.00,49.93,14.55,110.56,6.91,15.93,-3.19,13.10,14.18,1.51,0.00,45.48,1452.44,19.95,5136.88,20.72,22.67,14.55,47.06,9.26,6.86,155.50,1.12,1.41,267.47,151.99,468.84,75.23,3.16,49.45,41.32,4.55,56.47,563.80,16.34,1106.66,10.14,3.66,1302.36,38178.00,37961.00,42539.00,2.69,20.67,26.72,56.47
Larsen & Toubro,500510,LT,INE018A01030,Construction,Civil Construction,4038.10,555588.48,40912.38,4440.00,3931.11,9.05,125496.59,0.00,4122.85,13.98,3617.19,5281.69,-18.67,5490.44,3824.65,4678.01,0.00,31.53,74328.05,9.33,290137.13,9.78,6.69,4988.03,17619.40,14.57,15.86,13.35,7.34,2.58,16740.97,9151.35,3930.03,9198.28,32.98,51.49,22965.34,4.24,20847.67,109014.67,68376.79,233316.27,15.34,5.08,67941.74,1795249.00,1801254.00,1681491.00,19.13,43.01,37.60,20847.67
Laser Power,544822,LASERPOWER,INE17IR01028,Industrial Products,Cables - Electricals,328.20,4606.89,321.11,343.70,272.90,4.51,871.00,75.30,20.73,3.75,19.98,36.03,-42.46,,,,0.00,41.94,,,2326.10,-9.50,14.84,20.73,109.10,20.51,16.78,5.41,3.97,9.42,-119.05,60.34,272.34,,,62.44,119.94,-0.34,160.30,667.89,2.10,2259.03,16.56,,521.55,178776.00,,,2.09,10.26,12.35,160.30
Latent View,543398,LATENTVIEW,INE0I7C01011,IT - Software,Computers - Software & Consulting,273.70,5663.54,308.99,755.00,336.94,47.11,33.24,65.10,48.13,-5.33,50.84,52.75,-14.44,53.04,50.77,45.73,0.00,28.98,315.85,22.64,1111.05,22.77,21.55,47.11,195.41,15.85,11.90,5.00,16.42,3.81,164.53,130.47,337.58,67.29,2.56,34.83,97.60,7.25,333.78,1734.51,916.95,677.31,16.96,3.23,286.88,216050.00,210677.00,235096.00,2.12,3.60,29.19,333.78
Laurus Labs,540222,LAURUSLABS,INE947Q01028,Pharmaceuticals & Biotechnology,Pharmaceuticals,1887.00,101956.92,1840.14,1898.30,1298.77,0.60,2518.48,27.47,367.60,125.49,163.02,279.14,28.35,383.50,251.88,194.49,2.69,93.25,2018.61,22.08,7269.64,22.62,29.10,362.07,1093.37,17.76,18.30,114.88,17.87,8.50,1623.50,601.65,1292.86,562.53,7.10,70.21,144.21,2.66,113.70,5192.09,309.27,4829.21,49.99,19.22,2026.31,291653.00,292281.00,280223.00,28.00,13.73,30.79,113.70
Laxmi Dental,544339,LAXMIDENTL,INE0WO601020,Healthcare Equipment & Supplies,Medical Equipment & Supplies,196.21,1079.58,51.95,584.00,240.22,47.96,13.01,41.80,10.30,22.77,8.39,10.08,2.18,8.75,1.96,8.53,0.00,31.04,84.09,16.35,286.96,17.10,13.87,10.32,34.78,14.86,14.80,50.43,13.82,7.27,-5.00,43.83,240.67,13.90,1.59,35.73,109.36,0.02,9.54,232.33,27.27,188.72,19.70,4.43,74.70,36937.00,38161.00,27957.00,30.10,10.89,17.21,9.54
Laxmi Goldorna,,LGHL,INE258Y01016,Consumer Durables,"Gems, Jewellery And Watches",176.10,882.13,16.55,399.59,240.42,55.93,108.41,74.97,1.30,-41.44,2.22,-6.31,118.99,1.87,3.10,3.76,0.00,544.52,28.99,16.65,113.11,12.44,30.73,1.17,1.62,10.08,6.06,-84.63,3.47,-6.55,-11.62,-23.53,241.07,5.19,0.37,30.78,0.25,-9.00,0.20,20.57,27.18,170.86,62.36,12.48,37.44,2798.00,2881.00,1660.00,0.11,0.00,24.92,0.20
Laxmi India Fin.,544465,LAXMIINDIA,INE06WU01026,Finance,Non Banking Financial Company (NBFC),126.73,663.98,205.68,180.90,118.46,29.94,1337.31,60.17,16.57,69.43,9.78,20.52,-19.25,23.68,10.06,9.40,0.00,11.74,98.19,29.76,340.84,28.83,34.18,16.57,56.55,12.72,13.76,44.41,17.72,-0.26,-279.99,-311.26,118.38,62.18,4.52,49.44,214.77,-17.25,135.28,439.34,158.91,154.35,8.48,1.42,93.50,29591.00,31555.00,,1.40,5.32,33.12,135.28
Laxmi Organic,543277,LXCHEM,INE576O01020,Chemicals & Petrochemicals,Specialty Chemicals,172.21,4785.97,187.51,628.05,165.26,28.54,543.02,69.34,67.72,216.60,21.39,21.55,214.25,41.30,25.41,11.02,0.00,38.07,821.59,17.41,3122.08,5.47,39.75,67.72,125.70,4.72,4.11,25.01,6.99,1.76,174.90,107.96,165.19,67.33,1.49,46.90,118.26,-5.68,61.33,1930.17,36.95,1227.14,19.64,2.40,968.34,335793.00,340436.00,372641.00,0.69,3.83,26.14,61.33
Le Travenues,544192,IXIGO,INE0HV901016,Leisure Services,"Tour, Travel Related Services",168.26,7421.70,108.90,339.15,194.56,50.39,44.02,0.00,32.50,70.34,19.08,31.96,6.83,5.64,23.95,-3.47,0.00,84.76,332.16,17.48,1267.24,20.87,12.88,34.24,87.56,6.80,5.54,37.20,9.60,8.30,195.73,122.21,194.82,10.59,0.12,36.48,278.96,7.93,449.59,2002.83,545.51,1208.96,54.69,3.60,356.75,76108.00,81179.00,77903.00,61.28,13.00,25.71,449.59
Leap India,544865,LEAPIND,INE00GO01025,Commercial Services & Supplies,Diversified Commercial Services,159.65,7033.16,370.92,171.25,146.10,6.77,1466.78,55.64,,,,,,,,,0.00,133.79,,,729.53,56.39,,,52.57,8.34,8.09,123.51,,,268.27,255.02,145.97,,,,27.14,-4.10,6.89,678.78,106.87,424.26,22.90,,,598600.00,,,15.24,10.01,19.10,6.89
Leela Palaces Hotels,544408,THELEELA,INE0AQ201015,Leisure Services,Hotels & Resorts,552.80,18461.19,811.46,576.00,454.03,4.03,1810.95,75.91,48.80,456.44,8.77,171.77,-71.60,94.24,147.88,74.73,73.65,41.15,375.41,20.85,1604.46,19.10,28.08,48.76,448.62,8.73,8.21,240.90,13.85,,776.71,552.88,453.04,162.40,2.82,67.44,287.99,4.27,285.57,6069.62,645.99,556.42,24.41,2.88,351.96,56090.00,51427.00,90898.00,7.87,11.51,4.71,285.57
Lemon Tree Hotel,541233,LEMONTREE,INE970X01018,Leisure Services,Hotels & Resorts,108.75,8615.68,698.39,180.68,122.54,39.81,2003.65,22.32,46.03,20.09,38.33,92.74,-50.76,82.90,81.83,41.93,0.00,33.67,338.23,10.43,1473.34,10.46,9.13,57.34,255.91,13.95,19.42,18.97,16.64,1.67,541.61,541.58,122.68,152.24,0.84,43.44,80.67,8.22,97.80,600.09,73.39,429.47,14.86,6.19,344.61,422447.00,399213.00,364251.00,19.44,14.35,43.83,97.80
Lenskart Solut.,544600,LENSKART,INE956O01016,Retailing,Speciality Retail,647.15,112559.20,1885.82,673.90,508.05,3.97,3096.60,17.53,221.84,240.31,65.19,200.29,12.18,214.98,132.71,103.45,0.00,170.98,2959.38,41.18,9633.77,37.11,43.27,228.43,658.31,8.08,6.33,77.25,8.42,13.65,1669.59,1230.63,506.65,612.41,1.20,73.04,864.88,5.49,1543.68,8391.23,571.11,5329.39,52.06,12.86,2714.18,135967.00,111973.00,,12.76,23.56,45.73,1543.68
LG Electronics,544576,LGEINDIA,INE324D01010,Consumer Durables,Household Appliances,1675.40,113721.53,2739.41,1755.55,1570.76,4.57,459.16,85.00,652.86,27.20,513.26,692.73,-5.76,546.36,89.67,389.43,0.00,62.32,6721.06,8.86,25575.32,5.59,15.49,652.86,1824.69,32.27,24.69,-10.42,9.03,6.06,1721.25,1653.89,1569.71,677.27,8.05,60.53,3741.47,15.12,4476.27,6986.78,0.00,10758.34,37.26,14.84,7233.35,919561.00,973763.00,,3.13,7.84,4.03,4476.27
LIC Housing Fin.,500253,LICHSGFIN,INE115A01026,Finance,Housing Finance Company,524.40,28845.30,26995.74,827.00,540.05,12.34,277538.95,45.24,1498.85,9.90,1363.89,1492.54,0.43,1802.29,1398.27,1349.37,0.00,5.03,7129.74,-0.69,28562.06,0.23,-1.44,1499.03,5738.66,8.59,14.41,4.34,21.16,-0.17,-8503.83,-16977.97,540.21,6780.61,32.76,55.07,1474.44,-3.49,1348.40,41318.85,5132.13,2537.62,11.26,0.70,7082.59,337873.00,347941.00,364388.00,21.47,21.02,12.27,1348.40
Life Insurance,543526,LICI,INE0J1Y01017,Insurance,Life Insurance,415.30,525354.31,54182.18,611.01,419.91,11.35,0.00,96.50,13584.25,23.98,10957.05,23467.18,-42.11,12898.66,12907.90,10095.92,0.00,8.74,267103.27,10.59,994087.99,10.13,6.76,13584.25,60080.35,35.14,37.82,23.28,5.66,5.08,-26211.48,-9720.57,419.96,12891.35,10.20,49.31,69884.66,-2.58,72013.17,0.00,0.00,0.00,9.83,,239865.70,2152897.00,2111766.00,2277180.00,0.44,0.99,2.06,0.00
Likhitha Infra.,543240,LIKHITHA,INE060901027,Construction,Civil Construction,210.89,831.96,62.46,497.45,219.32,24.41,0.36,70.25,7.34,-47.23,13.91,5.15,42.52,9.28,9.43,11.53,0.00,24.87,83.48,-18.35,419.39,-17.70,-30.51,7.34,33.45,14.04,10.17,-49.47,8.63,6.82,-8.86,1.39,219.41,11.18,2.35,40.82,85.94,-2.03,76.61,393.82,0.68,435.22,13.93,2.01,85.06,49860.00,52883.00,58977.00,0.12,0.00,29.63,76.61
Linc,531241,LINC,INE802B01027,Household Products,Stationary,97.20,578.23,66.04,225.01,108.03,31.06,19.93,61.02,5.10,-30.42,7.33,11.66,-56.26,8.98,7.46,10.16,0.00,16.82,133.93,-1.25,533.42,-0.86,1.01,5.10,34.38,19.21,14.79,-8.61,3.76,1.20,33.33,56.90,108.13,13.24,1.51,42.30,30.73,7.18,19.60,231.45,15.32,180.84,9.18,2.21,135.65,17742.00,18082.00,19654.00,0.93,0.00,38.04,19.60
Lincoln Pharma.,531633,LINCOLN,INE405C01035,Pharmaceuticals & Biotechnology,Pharmaceuticals,612.55,1226.92,131.13,979.50,594.99,20.45,4.42,49.78,36.23,30.89,27.68,11.63,211.52,23.39,28.60,19.98,0.00,12.72,183.49,12.32,694.24,10.20,15.06,36.23,96.44,16.27,12.30,11.67,20.44,1.30,106.36,93.02,594.81,27.66,11.68,52.46,22.43,8.34,32.66,737.60,208.54,583.06,8.34,1.62,177.28,29396.00,28303.00,31784.00,4.60,0.27,45.36,32.66
Linde India,523457,LINDEINDIA,INE473A01011,Chemicals & Petrochemicals,Industrial Gases,6598.50,56272.01,975.82,9935.05,6811.21,18.02,78.92,75.00,103.03,-1.94,105.07,85.20,20.93,185.57,191.59,169.01,0.00,102.53,731.12,13.49,2653.91,10.43,21.59,103.03,548.83,18.23,13.74,24.35,14.84,7.44,785.50,583.60,6813.35,258.56,21.76,39.29,146.71,-6.90,112.15,4142.24,43.00,1051.52,57.30,13.31,694.36,63024.00,63167.00,68796.00,2.03,6.79,16.17,112.15
Lloyds Engineeri,539992,LLOYDSENGG,INE093R01011,Industrial Manufacturing,Industrial Products,88.51,13701.47,226.63,99.78,70.45,11.29,108.57,40.00,63.97,111.96,30.18,46.83,46.76,,66.70,54.35,20.31,61.26,,,1611.28,53.85,142.92,68.23,223.67,16.10,15.10,69.76,12.94,,-252.90,153.22,70.26,,,47.50,126.99,,396.72,1526.90,76.53,1668.76,47.40,7.41,527.15,422937.00,413793.00,436749.00,2.02,0.31,57.60,396.72
Lloyds Enterpris,512463,LLOYDSENT,INE080I01025,Metals & Minerals Trading,Trading - Metals,74.36,11333.26,205.63,88.15,67.84,12.23,798.31,62.72,58.58,-74.50,229.73,39.44,60.51,36.59,37.93,61.84,0.00,99.38,604.50,48.68,1988.42,32.92,70.15,109.98,114.04,3.67,0.33,-59.37,19.53,-12.77,-361.22,144.51,67.77,59.74,0.13,41.27,176.11,-1.48,908.67,3991.55,3515.25,2809.71,30.37,2.68,563.03,70580.00,70709.00,56812.00,0.65,0.11,36.53,908.67
Lloyds Metals,512455,LLOYDSME,INE281B01032,Minerals & Mining,Industrial Minerals,1845.70,103895.74,6408.83,2126.75,1612.30,13.21,20716.36,61.63,1726.59,169.11,641.59,1419.50,13.32,3764.23,1089.56,567.39,3.72,21.80,13217.73,262.00,22083.55,230.21,208.55,1733.89,4765.84,27.29,36.58,210.66,23.58,7.94,2921.32,1206.94,1609.96,4562.83,66.59,40.44,740.87,-14.84,2702.93,13814.61,665.69,9718.84,14.39,7.49,7354.40,126658.00,119530.00,116161.00,1.85,2.18,34.27,2702.93
LMW,500252,LMW,INE269B01029,Industrial Manufacturing,Industrial Products,19204.00,20515.63,277.56,20151.00,15760.64,4.70,0.00,30.80,57.38,369.17,12.23,64.01,-12.83,26.49,14.66,40.92,0.00,112.30,948.10,15.36,3374.00,11.24,24.00,55.52,182.68,5.58,4.05,75.98,6.67,6.86,177.41,29.04,15726.03,60.69,24.80,65.43,1353.16,0.17,1264.47,2855.84,705.63,2321.15,52.11,7.16,860.72,30685.00,31201.00,32140.00,5.45,9.50,54.23,1264.47
Lodha Developers,543287,LODHA,INE670K01029,Realty,"Residential, Commercial Projects",1265.00,126401.74,5322.40,1649.95,1069.19,5.94,9896.00,70.31,1372.10,103.36,674.70,1007.90,36.21,1325.77,957.70,789.80,0.00,30.64,4867.09,28.13,18181.20,26.04,43.10,1373.10,4125.60,16.41,15.48,39.20,27.48,5.17,959.30,1565.60,1067.22,1601.32,13.26,60.32,1741.50,4.56,3586.10,22287.30,1453.70,53889.90,21.13,5.43,4996.70,158746.00,147462.00,99267.00,23.65,3.56,2.46,3586.10
Lohia Corp,544839,LCL,INE0QJW01029,Industrial Manufacturing,Industrial Products,598.20,6319.98,338.85,604.70,503.21,1.07,175.07,68.66,66.61,295.78,16.83,70.30,-7.28,,,,0.00,25.47,,,1717.00,24.70,59.51,66.26,198.32,43.77,44.59,70.76,13.17,,325.16,141.28,502.26,,,70.32,37.13,,29.25,510.99,156.88,746.57,19.08,,503.02,82041.00,,,5.65,17.51,8.16,29.25
Lokesh Mach.,532740,LOKESHMACH,INE397H01017,Industrial Manufacturing,Industrial Products,308.95,673.41,39.30,475.75,259.45,13.76,169.43,49.17,1.01,119.57,0.46,2.15,-53.02,1.94,0.63,0.63,15.33,152.36,60.54,20.04,215.98,1.00,15.42,1.01,4.42,6.37,1.75,7466.67,1.82,3.38,-13.39,20.91,258.96,11.01,0.89,36.53,9.33,-7.81,10.23,208.31,1.49,263.87,20.64,2.71,55.46,21693.00,23308.00,24927.00,0.00,0.00,50.83,10.23
Lords Mark Industries,501261,,INE567L01025,Commercial Services & Supplies,Consulting Services,80.88,3450.52,91.97,669.70,225.37,87.92,282.37,79.84,32.16,107300.00,-0.03,41.22,-21.98,,13.95,-2.42,0.00,40.64,,,882.06,,,32.16,84.91,13.42,11.30,9132.98,11.47,-133.22,-4.34,-4.34,226.82,,,31.25,0.03,-0.46,143.29,611.10,0.00,959.37,25.79,3.32,280.36,3257.00,3210.00,87.00,0.00,0.42,19.74,130.67
Lotus Chocolate,523475,LOTUSCHO,INE026D01011,Food Products,Packaged Foods,625.45,803.08,21.40,2608.65,763.91,51.17,92.54,72.07,0.02,-99.33,2.99,-4.47,100.45,-14.65,0.14,1.44,0.00,,131.46,-18.06,512.80,-13.25,-42.06,0.02,-2.87,9.71,0.17,-121.47,0.02,-6.57,93.23,-129.60,765.30,-10.67,-11.41,41.62,0.00,-17.43,11.91,46.83,0.00,233.56,55.13,13.46,91.95,22230.00,22403.00,22891.00,0.01,0.04,27.88,11.91
LTM,540005,LTM,INE214T01019,IT - Software,Computers - Software & Consulting,4460.00,132293.11,8649.60,7595.25,4632.25,30.64,2310.00,68.49,1466.30,16.92,1254.10,1347.00,5.86,1798.73,959.60,1381.20,0.00,23.58,11983.85,15.29,44075.00,13.87,17.96,1468.60,5609.89,29.60,23.13,18.88,12.65,2.48,4798.80,4545.80,4633.99,2172.23,60.55,49.69,3588.20,16.03,2812.40,23995.40,12567.70,15661.70,14.77,5.50,11608.00,397187.00,375351.00,418455.00,6.31,16.73,8.30,2812.40
Lumax Auto Tech.,532796,LUMAXTECH,INE872H01027,Auto Components,Auto Components & Equipments,1927.80,13139.44,698.56,2110.00,1543.47,8.64,1231.10,55.98,86.64,109.17,41.42,87.80,1.13,129.94,108.06,77.55,0.00,39.63,1528.54,32.19,5207.57,33.28,32.86,98.64,331.56,21.19,26.43,76.83,7.23,4.24,460.16,290.49,1539.61,210.39,16.75,60.24,79.65,6.78,93.59,1196.58,564.69,1729.75,18.43,10.86,1363.62,64759.00,58405.00,42978.00,8.70,16.53,18.79,93.59
Lumax Industries,517206,LUMAXIND,INE162B01018,Auto Components,Auto Components & Equipments,6160.50,5760.07,466.26,6969.90,5182.69,11.61,973.13,75.00,51.08,41.14,36.19,55.59,-5.58,54.92,46.55,35.64,0.00,28.65,1296.43,28.54,4484.87,26.52,32.60,51.08,201.02,17.71,21.97,41.64,4.18,2.47,372.56,211.99,5172.86,120.13,58.75,67.89,10.41,-2.79,26.23,908.16,278.05,1575.91,13.63,6.28,1223.23,24495.00,23690.00,19623.00,1.36,6.70,16.94,26.23
Lumino Inds,,,INE185Q01025,,,,2697.34,287.20,,,,881.71,,,,,,,,,,,16.86,,,2041.07,6.56,,,159.98,18.64,28.02,27.92,,,156.10,-281.39,,,,,227.19,-7.78,227.19,449.23,36.25,1533.40,11.67,,,,,,,,,227.19
Lupin,500257,LUPIN,INE326A01037,Pharmaceuticals & Biotechnology,Pharmaceuticals,2185.00,99905.31,9138.84,2530.00,2253.00,13.64,6616.18,46.85,1415.00,16.08,1219.03,1556.53,-3.52,2316.57,1180.51,1484.83,0.00,16.78,9150.17,29.84,29966.58,28.19,32.04,1416.98,5954.46,29.93,28.68,60.96,17.12,2.46,7334.50,2999.94,2253.68,2896.73,50.59,29.27,3142.33,12.35,5652.90,22356.83,3669.67,20450.25,10.07,4.45,8276.89,300283.00,290411.00,286604.00,22.42,24.65,6.08,5652.90
Lux Industries,539542,LUXIND,INE150G01020,Textiles & Apparels,Garments & Apparels,1207.10,3629.95,204.46,4644.00,1245.58,34.32,584.16,74.19,21.98,-8.11,23.92,40.37,-45.55,32.47,13.32,23.84,0.00,35.04,849.94,9.13,2947.87,11.34,1.78,21.98,103.60,7.84,5.90,-33.35,3.57,-39.23,-152.86,-84.88,1245.96,52.77,10.80,43.25,29.96,-1.79,97.12,1841.69,155.00,2643.32,19.74,1.96,615.25,64430.00,73864.00,76310.00,0.72,4.76,20.33,97.12
M & B Engineer.,544470,MBEL,INE08N601015,Construction,Civil Construction,273.20,1561.63,157.19,535.90,324.53,49.02,83.52,70.61,21.90,22.01,17.95,27.00,-18.89,32.74,25.49,22.20,0.00,16.03,366.53,19.45,1313.17,20.92,22.49,21.90,97.43,22.96,19.41,10.64,7.52,7.78,-30.88,35.59,325.04,39.88,5.73,39.50,84.82,-7.24,278.64,599.95,4.33,938.76,8.58,2.38,291.10,33955.00,33996.00,,0.84,9.64,18.89,278.64
M & M,500520,M&M,INE101A01026,Automobiles,Passenger Cars & Utility Vehicles,3398.20,422575.97,42390.57,3840.00,3268.20,11.51,136935.91,18.44,5642.03,33.80,4216.78,4936.59,14.02,6462.02,5021.47,3963.75,0.02,22.04,58667.98,27.25,211374.90,26.18,27.80,5997.56,19175.84,15.10,20.33,38.11,10.66,14.86,11657.36,3175.81,3266.89,11140.46,47.26,54.02,20614.84,-2.78,31978.58,92537.57,40323.84,126334.75,11.61,4.54,58187.57,989776.00,941478.00,864189.00,34.89,32.58,10.47,31978.58
M & M Fin. Serv.,532720,M&MFIN,INE774D01024,Finance,Non Banking Financial Company (NBFC),385.35,53562.54,13278.29,415.00,333.28,7.14,128370.44,52.49,926.03,75.43,527.87,938.02,-1.38,1145.29,825.60,566.07,0.00,15.98,5721.86,13.84,21732.67,13.56,14.57,927.48,3351.90,8.72,12.26,46.24,16.22,-0.33,-12772.18,-15601.88,332.76,3591.17,8.23,54.57,5847.20,-10.78,7568.12,26360.73,7406.91,9810.89,12.52,2.01,5717.91,241776.00,236252.00,227141.00,9.53,31.48,6.46,7568.12
M B Agro Prod.,,MBAPL,INE900L01028,Fertilizers & Agrochemicals,Fertilizers,167.07,7319.92,242.67,174.94,113.24,4.50,855.91,74.76,32.96,16.84,28.21,59.76,-44.85,61.40,31.76,30.46,0.00,47.24,660.58,46.73,1873.59,47.70,1.61,32.96,154.94,19.34,31.33,108.81,7.92,-114.96,-127.38,96.21,112.70,90.83,1.40,63.16,11.88,-15.45,24.82,462.07,0.00,910.71,32.00,13.32,416.30,12260.00,12758.00,11822.00,0.67,0.01,24.57,24.82
M M Forgings,522241,MMFL,INE227C01017,Auto Components,Auto Components & Equipments,628.50,3034.50,295.59,729.80,472.66,8.93,1235.32,56.33,34.17,78.06,19.19,44.78,102.10,31.95,17.57,16.57,0.00,26.97,435.86,13.23,1648.71,9.58,16.27,90.42,112.50,8.97,10.49,1.42,8.13,1.40,227.63,181.62,471.10,76.75,6.62,56.58,217.94,-4.41,225.49,926.94,9.84,1019.75,13.25,3.11,420.48,29930.00,30828.00,35742.00,2.44,7.49,33.73,225.49
M R P L,500109,MRPL,INE103A01014,Petroleum Products,Refineries & Marketing,173.61,30426.87,6536.22,289.25,163.43,19.23,15341.03,88.58,587.53,317.07,-270.66,116.99,708.34,1451.37,1450.89,627.36,0.00,10.93,36886.57,62.86,109564.10,23.40,120.41,945.68,2782.77,18.03,14.48,1067.35,1.54,0.55,2531.20,1877.90,163.33,2247.97,8.28,53.00,31.39,9.04,610.60,12444.20,49.61,21750.00,5.91,2.14,38254.19,481301.00,466296.00,521003.00,2.17,0.39,8.86,610.60
M T N L,500108,MTNL,INE153A01019,Telecom - Services,Telecom - Cellular & Fixed line services,26.79,1687.77,444.44,228.85,31.83,42.31,35444.57,56.25,-842.36,10.69,-943.15,-306.95,-174.43,-943.95,-896.94,-960.21,0.00,,224.37,18.24,987.76,1.25,25.94,-842.36,-3006.46,-2.25,,14.04,-388.38,0.48,176.43,339.84,31.88,-60.04,-14.98,42.80,209.92,5.64,775.89,-30589.74,4.55,5678.63,68.53,,216.89,366221.00,374944.00,414395.00,0.40,13.43,29.92,775.89
M.V.K. Agro,,MVKAGRO,INE0SGC01015,Agricultural Food & other Products,Sugar,168.05,848.72,76.35,819.00,422.71,79.48,301.85,59.82,6.38,84.93,3.45,30.60,-79.15,,10.19,2.40,0.00,17.12,,,353.62,113.64,105.94,6.38,49.57,14.37,17.26,394.49,9.73,,-20.32,51.14,425.27,,,19.35,51.06,-29.71,64.48,399.88,0.08,322.77,13.34,1.88,65.55,2051.00,1999.00,3113.00,0.04,0.37,39.78,64.48
Maan Aluminium,532906,MAANALU,INE215I01027,Non - Ferrous Metals,Aluminium,118.98,713.70,30.60,259.50,130.26,36.17,54.79,55.82,3.10,13.55,2.73,1.70,82.35,3.15,2.83,5.77,0.00,53.26,195.81,2.47,829.38,-1.80,9.79,3.10,13.40,7.73,5.75,-9.76,1.34,2.98,17.90,0.19,130.37,5.81,0.53,45.33,0.40,-4.14,38.44,244.76,8.54,222.19,23.74,2.60,231.86,30389.00,29626.00,32353.00,0.00,1.71,42.46,38.44
Mac Charles(I),507836,MCCHRLS-B,INE435D01014,Leisure Services,Hotels & Resorts,670.00,877.70,86.31,914.00,667.88,16.11,1507.57,73.78,-19.41,7.26,-20.93,-15.34,-26.53,,-63.45,-16.56,0.00,,,771.13,120.73,305.27,47.84,-19.41,-58.20,4.96,-143.05,43.94,-60.22,-1.52,-64.96,-112.92,667.86,,,44.24,83.83,-16.97,156.79,-23.60,46.81,426.13,21.18,,32.23,7399.00,7470.00,7615.00,0.00,0.02,26.19,156.79
Macfos,543787,,INE0OLH01013,Retailing,E-Retail/ E-Commerce,1095.00,1134.26,41.23,1389.27,975.22,16.73,35.97,69.12,5.82,17.10,4.97,9.97,-41.62,9.36,5.63,5.12,0.00,42.74,101.45,48.15,330.82,28.51,37.24,5.82,26.54,34.18,30.80,40.42,7.16,-19.41,-8.00,-24.59,974.02,11.14,9.03,40.99,0.50,-11.39,1.82,85.61,0.03,133.41,27.81,11.82,81.34,2626.00,2452.00,2200.00,0.20,6.09,24.60,1.82
Macpower CNC,,MACPOWER,INE155Z01011,Industrial Manufacturing,Industrial Products,1850.60,1851.37,54.25,2050.00,1190.52,9.73,0.68,73.22,9.58,110.09,4.56,10.15,-5.62,16.74,9.79,9.38,0.00,47.59,120.44,40.53,367.39,34.80,56.05,9.58,38.90,29.11,21.30,46.90,10.06,20.67,14.03,6.98,1183.88,19.94,16.73,62.02,6.58,0.11,6.62,165.24,0.00,203.27,29.83,10.56,95.24,16120.00,15968.00,16979.00,0.57,0.39,25.82,6.62
Madras Fertilize,590134,MADRASFERT,INE414A01015,Fertilizers & Agrochemicals,Fertilizers,69.71,1123.04,183.08,134.00,71.31,27.68,634.24,85.27,34.59,-21.49,44.06,27.95,65.58,3.32,2.52,12.95,0.00,14.40,572.45,12.16,2442.28,-4.53,21.12,34.59,78.01,14.82,291.64,15.01,4.25,0.67,5.29,116.22,71.33,22.20,0.21,65.40,666.07,6.55,655.92,-70.17,574.65,1489.08,6.45,12.21,814.01,57972.00,58480.00,61571.00,0.02,0.05,14.67,655.92
Mafatlal Inds.,500264,MAFATIND,INE270B01035,Textiles & Apparels,Other Textile Products,120.09,866.80,122.24,220.95,135.22,41.39,63.57,69.30,14.68,-67.88,45.71,17.96,-18.17,15.73,4.05,21.52,0.00,14.45,1190.06,15.57,3573.44,-0.62,-24.00,14.68,59.97,12.79,12.13,-49.75,1.56,1.59,140.64,-83.86,135.37,23.68,2.18,32.52,162.29,7.92,258.52,757.12,389.49,1158.63,6.64,1.12,942.65,60676.00,61449.00,55097.00,0.34,0.12,30.25,258.52
Magadh Sugar,540650,MAGADSUGAR,INE347W01011,Agricultural Food & other Products,Sugar,577.10,813.23,150.41,1010.00,508.98,9.12,691.23,61.02,-12.22,-5654.55,0.22,47.99,-125.17,-0.26,25.09,-10.35,0.00,15.75,301.35,-7.11,1222.04,-5.70,-6.76,-12.22,51.63,7.75,7.39,-47.45,-3.94,0.56,148.41,139.36,508.29,17.12,-0.18,59.41,1.19,0.80,1.49,866.10,0.01,683.29,11.31,0.92,310.54,12561.00,12215.00,11996.00,0.06,0.01,38.92,1.49
Magellanic Cloud,538891,MCLOUD,INE613C01026,IT - Software,Computers - Software & Consulting,28.87,1700.64,224.29,143.20,34.36,66.82,291.89,54.04,23.71,-14.56,27.75,29.49,-21.70,36.15,28.63,27.62,46.76,15.24,191.43,16.41,714.20,13.54,9.95,23.70,111.61,19.79,19.19,7.60,13.15,1.43,92.02,143.04,34.42,57.51,0.61,49.61,53.34,2.53,58.19,568.52,47.36,551.60,8.81,2.48,180.28,106404.00,106611.00,38685.00,0.21,0.02,45.72,58.19
Magna Electrocas,517449,,INE437D01010,Industrial Products,Castings & Forgings,1284.15,543.47,34.99,1470.00,1090.75,12.64,14.88,53.66,3.73,-43.99,6.66,2.66,40.23,5.66,3.75,5.41,0.00,34.95,55.99,7.00,198.73,8.71,4.72,3.73,15.55,17.40,13.42,-32.57,7.34,2.51,21.28,39.60,1088.80,8.90,13.37,49.74,12.53,-1.63,15.85,140.77,1.44,85.45,16.58,3.75,50.81,5046.00,5330.00,5122.00,0.00,0.02,46.32,15.85
Mah. Scooters,500266,MAHSCOOTER,INE288A01013,Finance,Investment Company,13662.00,15613.71,309.04,18538.00,13149.98,26.30,0.00,51.00,3.32,-90.61,35.36,4.01,-17.21,364.50,4.12,267.07,0.00,56.06,406.06,49.83,288.90,41.01,-81.52,3.32,278.52,1.06,1.06,43.69,61.37,6.51,267.05,158.76,13144.84,365.39,318.94,58.84,8.05,0.79,7.58,27623.36,30758.86,32.14,54.69,0.57,5.41,24766.00,23919.00,25089.00,6.18,3.85,38.96,7.58
Mah. Seamless,500265,MAHSEAMLES,INE271B01025,Industrial Products,Iron & Steel Products,636.55,8529.24,1055.20,1099.05,603.07,7.75,13.36,70.28,266.40,15.67,230.32,104.29,159.04,118.41,242.65,125.23,0.00,11.54,1039.18,-10.31,4620.27,-12.21,-4.72,266.40,738.81,14.29,10.65,-15.90,24.41,1.06,933.24,609.62,602.73,145.53,8.84,66.82,43.94,11.90,79.22,6809.45,3821.08,5557.84,7.81,1.24,1091.20,83466.00,88783.00,93504.00,9.72,3.84,16.17,79.22
Mahamaya Steel,513554,MAHASTEEL,INE451L01014,Industrial Products,Iron & Steel Products,1235.50,2030.47,26.10,1239.00,819.57,0.28,58.04,72.81,2.13,67.72,1.27,4.07,-47.67,2.56,1.91,1.88,0.00,204.07,226.26,19.99,943.43,18.26,29.26,2.13,9.95,8.40,5.91,28.39,0.80,10.61,7.67,8.85,815.39,5.69,1.56,77.91,0.76,0.31,0.12,142.31,28.24,136.61,77.55,12.79,267.63,6185.00,6503.00,6868.00,0.00,0.00,27.19,0.12
Mahanagar Gas,539957,MGL,INE002S01010,Gas,LPG/CNG/PNG/LNG Supplier,1115.30,11016.69,1499.80,1988.55,1142.56,19.06,218.73,32.50,193.70,-39.39,319.56,131.92,46.83,231.67,201.97,193.37,0.00,15.28,2294.38,11.96,8530.54,12.43,13.95,193.70,720.96,17.14,12.32,-32.87,8.17,0.73,1147.45,1419.61,1142.83,351.77,23.45,48.98,332.83,5.92,113.62,6335.48,1169.30,794.86,7.88,1.71,2371.71,178033.00,184373.00,166589.00,23.21,22.53,11.75,113.62
Mahindra Holiday,533088,MHRIL,INE998I01010,Leisure Services,Hotels & Resorts,218.19,4408.66,752.68,505.00,260.56,42.56,3829.42,66.73,-8.66,-210.04,7.87,41.56,-120.61,-8.17,1.40,16.93,0.00,94.22,762.26,6.26,3023.14,6.85,4.48,-8.55,46.79,8.12,9.90,-63.89,-1.17,0.60,530.76,621.46,260.99,145.68,-0.40,41.16,271.22,5.87,101.86,576.20,694.56,3090.20,11.10,5.67,732.81,96220.00,93818.00,88115.00,4.01,11.00,18.07,101.86
Mahindra Life.,532313,MAHLIFE,INE813A01018,Realty,"Residential, Commercial Projects",371.25,7921.50,315.22,623.98,363.71,13.33,662.28,52.41,85.53,66.92,51.24,90.11,-5.07,,108.88,47.91,0.00,25.50,,,2108.47,875.69,2909.48,85.55,310.69,7.64,9.91,211.28,8.89,-1.63,-544.93,-542.09,363.63,,,41.68,256.21,-15.70,534.61,3413.53,1269.00,6534.61,21.08,2.18,962.13,127821.00,117689.00,118204.00,7.38,22.77,17.44,534.61
Mahindra Logis.,540768,MAHLOG,INE766P01016,Transport Services,Logistics Solution Provider,399.40,3965.14,394.60,749.24,372.08,11.42,649.75,59.58,25.39,335.09,-10.80,20.19,24.46,18.63,6.01,-8.36,0.00,100.63,2000.64,18.71,7377.59,16.93,23.29,27.83,39.40,7.36,0.32,205.56,1.39,1.40,253.61,343.17,371.81,110.29,1.71,47.25,75.97,9.46,199.55,1075.56,124.88,1514.75,10.10,3.37,2002.88,75213.00,75954.00,79055.00,4.09,14.44,21.90,199.55
Maithan Alloys,590078,MAITHANALL,INE683C01011,Ferrous Metals,Ferro & Silica Manganese,1005.25,2926.44,671.19,1595.90,1005.78,16.93,237.20,74.96,393.04,-26.69,536.14,-70.44,659.88,48.08,92.74,-119.02,0.00,10.07,501.35,2.15,2079.81,0.82,-14.67,395.72,290.55,14.83,10.99,-59.07,73.35,1.40,-9.86,49.77,1005.79,62.95,16.40,56.54,58.89,-3.50,106.81,4116.85,2840.36,3331.35,6.57,0.71,539.53,40301.00,40534.00,39501.00,1.06,0.02,23.96,106.81
Mallcom (India),539400,MALLCOM,INE389C01015,Industrial Products,Other Industrial Products,979.75,611.36,61.14,1785.00,1086.85,35.94,120.30,73.68,6.57,-33.30,9.85,6.30,4.29,9.16,10.15,3.74,0.00,22.85,141.95,1.87,526.72,3.93,-10.57,6.57,26.76,11.44,9.74,-29.45,6.00,2.50,34.90,1.70,1087.92,14.67,14.68,46.65,6.24,-5.35,3.95,312.13,6.02,283.01,12.73,1.92,109.49,8598.00,8815.00,9701.00,0.01,0.26,26.05,3.95
Mamata Machinery,544318,MAMATA,INE0TO701015,Industrial Manufacturing,Industrial Products,410.15,1009.29,27.60,649.00,407.53,20.42,8.34,62.45,-3.47,-230.94,2.65,2.04,-34800.00,-0.30,7.87,4.53,0.00,92.00,45.53,-14.69,230.62,-13.28,-6.16,-3.47,10.97,12.60,9.64,-74.60,-9.56,2.39,2.44,72.12,407.50,0.91,-0.12,50.74,67.81,18.94,23.20,160.46,0.37,155.23,49.30,5.45,36.28,54773.00,58374.00,63063.00,0.35,1.75,35.46,23.20
Man Industries,513269,MANINDS,INE993A01026,Industrial Products,Iron & Steel Products,703.10,5273.92,467.89,735.00,495.45,4.34,627.98,43.21,61.43,122.41,27.62,50.85,20.81,66.71,55.04,36.98,20.05,25.81,985.12,18.11,3874.90,10.75,41.91,61.43,204.30,16.21,9.23,26.31,5.83,1.68,514.91,67.99,493.36,137.74,8.89,74.31,379.18,4.40,657.21,2049.04,70.77,3533.09,9.70,2.53,1053.13,49144.00,50913.00,59257.00,2.87,1.43,52.48,657.21
Man Infra,533169,MANINFRA,INE949H01023,Realty,"Residential, Commercial Projects",114.51,4622.39,294.29,262.80,117.05,36.29,63.98,62.52,71.64,28.92,55.57,42.83,52.84,25.64,51.62,60.01,0.00,21.34,130.50,-12.27,665.88,-29.86,19.36,62.74,216.65,13.24,9.16,-16.93,28.74,1.43,-49.70,132.99,117.08,33.68,0.64,62.45,422.89,10.25,435.32,2185.70,530.07,2136.47,13.49,2.04,218.31,87961.00,87242.00,94504.00,1.92,1.13,34.42,435.32
Manaksia Coated,539046,MANAKCOAT,INE830Q01018,Industrial Products,Iron & Steel Products,124.54,1328.02,85.01,182.82,118.02,31.88,129.72,57.78,14.10,0.64,14.01,5.37,162.57,14.47,7.35,13.96,0.00,32.57,233.61,6.03,896.83,7.07,4.94,14.10,40.78,17.83,11.03,59.61,5.38,15.96,-13.78,29.98,117.95,24.05,1.36,57.28,25.06,-0.82,33.90,338.37,0.00,555.87,15.36,3.78,262.14,27944.00,27995.00,26463.00,0.22,0.59,41.42,33.90
Manaksia Steels,539044,MANAKSTEEL,INE824Q01011,Ferrous Metals,Iron & Steel,87.02,570.28,76.57,107.10,68.52,3.27,151.39,74.75,22.38,252.44,6.35,18.71,19.62,24.38,9.10,4.01,0.00,10.52,426.17,74.81,1154.43,83.58,50.37,22.38,54.20,13.42,11.83,244.56,7.41,4.30,62.07,13.18,68.33,33.45,3.72,61.89,28.36,-7.74,3.15,332.40,109.78,372.87,7.16,1.68,302.22,26898.00,27638.00,30358.00,0.00,0.00,24.61,3.15
Manali Petrochem,500268,MANALIPETC,INE201A01024,Chemicals & Petrochemicals,Petrochemicals,74.26,1277.27,129.50,149.65,62.15,5.67,137.00,44.87,64.36,348.81,14.34,14.52,121.63,35.44,68.43,18.15,0.00,10.75,300.26,21.05,1062.44,19.19,17.07,64.36,118.85,7.24,5.97,262.35,23.43,0.80,116.31,-18.99,62.03,48.47,2.06,63.57,332.79,-0.53,605.31,1195.43,6.25,954.89,4.14,1.00,274.72,146235.00,148876.00,159926.00,0.38,0.01,54.75,605.31
Manappuram Fin.,531213,MANAPPURAM,INE522D01027,Finance,Non Banking Financial Company (NBFC),365.40,34323.34,5355.25,381.55,307.97,4.23,57836.61,41.66,584.58,322.45,138.38,403.96,44.46,293.20,238.56,217.31,0.00,23.68,2635.27,15.92,10275.49,4.68,34.11,584.77,1449.48,8.25,6.97,81.21,19.27,-0.50,-20237.74,-466.57,307.39,1642.36,3.12,59.48,3807.69,-13.44,6148.86,15862.88,2051.25,7962.18,13.30,2.14,3034.16,526798.00,554109.00,599501.00,22.30,14.85,21.20,6148.86
Manba Finance,544262,MANBA,INE939X01013,Finance,Non Banking Financial Company (NBFC),131.82,662.26,218.15,201.50,128.29,14.95,1555.60,74.98,13.26,36.00,9.75,11.13,19.14,24.04,13.08,11.40,0.00,13.55,104.72,34.92,353.66,31.73,38.21,13.26,48.87,12.49,11.65,15.34,14.32,-0.28,-378.08,-323.56,128.25,69.05,4.78,49.41,239.84,-16.54,267.10,359.52,93.84,301.29,8.36,1.62,92.60,17898.00,18491.00,22312.00,0.92,0.00,24.09,267.10
Mangal Electrica,544492,MEIL,INE0PKD01011,Electrical Equipment,Other Electrical Equipment,297.65,822.41,75.16,573.95,327.40,48.14,45.43,74.79,7.52,101.61,3.73,12.75,-41.02,17.80,13.39,13.30,0.00,17.51,188.65,22.24,615.85,17.36,40.34,7.52,46.96,14.62,11.31,3.03,5.98,-10.62,-101.35,-30.09,327.70,21.45,6.44,62.97,0.44,-10.88,90.92,562.74,0.00,560.79,9.91,1.39,125.83,54834.00,55719.00,,1.28,4.30,19.65,90.92
Mangalam Cement,502157,MANGLMCEM,INE347A01017,Cement & Cement Products,Cement & Cement Products,1057.70,2908.39,264.72,1095.65,867.19,2.51,888.49,40.01,18.07,-43.99,32.26,79.75,-72.30,7.12,11.35,20.11,0.00,22.37,393.49,-0.35,1761.89,0.56,0.77,18.07,130.03,10.99,16.30,115.78,3.97,1.47,93.97,187.63,865.27,43.92,2.59,72.53,167.17,-1.32,162.07,949.80,75.77,649.57,15.21,2.98,455.22,29390.00,30066.00,31516.00,5.53,6.17,48.30,162.07
Mangalam World.,544764,MWL,INE0JYY01029,Metals & Minerals Trading,Trading - Metals,39.88,1184.46,98.19,43.94,32.04,9.24,236.14,66.50,11.91,17.69,10.12,15.37,-21.80,11.87,14.09,10.55,22.85,22.83,353.73,11.55,1248.47,12.75,14.68,12.02,51.89,17.70,18.03,63.43,3.80,-3.58,24.25,-86.70,31.96,28.85,0.40,50.18,5.91,-7.60,6.44,269.99,29.59,783.78,13.11,3.95,316.22,2824.00,1683.00,1096.00,0.26,0.00,33.24,6.44
Manipal Health,544847,MANIPALHOS,INE459N01021,Healthcare Services,Hospital,795.00,104572.49,2740.18,801.45,673.99,0.80,12863.06,72.08,243.02,-7.86,263.75,182.97,30.50,,,,0.00,118.10,,,10335.75,25.40,38.12,243.43,906.18,12.10,12.70,-10.08,8.26,5.98,2078.40,1569.83,672.78,,,79.67,330.29,5.25,323.21,8190.14,2675.19,1716.65,42.74,,3090.63,338074.00,,,3.66,5.20,18.81,323.21
Mankind Pharma,543904,MANKIND,INE634S01028,Pharmaceuticals & Biotechnology,Pharmaceuticals,2393.70,98858.85,3995.17,3054.80,2360.21,10.48,6311.54,72.63,568.06,29.60,438.32,570.58,2.62,696.20,413.88,520.18,0.00,46.36,4181.80,13.11,14737.88,14.16,12.89,574.09,2132.35,13.53,13.14,12.65,14.24,3.79,3121.29,2413.38,2359.87,1077.63,16.68,43.16,554.50,8.78,482.77,16259.06,1985.18,5416.89,25.15,6.06,4030.59,166715.00,177606.00,179549.00,9.45,15.39,2.53,482.77
Manoj Vaibhav,543995,MVGJL,INE0KNT01012,Consumer Durables,"Gems, Jewellery And Watches",155.19,758.06,200.44,382.20,169.10,27.75,491.04,74.28,24.76,20.25,20.59,28.16,-2.10,48.50,34.50,31.73,0.00,6.30,929.58,22.99,2909.00,21.52,30.05,27.57,120.26,15.63,14.95,21.18,3.47,3.12,26.26,-66.67,169.24,62.45,9.93,47.76,29.76,0.04,108.60,784.51,0.00,1770.27,5.49,0.91,713.91,28221.00,29022.00,30871.00,0.64,1.02,24.06,108.60
Manorama Indust.,541974,MANORAMA,INE00VM01036,Food Products,Other Food Products,1896.90,11973.69,379.07,2043.00,1482.12,7.15,355.47,54.32,81.59,61.31,50.58,59.52,37.08,116.97,68.24,54.88,0.00,45.32,502.98,55.57,1472.11,58.81,39.51,81.59,264.23,35.45,40.32,77.23,20.20,65.56,259.37,-58.73,1477.95,136.09,18.53,65.30,96.18,-2.58,91.36,682.92,10.28,925.14,29.12,16.30,403.96,33841.00,36335.00,24617.00,3.22,2.63,39.83,91.36
Maple Inf. Trust,543925,,INE0M5S23019,Transport Infrastructure,"Road AssetsToll, Annuity, Hybrid-Annuity",142.90,9836.63,983.82,145.60,124.61,1.85,7358.37,,-54.45,-260.12,-15.12,-37.88,-43.74,-34.17,-45.75,-19.34,0.00,,585.90,168.30,2032.22,131.26,172.37,-54.45,-157.42,5.36,-3.14,-73.16,-8.26,2.03,850.57,527.72,124.43,368.73,-0.72,70.12,752.17,5.89,1093.39,-800.58,0.00,1225.18,13.37,1.51,659.51,,,,,,,1093.39
Marathon Nextgen,503101,MARATHON,INE182D01020,Realty,"Residential, Commercial Projects",419.45,2828.96,263.56,774.55,456.14,38.80,99.38,56.42,50.23,-16.12,59.88,44.70,15.18,35.72,32.73,66.54,0.00,14.52,133.83,14.53,552.80,-1.06,40.26,52.43,194.82,12.50,11.82,-7.00,26.55,3.39,-54.16,-25.31,456.50,36.89,5.07,61.15,91.80,-1.04,134.71,2241.13,398.86,1635.40,11.16,1.24,197.50,14230.00,14399.00,11069.00,4.68,14.71,24.20,134.71
Marico,531642,MARICO,INE196A01026,Agricultural Food & other Products,Edible Oil,833.00,108155.71,2524.00,889.95,795.63,6.40,557.00,58.92,630.00,25.00,504.00,391.00,59.80,682.89,460.00,432.00,2.03,57.29,4310.91,23.81,14277.00,25.14,22.85,652.00,1888.00,47.05,42.82,13.12,16.48,5.95,2084.00,1363.00,795.26,769.83,5.08,40.14,777.00,28.68,493.00,4080.00,2083.00,3912.00,40.26,25.69,3957.00,293560.00,287764.00,288218.00,23.40,12.87,4.49,493.00
Marine Electric.,,MARINE,INE01JE01028,Industrial Manufacturing,Industrial Products,375.55,5255.61,110.75,395.00,245.91,4.92,88.60,68.20,17.27,48.75,11.61,19.48,-5.71,21.22,11.83,16.62,0.00,80.84,287.97,29.57,969.12,21.81,55.20,17.51,65.02,18.22,13.22,51.55,6.76,27.30,-16.06,55.44,244.60,31.88,1.50,71.76,55.31,-2.50,148.09,464.92,3.49,756.20,42.88,10.66,259.16,86580.00,89030.00,96332.00,1.12,0.41,30.27,148.09
Marksans Pharma,524404,MARKSANS,INE750C01026,Pharmaceuticals & Biotechnology,Pharmaceuticals,331.05,15001.99,682.16,358.70,230.23,4.24,343.38,43.87,157.17,169.50,58.32,148.13,6.97,165.85,113.69,99.14,0.00,29.03,895.35,24.28,3171.75,19.59,35.62,159.41,516.75,18.80,15.17,47.58,18.96,4.87,458.13,206.66,229.21,201.82,3.61,69.22,704.21,4.15,989.65,2977.84,0.00,2722.74,17.59,4.96,840.80,246635.00,246279.00,256221.00,17.47,6.19,32.46,989.65
Marsons,517467,MARSONS,INE415B01044,Electrical Equipment,Heavy Electrical Equipment,123.58,2126.81,44.34,356.00,136.72,38.23,0.70,53.65,5.93,-26.15,8.03,22.59,-73.74,11.82,6.48,9.20,0.00,48.12,81.50,36.28,247.26,33.29,4.74,5.93,44.20,25.39,27.23,43.23,12.04,-22.88,1.60,-35.03,136.85,12.49,0.69,69.27,1.26,-8.02,10.99,200.34,0.00,193.03,48.09,9.78,49.26,30677.00,27035.00,30542.00,0.13,0.17,46.05,10.99
Maruti Suzuki,532500,MARUTI,INE585B01010,Automobiles,Passenger Cars & Utility Vehicles,13520.00,425072.28,25951.20,17371.60,13925.42,22.17,102.50,58.65,3446.90,-9.11,3792.40,3659.00,-5.80,3729.77,3879.10,3349.00,0.00,29.65,55144.00,30.23,197180.60,26.61,35.91,3446.90,14334.00,18.87,14.26,-1.37,6.57,2.69,19099.90,16180.00,13929.49,5762.62,118.63,40.36,552.90,7.20,1580.00,106999.10,76838.50,23533.00,16.39,3.97,52469.80,411238.00,400860.00,367608.00,12.82,25.09,3.35,1580.00
MAS FINANC SER,540749,MASFIN,INE348L01012,Finance,Non Banking Financial Company (NBFC),297.25,5393.70,1430.06,423.34,310.81,17.17,10317.63,66.66,108.46,26.78,85.55,103.12,5.43,176.70,93.32,91.43,0.00,13.57,588.32,22.51,2091.91,23.12,20.70,110.15,397.54,11.30,13.42,22.62,19.58,-0.33,-1786.77,-1123.17,310.95,414.08,9.59,41.36,1141.41,-11.70,1004.02,2792.62,972.31,1438.10,9.97,1.81,562.46,39685.00,40107.00,46496.00,3.69,19.68,9.97,1004.02
Mastek,523704,MASTEK,INE759A01021,IT - Software,Computers - Software & Consulting,1644.50,5098.35,655.97,3669.00,1834.01,37.09,438.26,35.77,105.88,15.02,92.05,122.50,-0.25,129.98,108.35,97.45,0.00,11.62,995.73,5.89,3769.30,5.97,7.71,105.88,438.65,18.02,15.57,11.97,10.75,1.17,541.69,395.14,1835.92,156.03,41.93,34.66,461.47,13.20,705.14,2976.35,233.96,2114.34,7.20,1.70,985.25,90431.00,88918.00,98013.00,7.45,19.86,36.94,705.14
Master Trust,511768,MASTERTR,INE677D01037,Capital Markets,Stockbroking & Allied,84.96,1045.14,236.17,207.00,93.68,48.59,227.87,71.93,34.65,27.81,27.11,36.06,-3.91,49.42,31.52,31.40,16.95,7.82,151.56,19.47,593.98,6.98,13.77,34.65,133.63,23.85,17.33,8.03,23.13,0.47,311.18,-37.08,93.77,65.20,4.02,57.85,1470.75,24.70,1824.50,804.56,33.41,2155.33,-2.24,1.28,149.79,15147.00,12747.00,10176.00,0.03,0.00,28.04,1824.50
Matrimony.com,540704,MATRIMONY,INE866R01028,Retailing,Internet & Catalogue Retail,515.05,1064.78,74.94,1242.00,466.98,10.26,49.35,58.43,19.08,127.14,8.40,9.71,96.50,9.64,8.30,7.76,22.35,23.74,123.94,8.16,475.17,5.46,13.16,19.08,44.85,17.41,15.25,12.94,14.62,1.30,75.42,56.86,466.49,17.81,4.66,58.52,64.38,18.19,8.43,196.13,195.01,146.68,12.44,5.16,130.51,20396.00,21157.00,20588.00,19.20,5.17,17.20,8.43
Mawana Sugars,523371,MAWANASUG,INE636A01039,Agricultural Food & other Products,Sugar,141.12,552.06,108.51,232.00,102.31,13.95,420.47,63.49,-23.09,-70.53,-13.54,55.78,-136.75,-10.04,3.93,-16.13,0.00,16.28,460.45,7.34,1586.07,8.61,3.78,-23.09,33.91,8.35,8.09,-27.96,-5.56,-11.07,73.31,113.76,101.92,6.87,-2.57,66.36,23.14,-1.38,39.54,485.55,0.00,919.37,10.09,1.05,415.66,53965.00,55118.00,56158.00,0.45,0.06,36.01,39.54
Max Estates,544008,MAXESTATES,INE03EI01018,Realty,"Residential, Commercial Projects",558.05,9127.74,101.53,724.45,430.21,3.62,2411.87,45.25,4.80,-58.08,11.45,-5.01,304.66,-18.09,0.02,7.82,0.00,1554.98,55.77,14.35,199.88,16.57,0.85,8.35,5.87,1.40,-1.27,-88.42,16.09,-6.82,-615.65,225.01,428.93,7.56,-0.64,81.63,1083.36,-8.08,615.03,2256.46,385.36,8147.53,95.16,3.77,51.91,29722.00,30720.00,31058.00,25.84,8.20,20.69,615.03
Max Financial,500271,MFSL,INE180A01020,Insurance,Life Insurance,1600.00,55218.36,228.08,1892.50,1590.10,15.46,1858.65,1.25,95.56,36.38,70.07,-27.75,475.29,27.32,44.76,5.87,26.92,508.90,11316.88,15.58,49821.97,4.91,16.75,118.29,108.51,2.87,1.52,-60.13,0.79,0.50,11472.70,8351.60,1590.00,63.36,0.64,59.24,1123.49,107.18,2137.15,5213.13,186014.02,12285.60,192.06,10.45,14969.51,80336.00,77069.00,80467.00,48.06,44.34,6.35,2137.15
Max Healthcare,543220,MAXHEALTH,INE027H01010,Healthcare Services,Hospital,1005.00,97814.29,2404.80,1314.30,1058.32,17.75,3478.36,23.71,322.96,4.87,307.97,342.22,-5.63,442.91,300.92,491.30,0.00,65.33,2457.43,15.08,8712.05,15.96,16.70,322.96,1497.22,14.71,14.74,24.82,13.65,6.37,1633.32,1437.96,1058.85,648.19,4.55,38.57,681.89,2.52,700.60,9773.50,5.46,1944.79,40.48,9.10,2366.17,224606.00,216996.00,162119.00,41.78,29.95,4.55,700.60
Max India Ltd,543223,MAXIND,INE0CG601016,Finance,Holding Company,150.98,850.33,-86.07,319.28,169.22,37.71,96.21,48.33,-36.25,-9.15,-33.21,-19.10,-88.08,-52.57,-42.85,-34.07,0.00,,68.08,50.76,213.63,37.21,62.91,-36.28,-129.47,-23.03,-32.84,3.29,-60.68,-1.80,-94.72,-127.60,169.41,-41.21,-9.33,39.45,109.52,-29.06,77.07,355.79,33.97,363.25,-9.76,1.94,59.74,36645.00,37492.00,40090.00,6.81,5.96,38.90,77.07
Maxgrow India,521167,,INE485D01043,Consumer Durables,"Gems, Jewellery And Watches",143.47,573.09,451.54,143.47,42.08,0.00,1.74,92.82,199.39,190.19,68.71,175.65,13.52,,111.48,94.53,0.00,0.99,,,26261.17,316.33,108.02,199.39,581.05,25.57,30.76,387.09,2.70,,41.45,41.45,41.06,,,91.44,7.57,,7.57,1685.65,0.75,2238.02,0.97,0.34,7384.89,3174.00,2747.00,2369.00,0.00,0.00,7.19,8.00
Mayur Uniquoters,522249,MAYURUNIQ,INE040D01038,Consumer Durables,Leather And Leather Products,747.45,3247.86,286.89,907.00,662.32,17.59,7.78,58.77,56.12,37.79,40.73,59.43,-5.57,55.77,50.73,40.84,0.00,15.68,281.19,17.01,1020.37,15.58,24.71,56.12,207.12,24.47,18.01,35.69,20.84,2.42,133.15,156.94,661.46,64.47,12.83,44.34,88.00,10.78,81.14,1110.78,284.95,662.49,10.27,2.87,269.23,37381.00,38037.00,39078.00,4.78,3.13,33.33,81.14
Mazagon Dock,543237,MAZDOCK,INE249Z01020,Industrial Manufacturing,Ship Building & Allied Services,2625.00,105887.25,3405.30,3778.00,2504.02,14.25,447.37,81.22,549.41,21.51,452.15,679.18,-18.35,584.69,879.78,749.48,0.00,37.05,3376.92,15.28,13323.42,13.87,12.08,550.46,2857.85,35.98,29.17,31.72,18.71,28.52,-2653.88,2102.05,2502.80,655.98,14.47,67.23,16149.61,-4.28,13096.49,9553.19,914.79,22271.60,25.20,10.85,2942.70,805823.00,808455.00,719743.00,1.72,5.02,12.04,13096.49
Mcleod Russel,532654,MCLEODRUSS,INE942G01012,Agricultural Food & other Products,Tea & Coffee,49.55,517.58,-18.56,386.95,51.01,36.81,1495.36,6.25,-13.38,69.23,-43.48,74.06,81.59,-50.17,-36.41,29.06,0.06,9.71,395.83,9.10,1199.74,-0.39,21.02,-13.38,53.33,-4.68,720.33,124.17,-5.12,0.44,53.35,72.43,51.03,4.84,-4.80,47.24,8.86,2.06,17.05,-102.72,48.35,322.26,523.86,,261.11,58315.00,60812.00,62795.00,1.49,0.54,91.72,17.05
Medi Assist Ser.,544088,MEDIASSIST,INE456Z01021,Insurance,Insurance Distributors,340.05,2540.24,194.25,716.15,392.09,40.96,54.40,4.61,27.68,23.57,22.40,53.44,-49.35,27.43,4.14,8.07,0.00,25.71,294.73,26.74,950.74,27.42,24.12,27.59,98.81,14.09,13.92,4.65,11.66,2.17,118.07,138.09,392.61,55.52,3.67,39.67,185.06,8.14,86.34,801.60,157.97,585.18,12.31,3.02,236.52,88148.00,88970.00,102991.00,25.42,47.24,22.74,86.34
Media Matrix,512267,MMWL,INE200D01020,Entertainment,"Film Production, Distribution & Exhibition",15.60,1767.08,25.05,29.30,12.74,5.85,107.74,59.41,2.73,84.46,1.48,1.41,72.12,4.11,2.07,2.04,0.00,248.88,541.17,40.12,1451.76,-23.16,83.37,3.58,7.10,9.78,6.75,101.13,0.84,-3.37,14.37,-25.89,12.71,8.41,0.03,58.41,38.82,2.19,3.01,-46.17,31.34,207.11,67.53,26.33,428.45,22772.00,22479.00,23215.00,0.01,0.00,40.57,3.01
Medplus Health,543427,MEDPLUS,INE804L01022,Retailing,Pharmacy Retail,692.10,8314.69,675.98,1343.00,803.47,32.29,1424.38,40.19,33.18,-21.67,42.36,63.98,-48.15,49.71,57.79,55.50,60.74,39.51,2010.82,19.74,7229.44,16.79,21.84,33.17,210.47,12.56,11.64,18.02,1.76,2.31,495.58,540.43,804.58,165.17,4.14,46.58,367.22,9.76,462.16,1951.35,0.00,2068.65,13.52,4.21,1879.60,76005.00,77278.00,81742.00,14.38,29.95,15.45,462.16
Meesho,544632,MEESHO,INE0VDM01015,Retailing,E-Retail/ E-Commerce,208.14,96234.98,-1012.40,254.65,178.18,18.26,62.63,16.41,-132.84,38.48,-215.92,-166.35,20.14,,-490.68,-411.36,0.00,,,,13835.29,34.47,48.28,-132.84,-1163.64,-35.59,-42.32,74.56,-3.58,,-3875.34,539.37,177.88,,,67.57,378.39,-36.66,1893.13,3929.97,1210.39,5371.63,-95.82,21.66,3712.81,246157.00,189154.00,,5.19,9.14,69.26,1893.13
Meghmani Organi.,543331,MOL,INE0CT101020,Fertilizers & Agrochemicals,Pesticides & Agrochemicals,61.84,1572.68,273.87,152.50,57.73,29.67,725.96,48.95,48.19,280.05,12.68,8.03,500.12,13.79,-3.53,11.55,0.00,24.48,518.80,-10.13,2103.17,-7.73,-11.54,48.19,64.24,6.71,1.90,240.98,8.88,0.78,221.75,66.22,57.69,60.15,0.54,61.23,31.18,2.07,25.47,1519.35,4.59,1314.10,7.60,1.02,542.83,135999.00,134841.00,128082.00,0.91,0.00,50.08,25.47
Meghna Infracon,538668,MIIL,INE898Q01015,Realty,"Residential, Commercial Projects",726.45,1578.12,10.35,818.70,654.77,11.27,22.45,47.01,0.54,-61.15,1.39,2.00,-67.80,1.73,1.10,1.20,0.00,347.60,11.43,30.13,44.15,23.15,-19.48,0.57,4.54,31.33,21.90,-49.61,6.76,,-24.76,18.26,654.05,2.03,0.75,55.19,0.93,-9.28,5.26,5.54,0.52,55.27,173.21,57.89,8.43,2520.00,2596.00,2652.00,7.98,0.00,45.02,5.26
Menon Bearings,523828,MENONBE,INE071D01033,Auto Components,Auto Components & Equipments,276.84,1551.41,65.23,293.00,160.29,5.52,46.63,68.44,14.11,67.38,8.43,13.78,2.39,12.14,9.25,6.79,0.00,35.32,83.38,33.38,318.39,27.97,36.57,14.11,43.93,25.50,22.26,61.45,15.37,,23.32,27.05,159.12,16.30,2.17,69.47,20.00,2.54,12.60,179.74,6.37,139.76,21.62,8.37,91.79,24403.00,25436.00,26860.00,0.14,0.40,31.03,12.60
Mercury EV-Tech,531357,MERCURYEV,INE763M01028,Automobiles,Passenger Cars & Utility Vehicles,38.73,735.77,11.13,143.80,37.74,30.84,7.17,59.17,1.65,29.92,1.27,0.30,450.00,0.37,0.89,1.72,0.00,161.35,40.60,19.37,112.89,4.21,47.90,1.65,4.56,2.64,1.51,-47.59,4.94,-2.52,-43.83,-43.83,37.73,2.72,0.02,60.81,55.71,-20.07,55.71,261.45,0.00,233.55,61.32,2.62,33.38,75062.00,76425.00,67991.00,1.70,0.00,39.10,4.63
Merritronix,544773,,INE1RQS01010,Industrial Manufacturing,Industrial Products,327.70,572.98,27.57,483.90,326.19,32.28,43.20,62.28,3.81,,,,,,,,0.00,35.59,,,155.90,37.28,,3.81,16.10,41.14,46.03,85.91,6.81,,-23.38,-6.64,326.18,,,45.12,2.42,-15.41,25.70,40.34,0.00,148.43,21.42,,55.95,1000.00,,,2.50,7.86,27.37,25.70
Metro Brands,543426,METROBRAND,INE317I01021,Consumer Durables,Footwear,945.30,25768.19,973.20,1441.20,1045.67,29.48,1570.21,71.80,93.79,-4.79,98.51,116.61,-19.09,104.88,130.37,68.98,0.00,63.40,756.99,16.26,2955.75,15.48,14.66,95.26,406.44,20.18,22.21,13.72,13.22,4.36,473.79,697.53,1046.68,219.04,3.79,41.40,101.00,14.49,41.81,1856.88,672.61,1829.27,27.54,12.93,720.36,57942.00,59425.00,64907.00,3.73,7.68,16.78,41.81
Metropolis Healt,542650,METROPOLIS,INE112L01020,Healthcare Services,Healthcare Service Provider,570.30,11827.31,427.22,894.98,517.55,6.36,231.91,48.86,56.67,25.77,45.06,50.83,11.64,80.35,42.09,52.89,1.18,56.82,518.57,20.82,1710.00,21.80,16.62,56.89,208.15,17.81,13.63,36.87,12.64,3.43,350.70,262.75,517.02,128.70,3.86,53.95,49.02,14.09,62.32,1471.69,142.40,327.97,26.93,7.81,450.22,50636.00,49175.00,50015.00,11.03,35.12,5.00,62.32
MIC Electronics,532850,MICEL,INE287C01037,Industrial Products,Other Industrial Products,37.69,908.37,26.72,217.56,42.53,54.57,44.19,51.58,2.13,27.54,1.67,-18.35,111.61,13.12,1.88,2.17,2.17,,157.59,315.90,222.63,132.71,276.57,2.13,-12.17,8.67,-5.76,-227.57,4.87,-3.01,3.02,-48.67,42.57,17.74,0.54,55.56,13.85,-8.57,10.95,168.02,0.00,243.27,35.35,4.20,43.72,219167.00,225366.00,189600.00,5.58,0.00,42.84,10.95
Midwest,544587,MIDWESTLTD,INE0XAD01024,Consumer Durables,Granites & Marbles,1135.40,4105.70,188.53,1859.90,1260.44,38.95,192.42,77.12,29.40,26.67,23.21,35.56,-16.18,36.00,17.36,27.71,1.39,36.97,182.30,14.88,695.20,10.21,34.84,31.04,111.05,15.40,13.26,11.71,16.18,3.41,174.72,87.31,1261.70,49.02,9.43,37.88,16.54,1.07,228.77,944.29,0.00,597.81,20.33,4.27,191.84,20204.00,21086.00,,3.88,14.46,4.44,228.77
Midwest Energy,526570,,INE519N01014,Other Construction Materials,Other Construction Materials,4014.40,5207.56,-8.12,5900.00,3706.81,31.96,301.62,58.45,-1.02,70.52,-3.46,-3.45,70.43,,-3.25,-3.53,0.00,,,,14.40,1010.26,1173.47,-1.02,-10.92,-2.55,-5.73,-153.14,-16.35,,-9.80,-33.28,3703.72,,,64.38,41.54,,219.64,387.78,1.55,258.46,-1175.45,12.92,6.24,8825.00,8868.00,6822.00,12.63,1.57,27.35,219.64
Milky Mist Dairy,544868,MILKYMIST,INE00IT01020,Food Products,Dairy Products,222.11,17098.99,434.36,222.60,182.53,0.22,1676.72,79.51,,,,,,,,,0.00,135.90,,,3138.36,33.58,,,125.82,13.71,31.92,173.28,,,301.79,314.86,182.13,,,,20.88,-9.49,13.60,334.56,0.00,592.25,43.19,,,374038.00,,,3.16,4.76,12.55,13.60
Millworks Technologies,544826,,INE1SRC01010,Aerospace & Defense,Aerospace & Defense,910.25,1603.38,56.65,933.00,690.46,2.44,17.01,47.18,,,,,,,,,0.00,43.21,,,148.77,573.17,,,37.11,80.99,70.03,606.86,,,-10.76,-2.92,688.25,,,72.28,1.95,-16.53,1.35,69.90,5.75,153.97,28.58,,,2687.00,,,2.55,10.28,39.98,1.35
Minda Corp,538962,MINDACORP,INE842C01021,Auto Components,Auto Components & Equipments,707.50,16914.87,732.80,769.00,611.86,8.00,1476.20,64.84,107.57,64.70,65.31,122.60,66.33,125.97,84.27,84.64,0.00,41.97,1982.22,29.10,6645.77,26.59,33.22,206.25,403.00,12.67,14.71,57.13,5.83,3.28,675.60,544.40,610.90,230.06,5.26,48.37,96.70,4.61,147.10,2591.00,1558.40,2017.60,23.09,6.41,1846.31,98747.00,89480.00,93526.00,9.30,17.87,6.43,147.10
Mindspace Busine,543217,MINDSPACE,INE0CCU25019,Realty,Real Estate Investment Trusts (REITs),487.72,32286.75,2532.46,525.50,469.29,7.19,12991.06,,261.87,67.10,156.71,198.56,30.21,344.94,191.95,126.79,47.58,41.42,984.09,27.47,3422.52,25.85,27.85,271.81,779.40,7.64,4.65,53.92,28.72,1.52,2413.89,2017.35,469.10,742.24,5.02,40.37,741.10,2.62,1296.21,-2650.64,4.33,1833.04,16.31,2.10,946.44,,,,,,,1296.21
Mindteck (India),517344,MINDTECK,INE110B01017,IT - Software,Computers - Software & Consulting,170.60,545.14,47.90,368.20,204.02,44.55,3.88,64.20,8.36,-4.46,8.75,10.16,-17.72,6.94,5.05,7.56,0.00,16.50,101.43,-0.19,410.08,-1.79,2.74,8.36,33.04,15.08,12.09,6.41,8.03,2.04,26.03,24.13,204.36,8.29,2.17,28.00,134.21,8.23,135.59,271.62,56.25,266.67,8.85,1.80,104.08,32078.00,32189.00,32478.00,0.06,0.00,35.73,135.59
Mishra Dhatu Nig,541195,MIDHANI,INE099Z01011,Aerospace & Defense,Aerospace & Defense,424.45,7951.65,275.58,547.50,389.04,7.10,406.84,74.00,16.31,27.42,12.80,77.75,-79.02,22.91,27.46,12.77,0.00,59.21,272.29,29.83,1277.63,18.17,40.46,16.31,134.29,11.30,8.88,14.04,6.81,5.71,154.67,216.96,388.69,45.45,1.22,52.07,51.02,7.04,192.21,1343.48,22.73,2115.30,29.07,5.19,239.49,154762.00,164331.00,164891.00,2.57,7.37,16.06,192.21
MMP Industries,,MMP,INE511Y01018,Non - Ferrous Metals,Aluminium,400.70,1017.88,74.47,457.90,279.93,6.80,184.53,74.49,13.70,15.32,11.88,12.42,-23.85,11.95,11.42,7.01,0.00,22.83,227.25,21.08,873.31,21.35,26.90,13.70,44.59,12.49,11.51,13.12,5.89,1.99,53.29,56.79,278.71,18.39,4.70,75.80,10.98,0.63,2.01,321.11,54.11,265.43,14.39,2.94,232.60,11202.00,10750.00,10326.00,0.02,0.00,25.49,2.01
MMTC,513377,MMTC,INE123F01029,Commercial Services & Supplies,Trading & Distributors,64.02,9603.00,170.83,1897.72,64.39,18.32,0.02,89.93,104.20,135.48,44.25,29.98,-17.30,-76.36,46.27,170.81,0.00,47.70,1.46,32.32,2.73,-19.23,-50.00,104.24,201.32,8.66,5.23,184.35,15323.53,-6.77,-605.26,-362.72,64.39,-73.31,-0.51,49.46,1338.85,-23.01,1788.67,1970.72,533.14,2195.85,31.02,4.53,0.68,355989.00,365864.00,399746.00,0.16,1.78,8.15,1788.67
Mobavenue AI Tech,539682,,INE622Q01027,IT - Software,Software Products,305.70,2362.99,47.44,343.80,260.81,11.08,12.82,65.60,11.66,94.33,6.00,8.44,38.15,58.15,7.61,7.30,0.00,67.49,298.50,449.52,244.91,160.68,56.97,11.66,35.01,71.59,57.72,210.65,16.01,,34.82,-3.63,260.36,62.68,7.52,47.43,9.14,,45.69,75.10,32.66,148.41,41.94,26.09,72.85,4323.00,1237.00,596.00,0.00,0.04,34.35,45.69
Modern Insulator,515008,,INE219W01012,Electrical Equipment,Other Electrical Equipment,386.30,1821.17,116.56,579.00,344.90,33.28,68.17,60.18,29.60,94.48,15.22,23.84,24.16,30.28,24.13,16.59,0.00,19.34,244.48,38.53,766.76,41.77,33.19,29.60,94.16,19.40,15.85,133.07,15.72,5.40,46.68,39.71,344.48,34.81,6.43,32.38,7.29,3.70,17.11,496.12,114.42,499.37,13.42,3.35,188.30,140887.00,140264.00,139633.00,0.40,1.08,38.34,17.11
Modern Malleable,517336,,INE834C01028,Industrial Products,Iron & Steel Products,51.30,597.77,27.43,85.79,35.56,40.20,11.55,59.36,7.50,206.12,2.45,8.79,-14.68,14.10,4.17,3.92,0.00,24.52,83.41,118.63,178.29,129.46,98.53,7.50,24.38,15.06,11.49,88.41,13.58,9.64,7.04,-10.76,35.41,15.04,1.21,51.59,0.06,-0.14,0.09,166.27,139.55,78.28,17.67,3.36,55.23,15332.00,15370.00,15424.00,0.05,0.19,40.40,0.09
Modi Naturals,519003,MODINATUR,INE537F01012,Agricultural Food & other Products,Other Agricultural Products,381.35,507.44,74.97,667.00,391.89,27.54,161.22,69.09,12.50,19.16,10.49,16.01,-36.45,13.85,10.04,10.07,0.00,10.44,162.70,10.69,719.77,7.35,0.37,12.50,48.62,22.18,30.23,42.79,8.03,2.41,61.06,48.79,392.00,18.98,10.41,48.93,2.98,-4.28,8.28,158.83,0.00,171.99,8.40,2.95,155.61,6980.00,6886.00,6504.00,0.00,0.00,30.90,8.28
Modi's Navnirman,543539,MODIS,INE0L0L01012,Realty,"Residential, Commercial Projects",399.90,783.45,38.46,429.05,344.48,6.79,6.31,63.79,8.61,26.80,6.79,4.45,93.48,,12.77,5.20,0.00,25.25,,,202.03,83.96,27.93,8.61,31.03,25.81,20.53,26.22,14.78,-4.47,-2.30,-20.50,343.93,,,54.55,3.31,-12.66,4.85,137.11,1.27,300.60,19.58,5.00,58.26,1380.00,1218.00,1088.00,9.50,1.37,25.33,4.85
Modison,506261,MODISONLTD,INE737D01021,Electrical Equipment,Other Electrical Equipment,411.60,1335.64,124.04,433.00,228.38,4.94,174.47,52.23,34.04,506.77,5.61,50.91,-6.00,38.27,20.06,11.66,0.00,12.46,280.88,93.50,846.66,66.70,101.63,33.84,107.23,30.98,32.04,294.95,12.59,-11.25,-64.19,-16.10,226.54,46.25,11.79,76.38,1.21,-11.76,1.49,271.41,0.00,398.38,9.17,4.86,270.47,21401.00,21079.00,21115.00,0.92,0.00,46.84,1.49
MOIL,533286,MOIL,INE490G01020,Minerals & Mining,Industrial Minerals,268.30,5459.51,507.65,588.35,303.17,33.77,0.00,64.68,87.62,70.10,51.51,92.61,-5.39,72.73,52.92,70.44,0.00,17.98,362.64,4.19,1510.96,4.92,6.56,87.62,303.59,12.64,10.00,8.12,23.62,1.54,157.26,434.29,303.52,115.52,3.57,48.80,900.00,-1.12,710.61,2505.76,23.80,1399.57,8.44,2.02,370.88,294789.00,296085.00,307460.00,3.73,6.82,24.76,710.61
Molbio Diagnosti,544866,MOLBIO,INE869T01028,Healthcare Equipment & Supplies,Medical Equipment & Supplies,1238.85,14276.51,329.13,1264.60,1048.13,2.04,450.07,41.29,,,,,,,,,0.00,85.39,,,1445.69,41.68,,,167.19,18.48,15.64,10.05,,,50.39,287.10,1046.21,,,,129.05,5.26,367.11,1158.06,5.98,1384.85,43.63,,,233544.00,,,1.51,16.36,40.83,367.11
Mold-Tek Pack.,533080,MOLDTKPAC,INE893J01029,Industrial Products,Packaging,711.10,2362.91,173.66,1123.05,650.20,18.31,214.66,33.21,25.57,17.35,21.79,20.64,23.89,24.61,14.35,15.48,2.27,31.07,248.00,18.23,946.51,14.71,24.90,25.57,76.04,13.32,10.88,15.54,8.51,2.02,125.37,110.42,649.59,46.87,7.41,58.58,1.85,-3.14,1.25,673.37,22.32,371.38,14.10,3.42,300.45,62239.00,67072.00,67088.00,8.30,21.81,36.68,1.25
Mold-Tek Technol,526263,MOLDTECH,INE835B01035,Construction,Civil Construction,198.48,571.72,19.64,398.55,146.58,10.19,5.13,50.47,9.00,1223.53,0.68,2.28,294.74,6.83,3.89,3.24,0.00,31.05,68.57,70.45,207.93,48.68,78.85,9.00,18.41,10.61,8.21,140.34,15.12,1.88,15.22,24.48,146.06,9.00,2.37,68.45,13.49,16.27,25.47,122.34,27.47,90.32,17.72,4.46,59.54,34706.00,35252.00,40764.00,0.18,0.47,48.86,25.47
Monarch Networth,511551,MONARCH,INE903D01011,Capital Markets,Stockbroking & Allied,379.70,3011.34,258.90,501.35,332.88,6.70,37.21,53.83,45.18,-0.15,45.25,45.56,-0.83,65.67,45.41,44.97,5.46,16.63,99.48,19.68,365.08,7.49,-7.24,45.18,181.12,27.68,20.49,17.25,49.71,19.98,114.20,29.75,332.41,70.36,8.28,50.01,632.21,0.20,708.65,892.14,218.17,935.36,9.14,3.10,90.89,18430.00,19072.00,18561.00,2.77,0.15,43.19,708.65
Monolithisch Ind,,MONOLITH,INE1DV401010,Industrial Products,Electrodes & Refractories,1113.20,2419.65,33.66,1143.00,623.71,2.61,6.48,74.27,10.07,134.73,4.29,8.11,24.17,,6.08,4.52,0.00,84.07,,,153.68,39.10,63.85,10.07,28.78,34.79,27.76,58.94,21.34,,13.79,4.01,618.79,,,79.80,0.35,,27.09,108.97,6.96,92.23,58.12,18.51,47.19,2102.00,1658.00,967.00,1.79,2.82,21.12,27.09
Monte Carlo Fas.,538836,MONTECARLO,INE950M01013,Textiles & Apparels,Garments & Apparels,544.25,1128.34,263.42,986.00,570.99,37.08,584.89,73.17,-23.48,-43.87,-16.32,5.04,-565.87,-9.82,106.84,16.17,0.00,10.79,292.73,17.70,1286.42,15.59,7.59,-23.48,104.57,13.90,12.84,36.25,-15.75,1.42,99.52,70.40,571.26,22.19,-4.74,57.61,34.59,3.50,1.13,884.87,258.51,1247.15,6.68,1.25,149.04,29118.00,29005.00,29361.00,1.21,1.57,24.04,1.13
Morepen Labs.,500288,MOREPENLAB,INE083A01026,Pharmaceuticals & Biotechnology,Pharmaceuticals,96.98,5314.05,146.93,100.90,54.19,1.32,207.85,35.66,56.40,424.65,10.75,15.74,258.92,34.48,27.50,41.04,0.00,45.26,482.27,17.18,1950.59,9.49,34.07,56.35,117.42,8.05,6.20,26.79,9.88,-159.34,32.64,32.06,53.76,48.48,0.63,76.09,49.36,-7.69,68.83,1136.85,124.16,1163.61,26.46,4.26,570.13,434912.00,447286.00,461180.00,1.46,1.28,61.59,68.83
Moschip Tech.,532407,MOSCHIP,INE935B01025,IT - Hardware,Computers Hardware & Equipments,205.54,4009.02,65.11,326.80,206.41,28.74,88.09,39.31,2.45,-77.56,10.92,7.95,-69.18,7.12,4.30,12.15,0.00,125.79,155.16,5.60,565.77,8.37,-14.29,2.45,31.87,10.97,11.03,-21.15,2.11,6.30,92.80,100.29,206.42,14.81,0.36,42.92,54.67,12.24,149.28,369.86,0.00,420.20,65.95,9.75,116.21,361757.00,357850.00,254637.00,0.77,0.00,59.83,149.28
Motherson Wiring,543498,MSUMI,INE0FS801015,Auto Components,Auto Components & Equipments,37.67,24981.47,1063.80,53.59,40.93,29.71,233.20,61.72,145.32,1.55,143.10,167.30,-13.14,244.96,149.44,165.34,0.00,39.82,3643.65,31.93,12390.81,28.68,36.62,145.32,627.40,38.86,32.36,4.55,4.27,3.78,761.30,364.80,40.97,320.74,0.37,35.15,237.50,21.92,69.20,1498.50,0.00,3808.20,23.22,11.56,3407.26,874956.00,857987.00,928406.00,8.91,17.85,11.48,69.20
Motil.Oswal.Fin.,532892,MOTILALOFS,INE338I01027,Capital Markets,Stockbroking & Allied,1040.00,62641.62,3912.10,1097.10,865.28,5.20,21255.11,67.20,1273.11,9.56,1162.06,-221.28,681.31,805.12,566.17,362.56,0.00,31.63,2718.73,47.03,10062.73,14.85,25.16,1273.71,1980.22,12.66,15.53,-28.82,37.18,-3.45,-6070.70,1214.73,863.52,1253.15,13.36,75.30,10497.73,-6.35,13483.46,12827.93,10299.18,18473.46,16.92,4.86,3425.76,225318.00,241961.00,260286.00,6.86,6.78,19.15,13483.46
Motisons Jewel,544053,MOTISONS,INE0FRK01020,Consumer Durables,"Gems, Jewellery And Watches",16.45,1871.20,93.28,33.80,14.81,19.56,38.91,57.12,11.05,37.61,8.03,8.52,33.13,20.94,25.94,21.43,0.00,27.95,105.98,17.15,509.83,10.73,23.30,11.05,66.94,17.86,14.01,49.19,10.30,-19.86,27.46,-22.61,14.79,22.95,0.18,63.70,7.13,-3.30,15.73,398.90,0.09,564.38,19.56,3.30,107.33,169586.00,163669.00,167188.00,2.89,0.74,39.25,15.73
Mphasis,526299,MPHASIS,INE356A01018,IT - Software,Computers - Software & Consulting,2400.00,45810.25,3302.75,3659.75,2438.04,20.98,2619.68,30.54,489.51,10.82,441.70,509.64,-3.95,607.88,442.19,469.07,100.00,23.66,4483.33,14.90,16531.21,13.69,17.46,489.51,1936.16,22.09,18.53,11.32,11.17,2.15,1253.28,1905.20,2438.42,827.05,31.85,47.24,1612.58,13.05,1752.71,10552.89,1769.07,6945.92,13.73,4.26,4384.05,131941.00,132916.00,152602.00,19.50,45.31,4.65,1752.71
MPS,532440,MPSLTD,INE943D01017,Printing & Publication,Printing & Publication,2704.00,4625.41,248.30,3079.00,2099.44,9.26,60.63,68.34,50.39,41.19,35.69,46.78,7.12,62.34,35.50,55.44,0.00,25.25,219.91,13.10,806.33,10.09,20.38,50.39,183.15,38.72,29.72,18.76,22.47,2.88,196.80,100.90,2093.36,71.67,36.44,52.15,84.29,22.95,94.55,579.22,24.66,336.59,16.61,7.76,224.24,25565.00,25010.00,26529.00,1.38,2.14,27.31,94.55
MRF,500290,MRF,INE883A01011,Auto Components,Tyres & Rubber Products,133520.00,56627.74,5414.90,163600.00,135283.59,18.39,3206.66,27.76,495.35,-1.29,501.82,691.71,-29.46,632.57,694.60,525.64,0.09,22.98,8241.11,11.69,31888.87,11.37,9.64,495.35,2464.67,15.73,12.51,37.04,5.89,1.90,4590.30,1864.76,135301.31,1181.56,1491.53,52.31,486.76,6.98,2182.72,20970.32,3397.81,11759.65,10.70,2.70,8415.50,68876.00,58110.00,50253.00,17.43,12.11,42.71,2182.72
Mrs Bectors,543253,BECTORFOOD,INE495P01020,Food Products,Packaged Foods,243.24,7467.24,253.70,440.00,217.16,23.55,170.60,49.04,35.27,41.76,24.88,29.92,17.88,42.49,33.14,30.84,0.00,57.81,576.42,11.95,1968.09,11.13,15.68,35.27,129.17,12.94,10.48,12.19,6.96,4.41,189.05,136.79,216.90,70.74,1.38,58.63,188.55,0.12,191.63,1113.28,178.99,539.13,27.60,6.36,507.06,109010.00,101347.00,95165.00,8.07,25.96,16.93,191.63
Mrugesh Trading,512065,,INE738D01029,Finance,Non Banking Financial Company (NBFC),94.88,6854.61,-0.23,100.23,39.80,5.34,2.52,0.25,0.09,280.00,-0.05,-0.50,118.00,,0.26,-0.03,0.00,,,,11.76,-41.90,,0.09,-0.18,-0.49,-0.53,-151.43,20.93,-36.95,-56.38,-17.85,39.25,,,68.01,0.17,-53.21,0.31,-0.12,0.00,33.69,-76186.89,95.03,0.43,122.00,94.00,61.00,0.00,0.00,99.75,0.31
MSP Steel & Pow.,532650,MSPL,INE752G01015,Industrial Products,Iron & Steel Products,34.64,1963.38,180.78,89.45,35.98,25.39,321.19,45.12,21.98,23.21,17.84,85.20,-74.20,12.14,5.49,-74.76,63.53,14.09,729.66,7.80,2958.62,4.03,16.27,21.98,139.35,9.69,13.69,905.49,2.66,1.12,148.19,189.28,35.99,39.90,0.21,45.58,20.76,9.53,28.84,463.42,48.81,804.44,11.84,1.91,826.52,55388.00,56983.00,58804.00,1.18,15.78,37.92,28.84
MSTC,542597,MSTCLTD,INE255X01014,Commercial Services & Supplies,Trading & Distributors,737.50,5192.00,302.80,1165.00,547.64,2.15,145.00,64.75,58.22,37.51,42.34,77.22,-24.61,59.78,51.37,47.50,0.00,22.16,104.94,23.45,386.48,21.02,21.71,58.22,234.31,30.27,26.60,8.30,61.78,2.15,-27.79,260.30,545.74,62.99,8.49,71.17,1358.72,-7.05,1327.58,833.54,11.88,1604.19,12.36,5.74,94.24,87424.00,92581.00,84422.00,4.91,1.29,29.06,1327.58
MTAR Technologie,543270,MTARTECH,INE864I01014,Electrical Equipment,Other Electrical Equipment,7082.00,21783.94,194.74,8714.95,5158.52,18.74,376.57,29.35,50.50,349.69,11.23,44.34,13.89,23.46,35.17,4.59,3.52,158.67,259.45,91.35,1080.24,53.38,130.37,50.50,137.29,15.20,12.61,126.78,14.00,26.57,191.66,101.79,5139.18,49.10,7.63,56.40,16.60,1.00,21.12,794.92,222.04,1131.44,85.64,26.38,360.72,258386.00,209273.00,297581.00,24.80,22.35,23.51,21.12
Mufin Green,542774,MUFIN,INE08KJ01020,Finance,Non Banking Financial Company (NBFC),136.75,2709.87,160.66,274.40,118.11,4.97,1397.60,47.30,14.01,240.88,4.11,11.09,26.33,16.15,7.01,6.06,0.00,70.99,77.85,51.41,245.90,43.01,60.11,14.01,38.17,10.73,6.69,92.97,18.23,-0.76,-695.01,-142.39,117.92,58.22,0.82,56.99,150.09,-27.22,218.81,554.88,164.90,290.97,20.48,4.72,76.87,24964.00,25767.00,26485.00,2.26,10.05,40.39,218.81
Mukand,500460,MUKANDLTD,INE304A01026,Industrial Products,Iron & Steel Products,137.03,1980.02,189.46,212.80,134.54,11.16,1696.71,74.70,57.36,97.59,29.03,554.98,-89.66,-12.36,10.26,9.88,0.00,3.13,1314.39,13.25,5121.19,7.57,20.69,57.36,632.48,4.44,5.57,689.32,4.21,-4.13,-440.98,180.09,134.52,38.61,-0.86,48.10,25.71,1.47,19.86,1377.82,39.55,3061.09,4.87,1.30,1362.21,49306.00,49218.00,51160.00,0.25,1.03,24.03,19.86
Mukka Proteins,544135,MUKKA,INE0CG401037,Food Products,Animal Feed,25.73,771.90,145.27,56.56,24.55,17.61,779.29,73.33,18.89,1142.76,1.52,20.62,-12.73,22.96,27.26,6.89,0.00,11.16,524.35,114.39,1768.34,76.01,186.73,18.64,69.14,11.61,11.06,59.13,3.81,-0.73,-111.27,-111.93,24.54,45.57,0.77,57.70,42.29,-15.81,60.43,469.09,55.84,1288.83,8.41,1.55,489.65,127922.00,132098.00,145343.00,1.73,0.00,24.93,60.43
Multi Comm. Exc.,534091,MCX,INE745G01043,Capital Markets,Exchange and Data Platform,3350.00,85422.27,1768.73,3480.00,2568.11,3.74,4.76,0.00,413.44,103.47,203.19,529.77,-21.96,576.91,401.12,197.47,0.00,55.40,878.19,134.67,2630.79,110.21,88.10,413.44,1541.80,71.37,56.27,136.36,58.89,6.89,3034.72,950.13,2560.25,608.31,22.62,74.92,1901.67,57.91,2536.90,2796.94,2949.30,4151.84,40.65,29.99,702.00,432684.00,360169.00,234989.00,29.85,50.80,19.15,2536.90
Munjal Auto Inds,520059,MUNJALAU,INE672B01032,Auto Components,Auto Components & Equipments,114.87,1148.70,146.90,145.70,92.04,12.04,423.44,74.81,25.81,160.31,9.92,-0.29,2362.70,8.60,14.64,13.49,0.00,22.42,748.94,28.22,2503.15,22.26,42.36,28.51,51.24,9.77,3.73,48.27,4.08,1.25,44.67,25.36,91.81,39.72,0.78,60.29,13.07,0.83,22.83,427.55,116.33,808.65,8.54,2.57,699.01,46301.00,47111.00,48072.00,0.06,0.03,25.10,22.83
Munjal Showa,520043,MUNJALSHOW,INE577A01027,Auto Components,Auto Components & Equipments,132.39,529.49,41.21,313.00,131.29,18.25,0.00,65.02,11.23,35.63,8.28,-0.05,22560.00,1.05,10.91,2.73,0.00,20.03,383.83,15.40,1376.87,12.33,21.49,11.23,26.44,4.53,3.31,4.80,3.23,3.32,-20.64,36.61,131.28,4.05,0.26,45.20,26.72,0.56,1.67,670.03,347.07,329.38,11.62,0.78,347.50,29096.00,29736.00,30581.00,0.11,0.01,34.87,1.67
Muthoot Finance,533398,MUTHOOTFIN,INE414G01012,Finance,Non Banking Financial Company (NBFC),3206.90,128746.93,25496.41,4149.50,3169.61,22.72,163271.13,73.35,2799.07,38.83,2016.20,3349.47,-16.85,5467.94,2823.48,2411.65,0.00,11.32,10920.38,49.95,33430.70,50.65,34.44,2824.84,11373.20,15.80,30.92,84.79,32.58,-0.56,-47392.65,-26524.89,3169.23,8961.30,134.96,67.04,8346.02,-18.30,12867.84,40200.28,600.92,16797.23,10.01,3.17,8671.60,312071.00,314887.00,288688.00,11.61,10.75,4.29,14798.15
Muthoot Microfin,544055,MUTHOOTMF,INE046W01019,Finance,Microfinance Institutions,213.85,3645.98,1127.10,281.00,194.28,18.62,9707.25,55.47,81.34,1216.18,6.18,71.12,14.37,59.01,62.44,30.52,0.00,14.86,628.59,9.07,2479.59,0.93,19.69,81.34,245.42,9.31,6.22,174.47,12.16,-0.38,-580.33,1382.03,194.09,313.63,3.46,44.06,1169.77,-1.51,1140.77,2686.55,405.83,1635.16,9.66,1.28,668.64,136798.00,140500.00,158221.00,23.11,3.38,16.45,1140.77
MV Electrosystems,544851,MVELECTRO,INE0OWZ01020,Industrial Manufacturing,Industrial Products,560.15,1528.24,-9.29,686.65,618.83,18.42,54.97,57.68,-6.89,-20.24,-5.73,-2.91,-136.77,,,,0.00,,,,49.40,-21.10,-5.06,-6.89,-12.63,-15.09,-31.39,-1248.18,-53.95,,-57.55,5.04,619.42,,,33.32,0.08,-32.59,0.18,52.34,0.00,98.27,-170.40,,12.77,22437.00,,,1.79,12.68,26.24,0.18
N R Agarwal Inds,516082,NRAIL,INE740D01017,"Paper, Forest & Jute Products",Paper & Paper Products,509.30,866.78,198.27,616.00,450.56,11.27,820.53,74.28,34.98,111.36,16.55,14.20,146.34,32.30,14.43,-1.47,0.00,13.13,712.64,35.82,2340.26,32.65,43.09,34.98,66.02,8.49,6.04,114.35,5.41,0.55,94.87,176.11,449.97,70.43,18.98,55.22,1.71,-11.38,4.94,798.38,12.70,555.10,7.14,1.06,646.96,7633.00,7886.00,9282.00,0.34,0.01,25.37,4.94
N S D L,544467,,INE301O01023,Capital Markets,"Depositories, Clearing Houses and Other Intermediaries",822.15,16443.00,560.29,1425.00,903.25,40.51,16.59,0.00,98.19,9.55,89.63,90.11,8.85,123.17,89.67,110.39,0.00,42.35,554.02,38.49,1734.56,24.35,65.57,98.31,388.30,23.22,17.36,9.40,19.03,3.54,713.49,557.85,904.06,142.28,6.15,51.54,374.23,14.06,507.83,2329.97,2559.42,1883.01,27.70,6.94,516.63,894029.00,874414.00,,11.69,37.75,50.55,507.83
NACL Industries,524709,NACLIND,INE295D01020,Fertilizers & Agrochemicals,Pesticides & Agrochemicals,177.61,4160.40,105.98,311.20,173.49,32.95,311.96,53.68,20.84,59.82,13.04,-0.86,2523.26,28.16,-10.16,2.55,0.00,160.51,552.07,20.82,1519.43,11.90,-14.50,20.84,25.92,8.13,2.37,129.61,5.44,6.15,-104.14,468.98,173.45,46.62,1.20,46.29,59.35,11.57,34.61,659.50,8.17,824.51,40.48,6.09,383.33,48817.00,47596.00,39275.00,0.09,1.32,44.90,34.61
Nahar Indl. Ent.,519136,NAHARINDUS,INE289A01011,Textiles & Apparels,Other Textile Products,135.92,587.25,160.90,238.00,114.01,11.74,681.79,71.25,25.22,516.63,4.09,24.98,0.04,-10.05,5.79,16.49,0.00,8.03,286.35,-15.84,1336.45,-14.56,-18.53,24.98,73.13,6.63,5.11,213.73,7.97,0.36,63.05,77.66,113.79,13.83,-2.33,60.80,7.48,-6.53,29.93,999.59,112.38,901.39,6.65,0.56,316.53,24623.00,25151.00,26484.00,0.01,0.26,28.50,29.93
Nahar Poly,523391,NAHARPOLY,INE308A01027,Industrial Products,Packaging,245.50,603.64,130.98,601.00,254.94,27.78,78.95,72.51,11.68,-35.96,18.24,20.50,-43.02,12.32,19.33,20.78,0.00,8.35,162.79,-5.52,667.37,-3.96,-18.72,11.68,72.29,10.69,9.45,26.18,7.30,1.15,50.28,56.65,255.03,21.89,5.01,46.42,13.38,3.38,0.73,854.20,611.43,129.01,5.68,0.70,159.92,19210.00,19351.00,20620.00,0.03,0.01,27.47,0.73
Nahar Spinning,500296,NAHARSPING,INE290A01027,Textiles & Apparels,Other Textile Products,294.10,1060.68,172.69,692.00,250.08,15.96,982.97,68.02,69.89,333.29,16.13,23.60,198.38,18.55,-12.92,-4.64,0.00,13.89,835.57,7.22,3364.75,2.49,17.92,69.88,76.39,3.20,1.50,207.65,7.23,0.56,189.76,93.10,249.64,60.51,5.14,49.67,33.16,-4.02,1.78,1494.06,146.50,1638.41,8.25,0.70,966.10,26127.00,27071.00,28862.00,0.00,0.02,31.95,1.78
Nalwa Sons Invst,532256,NSIL,INE023A01030,Finance,Investment Company,5783.50,2972.72,76.59,9974.00,5858.80,34.11,2.91,55.61,26.66,3.37,25.79,5.49,384.39,26.75,7.52,17.86,0.00,53.68,31.52,27.44,98.43,-19.76,-7.31,26.69,55.38,0.48,0.34,27.78,77.63,4.47,49.05,61.71,5859.56,26.93,52.02,62.76,37.94,0.32,23.36,15167.91,16744.23,73.54,38.02,0.20,34.38,35859.00,36366.00,36859.00,6.20,0.16,38.01,23.36
Namo eWaste,,NAMOEWASTE,INE08NZ01012,Other Utilities,Waste Management,279.25,638.58,23.10,319.40,225.44,12.57,3.49,69.05,7.36,135.90,3.12,6.99,5.29,,,,0.00,44.50,,,194.59,29.87,29.25,7.36,14.35,21.33,14.95,68.23,6.86,,5.18,-19.57,224.90,,,52.91,12.23,-12.91,1.98,80.27,0.00,74.04,27.71,6.19,107.28,2123.00,2103.00,1664.00,0.14,1.45,29.36,1.98
Narayana Hrudaya,539551,NH,INE410P01011,Healthcare Services,Hospital,1882.70,38475.01,1722.84,2371.60,1852.13,10.10,5857.50,63.27,207.18,5.71,195.99,227.93,-7.46,321.05,126.79,258.49,0.00,44.64,2802.40,70.48,9072.40,59.61,78.05,207.27,861.98,15.50,20.54,8.93,7.72,2.94,1621.19,985.78,1851.82,567.79,15.70,49.04,646.74,3.07,2129.19,4332.90,573.16,3537.19,22.76,8.48,2683.63,211173.00,220561.00,205639.00,9.40,9.05,17.65,2129.19
Natco Pharma,524816,NATCOPHARM,INE987B01026,Pharmaceuticals & Biotechnology,Pharmaceuticals,863.40,15464.35,1734.10,1639.00,950.96,29.62,713.90,49.41,206.50,-57.04,480.70,267.90,-23.23,248.42,151.30,517.90,0.00,13.51,1061.88,-22.09,3484.60,-20.73,-44.68,206.50,1144.30,17.14,16.86,-32.59,28.09,1.11,1768.30,1696.80,951.84,325.69,13.87,35.29,2176.00,13.22,1550.90,9185.30,3127.10,5052.30,10.86,1.68,735.20,403166.00,410970.00,429434.00,16.99,5.63,27.97,1550.90
National High,543385,NHIT,INE0H7R23014,Transport Infrastructure,"Road AssetsToll, Annuity, Hybrid-Annuity",172.90,33488.15,3494.42,174.00,152.11,0.63,25090.72,,234.50,93.05,121.47,204.55,14.64,249.80,247.41,112.09,4.59,41.94,1578.30,57.59,4563.19,61.64,28.27,234.50,798.55,4.42,3.00,110.83,17.88,127.90,3820.36,2098.67,151.91,1258.56,1.29,58.82,465.61,-24.51,687.28,-2387.92,0.00,1016.14,15.59,1.42,1311.87,,,,,,,906.44
Natl. Aluminium,532234,NATIONALUM,INE139A01034,Non - Ferrous Metals,Aluminium,399.30,73336.71,8593.75,445.15,347.88,10.30,59.83,51.28,2003.14,90.87,1049.48,1722.44,16.30,2153.80,1595.15,1429.94,0.00,10.86,4983.81,16.11,19338.49,9.02,39.28,2003.14,6750.67,39.59,29.42,17.83,37.78,1.48,6437.97,5806.11,347.37,2369.63,11.73,59.80,5426.73,17.03,8407.74,20685.39,533.49,11327.38,6.58,3.39,5302.38,948915.00,969058.00,956168.00,21.99,11.22,15.52,8407.74
Natl.Fertilizer,523630,NFL,INE870D01012,Fertilizers & Agrochemicals,Fertilizers,71.80,3522.36,929.19,169.95,78.52,30.29,3963.70,74.71,113.38,387.47,-39.44,151.54,-25.18,111.11,135.20,-35.81,0.00,9.67,8158.51,20.63,22480.40,23.27,27.34,113.38,364.31,9.09,7.61,137.75,2.52,2.54,-1341.75,2590.02,78.59,347.00,2.26,50.08,32.78,7.17,59.05,2350.40,495.56,7449.92,6.40,1.24,4500.39,284253.00,287339.00,310847.00,0.54,4.92,19.81,59.05
Nava,513023,NAVA,INE725A01030,Power,Power Generation,567.95,16087.47,1881.65,739.40,586.32,23.19,2226.41,50.03,277.61,-9.95,308.28,127.41,144.31,293.96,325.71,177.50,0.00,21.25,1042.10,8.13,4309.50,8.98,1.56,332.82,757.10,12.80,9.33,-27.55,27.50,0.68,2312.33,2157.05,586.51,398.11,8.65,47.92,1044.81,13.86,2114.85,8716.98,1408.48,4382.24,8.70,1.84,1211.80,61856.00,56461.00,61599.00,10.22,0.56,39.18,2114.85
Navin Fluo.Intl.,532504,NAVINFLUOR,INE048G01026,Chemicals & Petrochemicals,Specialty Chemicals,8553.00,43882.46,1127.82,8775.50,6753.85,2.54,1271.75,27.08,243.31,107.67,117.16,202.29,14.43,281.86,185.40,148.37,0.00,55.18,1075.40,41.79,3633.58,42.43,44.07,243.31,795.30,20.96,19.64,124.32,23.28,7.89,893.57,570.81,6735.77,361.05,54.94,65.15,40.52,3.43,96.87,3964.33,1229.03,1561.68,34.17,11.03,1045.08,138594.00,143987.00,138398.00,23.73,28.46,20.73,96.87
Navkar Corporat.,539332,NAVKARCORP,INE278M01019,Transport Services,Logistics Solution Provider,98.44,1481.71,121.47,247.00,102.35,25.71,177.30,70.37,12.28,401.22,2.45,13.98,-12.16,19.18,9.36,4.35,0.00,37.07,251.23,54.71,739.76,45.58,37.77,12.28,39.97,3.06,1.56,238.93,6.44,1.25,77.04,83.97,102.39,42.41,1.27,43.53,3.85,-2.14,19.49,1807.44,0.00,229.89,12.15,0.76,190.75,59524.00,60347.00,56267.00,0.67,0.02,28.94,19.49
Navneet Educat.,508989,NAVNETEDUL,INE060A01024,Household Products,Stationary,133.11,2944.57,298.00,193.60,142.50,21.00,108.00,63.29,130.84,-16.66,157.00,26.68,261.54,6.71,188.00,-15.00,0.00,23.53,241.52,-2.22,1715.00,-3.76,-0.76,141.00,125.13,10.23,8.03,-37.89,16.60,1.58,307.00,274.43,142.59,25.88,0.30,41.00,41.97,7.63,67.00,1998.00,975.00,1108.00,11.22,1.44,788.00,39641.00,39807.00,45584.00,3.20,13.57,19.94,67.00
Nazara Technolo.,543280,NAZARA,INE418L01047,Entertainment,Digital Entertainment,356.35,13676.57,1214.13,419.51,290.88,2.37,214.93,33.98,-79.92,-249.49,53.46,46.96,-248.06,-118.84,8.84,-33.93,86.97,,480.04,-8.82,1758.98,-6.07,-14.03,-82.47,-207.22,27.23,30.49,-267.34,-19.23,14.58,148.63,65.50,290.22,-55.31,-3.00,65.15,458.17,0.16,255.12,3399.39,2063.70,1238.39,-1003.41,3.80,428.77,100544.00,100165.00,119223.00,15.51,2.47,48.04,255.12
NBCC,534309,NBCC,INE095N01031,Construction,Civil Construction,89.21,24086.70,876.12,139.83,98.60,29.20,0.26,61.75,154.83,17.18,132.13,241.39,-37.67,148.33,197.22,156.69,0.00,35.20,2938.92,0.86,12755.65,3.79,-5.51,158.01,684.36,29.32,20.40,7.53,6.99,12.03,439.46,661.13,98.69,152.01,0.54,37.28,5715.84,7.85,6515.72,2747.26,19.41,15259.70,18.38,7.98,2259.53,1226689.00,1277277.00,1391782.00,4.77,11.28,22.20,6515.72
NBI Indl. Fin.,,NBIFIN,INE365I01020,Finance,Non Banking Financial Company (NBFC),1990.00,588.02,16.70,4100.00,2096.27,33.47,0.00,74.17,1.11,417.14,-0.35,0.26,326.92,,6.49,6.03,0.00,42.33,,765.87,21.61,55.47,416.67,1.11,13.89,0.56,0.42,65.16,51.15,7.40,6.01,4.97,2097.34,,,39.47,0.43,0.20,1.97,2636.88,2722.92,2.93,31.66,0.22,2.17,2725.00,2661.00,2741.00,0.17,2.46,23.20,1.97
NCC,500294,NCC,INE868B01028,Construction,Civil Construction,147.20,9241.90,1964.22,364.50,159.95,33.84,3457.00,23.09,216.40,12.63,192.14,206.02,5.60,167.50,135.22,167.33,3.80,12.80,4681.40,3.05,21455.84,-1.81,12.22,228.90,722.28,16.80,9.19,-9.95,3.94,0.89,-458.51,741.70,160.08,420.76,2.52,55.99,1581.00,0.60,1288.73,7743.38,153.30,22241.34,5.54,1.17,5811.83,543274.00,557418.00,557585.00,11.29,17.88,47.75,1288.73
NCL Industries,502168,NCLIND,INE732C01016,Cement & Cement Products,Cement & Cement Products,181.85,822.56,221.93,310.00,186.29,17.49,239.48,41.67,17.24,-20.77,21.76,66.20,-59.04,24.91,13.26,19.74,13.66,6.64,357.48,3.60,1430.95,3.52,2.49,17.24,123.96,14.49,14.48,190.58,5.02,0.44,145.71,96.47,186.33,45.08,5.51,58.73,21.38,3.99,9.98,901.01,46.24,368.77,5.05,0.87,343.67,48540.00,48817.00,53412.00,3.45,0.03,54.84,9.98
NDR Auto Compon.,543214,NDRAUTO,INE07OG01012,Auto Components,Auto Components & Equipments,744.30,1770.34,104.75,1220.00,808.81,37.27,61.70,73.13,16.40,20.59,13.60,18.45,-11.11,19.39,15.19,14.85,0.00,27.07,237.77,18.91,858.77,18.18,19.56,16.40,65.40,22.18,18.94,18.22,7.41,3.59,37.12,83.82,809.46,26.59,8.15,33.65,62.87,-0.58,23.26,333.93,82.52,181.12,16.42,4.95,221.45,25680.00,26000.00,25305.00,0.08,0.01,26.78,23.26
NDR INVIT Trust,,NDRINVIT,INE0Q7Q23015,Commercial Services & Supplies,Diversified Commercial Services,142.50,6527.06,366.65,146.90,121.76,3.00,2152.51,,36.16,-5.44,38.24,-4.97,538.30,44.26,33.27,36.60,14.90,65.56,128.24,23.77,442.70,26.31,22.12,36.00,99.56,5.08,2.47,-22.78,29.03,2.76,531.03,293.61,121.55,113.16,0.97,55.84,63.75,3.06,436.35,-141.23,11.45,589.25,21.00,1.49,124.02,,,,,,,436.35
NDTV,532529,NDTV,INE155G01029,Entertainment,TV Broadcasting & Software Production,74.35,838.85,-249.31,454.82,84.61,44.72,257.55,69.02,-81.64,-16.00,-70.38,-97.84,16.93,-87.18,-80.25,-74.01,0.00,,137.54,12.49,537.87,12.35,8.90,-81.88,-328.59,-72.58,-339.79,-37.07,-69.85,-1.02,-257.89,-144.37,84.71,-70.86,-7.70,38.55,10.27,-52.54,14.93,83.13,33.53,327.09,-4.13,6.54,117.23,77690.00,78156.00,78198.00,0.00,0.00,30.97,14.93
Neetu Yoshi,544434,,INE0UZO01024,Industrial Products,Castings & Forgings,164.45,638.27,33.87,175.85,128.26,6.48,3.88,70.03,13.48,58.96,8.48,11.54,16.72,,,,0.00,25.51,,,98.35,39.33,53.19,13.47,25.02,31.78,27.52,52.47,24.85,11.58,4.03,12.28,127.89,,,54.57,0.53,-19.62,11.86,117.84,0.00,57.33,18.61,4.65,54.20,2152.00,2091.00,,0.06,3.25,26.67,11.86
Nelcast,532864,NELCAST,INE189I01024,Industrial Products,Castings & Forgings,115.34,1003.47,124.52,194.50,126.58,33.41,257.19,74.87,5.14,-58.88,12.50,15.27,-66.34,6.69,15.90,4.76,0.00,24.43,318.29,6.55,1337.59,4.22,2.77,5.14,41.07,11.43,8.43,1.31,1.51,1.41,91.58,104.83,126.69,19.81,0.77,37.17,78.30,5.17,84.81,579.24,23.78,668.00,10.48,1.68,341.05,28233.00,28516.00,29028.00,0.39,0.12,24.62,84.81
NELCO,504112,NELCO,INE045B01015,IT - Hardware,Computers Hardware & Equipments,936.00,2135.95,33.73,1502.75,809.56,16.47,72.84,50.09,2.08,15.56,1.80,1.09,114.68,1.35,-1.19,1.62,0.00,357.78,79.17,6.51,311.84,2.05,7.01,2.34,5.97,7.21,0.46,-11.82,2.60,4.53,15.26,19.66,808.29,7.74,0.59,48.59,14.61,4.59,20.25,106.01,4.22,182.04,65.96,16.58,80.03,69141.00,71660.00,70299.00,5.62,0.05,43.99,20.25
Neogen Chemicals,542665,NEOGEN,INE136S01016,Chemicals & Petrochemicals,Specialty Chemicals,2183.30,5978.24,143.71,2483.90,1738.06,12.10,1395.09,53.00,17.11,66.76,10.26,11.39,50.22,13.65,3.69,3.37,23.00,168.12,257.34,23.33,925.53,18.00,34.04,17.11,35.56,6.46,3.58,-12.07,6.84,-25.55,-231.48,195.98,1733.58,42.84,4.98,53.42,4.96,-20.39,4.95,789.87,0.45,1392.51,45.14,7.06,250.29,61988.00,54332.00,46321.00,4.11,19.60,23.27,4.95
Nephrocare Health Services,544647,NEPHROPLUS,INE428V01029,Healthcare Services,Healthcare Service Provider,693.65,6975.28,246.96,769.75,596.72,9.89,79.71,63.85,31.97,34.89,23.70,30.37,5.27,,32.24,-9.47,0.00,81.96,,,1052.82,32.16,23.69,31.97,85.11,15.34,8.83,11.62,11.35,5.99,232.58,135.35,595.74,,,52.65,155.39,4.59,255.46,1096.43,177.78,668.53,25.95,6.23,281.75,44091.00,43409.00,,8.78,9.05,18.30,255.46
NESCO,505355,NESCO,INE317F01035,Commercial Services & Supplies,Diversified Commercial Services,1018.90,7179.17,595.81,1638.90,1134.25,37.83,271.72,68.54,99.96,3.97,96.14,93.05,7.43,126.02,104.64,118.91,0.00,17.23,287.61,20.25,950.52,21.24,9.55,99.96,416.56,18.54,14.84,3.73,47.20,1.83,387.79,348.90,1135.41,148.63,17.88,35.39,18.73,-1.10,24.94,2982.33,1519.70,165.30,12.43,2.40,211.80,46381.00,46130.00,43336.00,4.32,4.12,23.03,24.94
Nestle India,500790,NESTLEIND,INE239A01024,Food Products,Packaged Foods,1451.50,279894.82,5342.42,1553.00,1363.37,6.54,444.16,62.76,979.67,48.61,659.23,1140.75,-12.48,1343.87,1018.06,753.20,0.00,74.54,6875.54,21.83,24436.62,19.30,25.16,975.12,3754.89,84.14,73.17,24.81,15.36,6.54,5047.56,2934.53,1362.48,1594.52,6.97,42.60,95.65,44.99,1340.87,5116.41,705.60,4590.47,48.08,52.72,6378.18,479696.00,492124.00,519439.00,10.30,11.89,15.04,1340.87
Netweb Technol.,543945,NETWEB,INE0NT901020,IT - Services,IT Enabled Services,5271.90,31339.29,303.68,5813.00,3938.24,9.31,282.23,66.98,85.32,179.92,30.48,70.59,20.87,84.40,73.31,31.43,0.00,120.24,707.44,132.93,2702.04,107.70,172.13,85.32,260.65,37.50,32.84,102.07,10.41,59.99,171.49,-13.21,3924.84,100.52,14.20,58.40,179.53,5.38,589.35,711.91,0.00,2189.90,80.24,41.50,819.69,246932.00,243292.00,181134.00,9.27,5.91,17.84,589.35
Network People,544396,NPST,INE0FFK01017,Financial Technology (Fintech),Financial Technology (Fintech),1660.20,3463.76,65.13,3577.00,1501.00,25.77,13.76,60.48,11.05,53.69,7.19,12.24,-9.72,18.77,11.54,9.84,0.00,77.56,91.93,96.93,217.76,47.17,68.00,11.05,44.66,19.67,15.00,25.13,19.56,27.13,-45.43,29.06,1499.40,24.03,8.99,60.61,94.42,-3.08,309.38,419.60,0.77,444.08,43.61,7.86,56.48,9986.00,8162.00,5473.00,0.08,10.02,29.42,309.38
Netwrk.18 Media,532798,NETWORK18,INE870H01013,Entertainment,Media & Entertainment,30.45,4695.39,374.32,581.26,36.19,47.59,3287.71,56.89,-38.71,-2074.55,-1.78,-18.40,-29.55,-77.28,-5.29,41.25,0.00,,441.56,-11.30,2169.22,-48.53,10.34,-38.36,-1.70,3.01,0.75,98.67,-7.43,-0.18,-28.10,-1912.05,36.25,5.95,-0.50,55.53,4.39,-48.85,39.68,4152.91,6123.38,855.75,23.40,0.95,516.26,525106.00,531580.00,570692.00,4.33,0.12,38.66,39.68
Neueon Corporation,532887,NEUEON,INE333I01044,Electrical Equipment,Heavy Electrical Equipment,13.40,757.70,-195.00,470.00,9.15,52.48,41.98,90.00,-0.91,95.88,-22.08,-193.40,99.56,,-8.80,-88.91,0.00,,,,11.57,17.82,-98.65,-0.91,-234.02,-40.43,-43.73,-104.55,-1516.67,-0.23,-38.35,-1226.77,9.11,,,38.16,2.54,-36.81,1.41,163.67,0.00,185.57,-4.09,3.44,0.06,18180.00,18395.00,22652.00,0.00,0.18,9.82,1.41
Neuland Labs.,524558,NEULANDLAB,INE794A01010,Pharmaceuticals & Biotechnology,Pharmaceuticals,23545.00,30207.97,602.39,23899.00,16920.81,1.48,301.27,32.62,147.67,962.37,13.90,212.67,-30.56,280.54,40.57,96.85,2.29,60.69,1059.15,105.95,2371.81,78.33,119.16,147.67,497.76,26.47,21.25,277.69,23.02,9.88,346.68,317.40,16854.24,333.76,218.66,67.42,258.82,3.13,354.96,1861.57,1.98,1483.13,37.99,16.12,641.58,44340.00,46304.00,42419.00,21.08,16.52,29.79,354.96
New India Assura,540769,NIACL,INE470Y01017,Insurance,General Insurance,187.09,30832.43,1317.66,382.42,168.89,14.18,0.00,85.44,-242.65,-160.61,400.33,577.92,-141.24,-90.22,380.00,55.30,0.00,40.08,14542.00,8.12,49962.43,11.34,1.54,-239.15,769.28,4.29,4.92,-35.77,-2.01,-0.55,-4532.06,-3389.71,168.71,-90.27,-0.55,60.76,17710.50,-14.83,19289.89,0.00,0.00,0.00,46.50,,11899.69,166768.00,155586.00,158078.00,1.02,11.17,2.36,0.00
Newgen Software,540900,NEWGEN,INE619B01017,IT - Software,Computers - Software & Consulting,524.35,7472.51,460.10,1798.90,602.77,49.68,39.36,53.45,62.82,26.35,49.72,112.25,-40.90,88.41,62.82,81.74,0.00,21.80,432.61,7.94,1610.42,7.88,11.23,62.82,342.80,25.01,19.59,8.01,17.61,2.97,231.86,214.98,603.55,99.41,6.20,46.84,415.50,13.44,411.52,1636.19,703.08,1311.13,14.47,4.20,356.68,200312.00,193680.00,147452.00,13.78,8.15,23.88,411.52
Nexus Select,543913,NXST,INE0NDH25011,Realty,Real Estate Investment Trusts (REITs),166.95,25292.93,1753.97,191.90,159.18,13.00,6203.15,,156.52,30.89,119.58,12.18,1185.06,197.22,139.40,132.32,77.38,57.43,706.42,11.97,2634.94,12.33,10.91,156.52,440.42,5.83,2.69,-4.84,23.00,,1661.99,1532.41,159.10,479.59,1.30,50.18,77.00,6.55,59.95,-1884.92,1317.96,239.02,16.83,1.91,680.53,,,,,,,59.95
NGL Fine Chem,524774,NGLFINE,INE887E01022,Pharmaceuticals & Biotechnology,Pharmaceuticals,2877.30,1778.17,82.88,3789.45,2462.60,20.12,121.68,72.49,16.45,115.31,7.64,11.35,44.93,15.73,14.74,7.90,0.00,35.25,167.30,43.19,524.63,40.98,35.54,16.45,50.44,16.69,15.59,181.16,12.03,6.33,34.73,21.99,2458.43,22.28,25.45,37.60,4.86,-9.92,2.75,316.85,42.91,226.06,21.54,5.56,136.71,13393.00,12516.00,14010.00,0.05,0.02,27.43,2.75
NHPC Ltd,533098,NHPC,INE848E01016,Power,Power Generation,76.24,76583.35,7310.07,118.45,78.89,14.55,52326.69,61.39,1095.87,2.90,1065.02,1460.16,-23.97,629.83,320.60,1219.28,0.00,20.17,3869.91,15.00,12209.83,12.02,18.50,1178.09,3796.59,5.75,9.32,24.48,30.93,1.23,3293.62,5026.18,78.92,1925.88,0.58,40.80,2750.94,-4.25,3651.04,31392.15,439.79,14660.24,15.98,1.85,3808.31,3305630.00,3367954.00,3773352.00,12.29,14.54,10.64,3651.04
NIBE,535136,NIBE,INE149O01018,Aerospace & Defense,Aerospace & Defense,1392.20,2158.16,48.68,2245.40,1327.41,24.74,119.66,51.46,-11.03,-680.53,1.90,29.23,-143.49,-25.51,-18.87,-9.69,0.00,,124.48,69.66,454.96,-5.17,-23.62,-11.99,-7.30,4.79,1.94,-135.21,-19.03,,-34.52,25.03,1326.76,-9.35,-15.14,42.39,9.31,-21.63,46.84,333.46,1.30,345.73,68.79,5.97,63.01,44534.00,42288.00,44466.00,11.47,0.58,36.48,46.84
NIIT,500304,NIITLTD,INE161A01038,Other Consumer Services,Education,102.97,1410.62,53.28,233.80,91.15,12.48,6.95,40.87,9.70,60.07,6.06,-4.93,316.09,-12.16,4.57,0.65,0.00,100.43,117.92,12.36,401.71,11.83,13.71,7.52,14.05,2.24,0.87,-69.47,9.55,1.68,7.00,29.30,91.03,-2.55,-0.89,63.24,56.66,-1.77,35.60,1042.90,655.99,160.67,23.96,1.31,95.65,108184.00,109708.00,113331.00,8.06,11.14,39.91,35.60
NIIT Learning,543952,NIITMTS,INE342G01023,Other Consumer Services,Education,232.51,3208.70,407.56,576.90,289.21,47.63,318.16,34.25,58.23,8.82,53.51,54.19,-25.55,73.37,74.34,46.96,0.00,13.97,583.77,22.71,2065.72,21.70,25.20,57.41,229.69,20.87,15.48,1.12,10.30,1.03,288.44,247.10,289.78,104.93,5.32,44.75,342.46,14.19,394.65,1515.39,531.34,1376.42,7.65,2.07,565.08,70268.00,68595.00,72819.00,14.44,25.38,25.92,394.65
Nila Spaces,542231,NILASPACES,INE00S901012,Realty,"Residential, Commercial Projects",12.93,509.30,70.33,20.47,13.37,36.83,78.68,61.90,8.47,44.54,5.86,9.20,-8.51,7.43,8.18,5.34,0.00,16.34,54.30,28.73,190.85,31.15,14.30,8.60,31.17,31.32,18.23,72.88,18.43,-7.18,-28.95,-40.47,13.37,17.36,0.19,58.10,9.40,-7.81,7.03,131.38,9.09,328.77,7.54,2.98,46.67,83496.00,83424.00,87500.00,0.00,0.00,38.08,7.03
Nilkamal Ltd,523385,NILKAMAL,INE310A01015,Consumer Durables,Plastic Products - Consumer,2096.80,3128.43,355.30,3180.00,1491.39,0.63,418.23,64.54,24.32,59.58,15.24,41.52,-41.47,41.97,25.40,33.67,0.00,23.24,1011.43,4.52,3714.65,7.57,-7.18,24.40,134.59,10.61,8.22,30.18,2.98,1.18,305.56,247.45,1485.30,92.30,28.04,70.07,139.48,4.19,83.34,1562.46,74.19,1321.79,9.34,1.98,819.73,21248.00,20845.00,21701.00,0.97,12.90,21.59,83.34
NINtec Systems,539843,NINSYS,INE395U01014,IT - Software,Computers - Software & Consulting,713.40,1325.21,44.88,937.00,596.88,23.86,1.89,47.60,9.20,20.26,7.65,8.74,5.26,12.24,7.75,7.87,0.00,39.49,50.39,20.86,177.20,21.58,18.10,9.20,33.56,53.97,40.57,18.84,20.06,,26.46,23.73,595.71,13.04,6.59,33.89,26.20,21.54,38.80,73.05,36.18,100.55,27.18,14.46,45.86,6918.00,8312.00,9719.00,0.01,0.01,52.36,38.80
Nippon Life Ind.,540767,NAM-INDIA,INE298J01013,Capital Markets,Asset Management Company,1223.00,78245.29,2019.24,1269.50,1024.25,3.66,75.34,71.80,503.70,27.16,396.12,384.72,30.93,531.08,403.90,344.64,0.00,47.80,825.12,25.37,2869.00,23.01,26.42,503.70,1636.96,43.80,34.48,21.24,65.68,6.79,1466.02,1199.53,1022.25,546.40,8.30,56.40,287.68,20.77,302.12,4021.02,3767.09,506.68,36.07,16.75,766.87,200154.00,208596.00,210173.00,7.04,15.49,5.67,302.12
Nirlon,500307,NIRLON,INE910A01012,Commercial Services & Supplies,Diversified Commercial Services,640.70,5773.99,535.34,664.20,570.80,3.54,1146.90,67.66,69.38,18.78,58.41,70.59,-1.71,94.02,69.32,147.66,0.00,16.18,173.84,5.16,674.49,4.97,3.26,69.38,356.95,30.77,83.81,57.43,41.22,1.10,477.48,480.09,570.09,134.72,10.43,63.67,173.94,26.46,297.78,378.49,0.00,337.93,12.33,12.32,168.31,26433.00,27608.00,27023.00,4.49,0.01,27.85,297.78
Nitco,532722,NITCO,INE858F01012,Consumer Durables,Ceramics,96.67,2325.55,36.86,360.00,98.47,23.28,314.49,23.96,-10.27,-121.61,47.53,-7.73,-32.61,-11.60,-11.96,0.94,67.13,,140.73,30.67,507.80,28.75,-22.77,-10.33,-24.92,7.07,10.76,86.76,-8.90,-3.08,-152.58,-147.97,98.49,-11.82,-0.48,46.95,91.36,-17.19,31.37,124.30,0.76,905.51,-118.90,6.37,116.01,28110.00,25484.00,21997.00,2.10,0.59,73.35,31.37
Nitin Spinners,532698,NITINSPIN,INE229H01012,Textiles & Apparels,Other Textile Products,627.00,3524.99,457.76,647.85,463.32,3.22,1124.49,56.71,75.27,83.63,40.99,57.36,31.22,64.39,44.41,34.79,0.00,16.64,785.89,3.40,3295.58,-0.01,10.30,75.27,211.83,12.21,12.76,21.53,8.60,0.94,410.52,307.43,461.67,119.59,11.45,66.00,9.51,1.88,8.64,1414.51,17.14,1146.46,9.23,2.40,875.03,31698.00,35002.00,36483.00,1.92,14.68,26.70,8.64
Nitta Gelatin,506532,NITTAGELA,INE265B01019,Chemicals & Petrochemicals,Specialty Chemicals,1567.80,1423.56,150.60,2088.00,1282.40,24.91,4.23,74.49,25.28,28.39,19.69,34.08,-26.16,30.83,25.59,18.39,0.00,13.70,153.90,11.47,590.39,10.37,1.50,25.18,103.89,27.70,20.99,36.60,17.95,1.39,122.49,75.43,1279.53,35.14,33.95,39.39,139.09,13.69,178.93,502.17,7.96,382.10,7.94,2.78,140.87,11285.00,10551.00,11574.00,0.05,0.95,24.51,178.93
Niva Bupa Health,544286,NIVABUPA,INE995S01015,Insurance,General Insurance,82.17,15195.15,162.48,109.41,81.16,10.10,0.00,55.30,137.80,92.89,71.44,159.36,-13.53,36.75,-87.64,-35.27,0.00,87.20,2037.51,29.45,7907.38,27.91,27.93,137.80,174.25,3.15,3.46,-42.64,5.58,1.41,904.86,1654.38,81.15,36.79,0.20,37.44,220.35,26.88,158.66,0.00,0.00,0.00,62.90,,2471.26,126567.00,135343.00,154883.00,12.09,16.17,16.44,0.00
Niyogin Fintech,538772,,INE480D01010,Finance,Non Banking Financial Company (NBFC),58.21,647.57,37.66,172.75,48.49,22.36,225.13,39.50,-2.72,-78.95,-1.52,0.71,-551.35,-0.68,0.48,0.63,0.00,,59.47,-15.16,270.75,-19.26,-19.78,-5.01,-1.64,5.57,-0.12,84.94,-7.64,-0.78,-80.95,-86.00,48.39,2.22,-0.03,64.54,114.18,-17.05,143.43,213.90,1.26,246.45,19.47,1.99,65.58,10138.00,10308.00,11139.00,19.53,2.04,38.92,143.43
NLC India,513683,NLCINDIA,INE589A01014,Power,Power Generation,271.40,37633.32,7475.28,387.80,285.74,30.02,27891.78,69.47,484.27,-39.28,797.59,1393.46,-70.55,567.85,724.01,724.80,0.00,11.73,5049.59,20.85,18380.67,16.85,23.29,436.33,3208.88,10.45,17.50,12.22,9.25,0.48,5166.07,8977.12,285.89,1638.19,4.10,35.22,319.70,1.09,842.22,20138.12,8.47,8443.54,8.35,1.75,4716.75,333052.00,303919.00,337506.00,4.62,12.94,8.66,842.22
NMDC,526371,NMDC,INE584A01023,Minerals & Mining,Industrial Minerals,88.21,77552.62,10747.90,147.56,82.95,9.52,6406.81,60.79,1976.46,0.44,1967.80,2027.43,-2.51,2485.55,1757.29,1698.04,0.00,10.40,8350.92,30.93,32127.28,27.34,0.84,1976.23,7459.76,27.58,23.37,14.07,29.08,1.35,4996.25,1894.28,82.89,2653.65,2.83,63.40,10088.55,5.40,11387.32,33183.15,1371.72,29411.44,6.73,2.28,6795.25,1129202.00,1130914.00,1142938.00,13.59,13.80,11.80,11387.32
NMDC Steel,543768,NSLNISP,INE0NNS01018,Ferrous Metals,Iron & Steel,41.44,12144.43,1604.20,73.70,42.59,22.90,4613.18,60.79,50.51,97.61,25.56,391.91,-87.11,-37.70,-243.97,-114.78,0.00,145.15,4552.24,34.29,13938.43,41.57,8.81,50.51,83.67,3.06,0.45,104.65,1.38,1.52,1795.50,1965.98,42.60,427.30,-0.13,45.21,907.64,-0.63,799.98,10242.59,0.00,6459.00,9.86,0.92,3661.84,711902.00,721360.00,781628.00,5.48,15.78,17.93,799.98
NOCIL,500730,NOCIL,INE163A01018,Chemicals & Petrochemicals,Specialty Chemicals,165.10,2757.58,124.70,336.10,168.29,19.27,8.04,33.76,27.76,60.83,17.26,17.00,63.29,15.54,9.25,12.12,21.26,39.64,343.21,7.07,1369.77,0.96,19.87,27.76,69.57,3.93,2.60,-25.26,6.89,1.51,252.08,25.56,168.32,29.78,0.93,48.91,33.46,3.23,34.86,1606.37,414.68,563.24,18.01,1.55,403.02,161342.00,165835.00,165648.00,4.78,7.48,53.99,34.86
Northern Arc,544260,NORTHARC,INE850M01015,Finance,Non Banking Financial Company (NBFC),293.50,4744.47,1453.21,351.00,272.35,12.13,12258.35,0.00,114.33,41.06,81.05,132.50,-13.98,152.99,101.70,90.98,0.00,10.80,781.51,24.55,2870.02,21.13,28.80,114.11,439.30,9.74,11.08,50.39,14.63,-0.26,-1540.60,-1046.68,272.14,415.33,9.46,53.33,647.35,-10.79,496.81,3733.99,2942.91,1125.99,10.71,1.22,779.77,90306.00,96297.00,111037.00,8.64,5.63,85.72,496.81
Novartis India,500672,NOVARTIND,INE234A01025,Pharmaceuticals & Biotechnology,Pharmaceuticals,1490.10,3679.18,132.87,1780.00,1218.38,16.29,3.21,70.68,32.21,16.62,27.62,25.25,27.56,27.65,16.09,24.22,0.00,37.63,98.80,9.37,370.59,5.42,18.57,32.21,97.77,16.25,11.63,-4.87,31.03,4.63,46.73,74.57,1215.65,28.28,11.20,43.64,648.03,9.71,667.70,805.49,0.00,768.25,21.74,4.50,103.81,36706.00,38116.00,39040.00,0.15,1.39,27.79,667.70
NRB Bearings,530367,NRBBEARING,INE349A01021,Auto Components,Auto Components & Equipments,473.65,4590.74,265.05,504.00,352.76,6.02,153.88,44.73,35.01,9.09,32.09,41.41,-10.29,45.90,29.32,41.41,14.99,30.72,377.06,15.95,1394.63,14.37,19.18,37.76,149.44,18.41,15.58,10.71,9.71,3.56,240.87,83.69,351.54,64.83,4.62,58.15,55.99,6.04,33.44,943.25,73.58,761.18,17.12,4.77,369.53,65659.00,70810.00,73187.00,18.92,13.85,22.50,33.44
NTPC,532555,NTPC,INE733E01010,Power,Power Generation,334.60,324450.45,60811.14,448.45,356.38,19.26,271004.58,51.10,6721.05,11.82,6010.60,10486.47,-35.03,5118.25,5597.05,5225.30,0.00,11.69,46351.13,3.50,191058.77,2.35,7.81,6896.44,27762.97,8.92,15.09,15.88,13.59,0.56,50901.81,50487.84,356.60,13366.88,5.14,38.07,11457.10,1.85,8003.78,193479.00,24179.99,94683.51,9.78,1.60,50740.96,3201112.00,3300179.00,3965860.00,16.30,29.44,3.14,8003.78
NTPC Green Ene.,544289,NTPCGREEN,INE0ONG01011,Power,Power Generation,91.27,76907.11,2682.12,155.35,97.50,23.91,31716.14,89.01,304.84,38.26,220.48,197.05,54.61,121.77,17.32,86.38,0.00,126.71,920.30,50.30,3285.07,42.12,62.72,304.84,606.96,3.56,2.79,8.90,27.54,,2386.20,2050.81,97.56,798.69,0.14,42.59,3517.39,-23.07,617.50,10538.86,3536.29,1467.11,35.87,4.06,1106.86,1230466.00,1301463.00,1386018.00,1.67,5.21,4.12,617.50
Nucleus Soft.,531209,NUCLEUS,INE096B01018,IT - Software,Software Products,740.10,1948.34,162.29,1830.00,820.28,31.78,8.55,73.59,16.12,-54.20,35.20,36.78,-30.91,15.12,20.70,26.29,0.00,17.05,213.71,0.10,868.74,1.66,-3.35,23.87,114.27,16.83,13.08,-31.98,7.66,1.30,117.46,150.94,821.08,20.01,5.74,56.21,122.67,16.13,123.11,881.12,643.78,298.20,11.21,2.15,210.43,40028.00,39648.00,42545.00,3.32,1.48,21.60,123.11
Nupur Recyclers,,NRL,INE0JM501013,Metals & Minerals Trading,Trading - Metals,123.55,853.35,27.75,143.40,78.66,0.00,33.43,73.60,6.48,83.05,3.54,2.77,121.26,4.03,4.76,4.33,0.00,49.73,74.88,53.57,244.30,40.64,55.60,7.39,17.16,15.12,11.29,26.92,9.31,,18.31,-18.67,78.20,6.76,0.51,74.48,4.13,-4.82,6.98,65.05,0.00,128.66,25.48,6.36,79.34,19074.00,19604.00,21770.00,0.41,0.00,25.99,6.98
Nurture Well Industries,531889,,INE882B01037,Food Products,Packaged Foods,22.76,529.94,91.69,46.00,28.66,50.52,35.27,53.81,10.67,-45.81,19.69,-0.99,1241.53,26.59,31.05,29.89,0.00,9.12,298.09,3.92,929.34,6.15,-38.84,13.47,58.09,22.92,21.29,-8.10,8.81,,-22.15,48.09,28.72,28.44,0.90,44.00,13.86,-10.90,5.29,346.64,0.00,321.67,6.84,1.43,152.81,38243.00,38287.00,27469.00,0.05,0.17,45.98,5.29
Nuvama Wealth,543988,NUVAMA,INE531F01023,Capital Markets,Stockbroking & Allied,1779.30,32670.71,2474.15,2067.00,1542.19,13.92,11543.52,53.98,305.79,15.85,263.96,269.15,13.71,361.19,253.62,253.98,62.80,30.17,1312.97,15.71,4884.26,12.80,22.59,305.64,1082.87,17.49,27.36,5.22,22.21,-1.57,-3013.53,-371.11,1539.80,688.12,19.67,54.27,20235.41,-12.80,21971.12,4084.53,358.24,26061.73,8.58,7.86,1376.22,116526.00,122511.00,123779.00,19.00,8.49,18.51,21971.12
Nuvoco Vistas,543334,NUVOCO,INE118D01016,Cement & Cement Products,Cement & Cement Products,324.65,11595.07,1870.28,577.90,336.36,32.01,4916.10,72.02,159.76,19.98,133.16,169.75,13.37,160.23,49.37,36.43,0.00,27.94,2687.72,9.36,11594.30,9.45,8.91,159.63,414.99,6.99,4.17,172.73,5.10,0.63,1485.17,1328.52,336.48,440.98,4.49,43.23,182.33,6.54,96.26,8985.16,0.83,2372.34,8.55,1.24,3128.71,179030.00,178159.00,192406.00,4.71,18.00,5.27,96.26
Nxt-Infra Trust,,NXT-INFRA,INE0SF023016,Construction,Civil Construction,96.80,4885.57,366.74,110.00,99.92,3.25,3112.29,,74.47,71.83,43.34,-1.19,6357.98,-30.81,13.05,45.67,2.00,37.01,70.11,-8.17,326.99,-11.55,7.62,74.47,132.00,6.35,3.82,-44.27,85.37,,186.52,260.42,99.95,26.45,-0.58,45.47,229.31,,297.79,-425.09,663.32,1143.96,19.53,1.14,87.23,,,,,,,297.79
O N G C,500312,ONGC,INE213A01029,Oil,Oil Exploration & Production,232.21,292126.66,118465.21,345.00,255.01,24.48,174316.50,58.89,11860.92,20.84,9815.59,11087.38,-52.08,10398.78,11946.42,12614.60,0.00,6.68,177572.66,12.45,704122.81,7.11,25.68,6554.44,43722.31,14.15,11.65,20.93,3.18,0.25,112719.34,90855.61,255.23,22810.85,8.27,32.05,27177.76,10.66,32179.04,365477.66,101084.40,139825.64,3.98,0.79,204987.35,2736414.00,2777888.00,3021301.00,8.01,19.31,3.50,32179.04
Oberoi Realty,533273,OBEROIRLTY,INE093I01010,Realty,"Residential, Commercial Projects",1870.00,67993.62,3565.79,2349.80,1713.63,5.85,2825.40,67.71,543.51,29.02,421.25,703.28,-22.72,1243.33,622.64,760.26,0.00,25.68,2384.58,34.04,6322.40,29.86,31.73,543.51,2647.36,17.28,14.55,28.37,41.78,5.39,1379.86,2162.58,1712.06,1350.37,34.19,53.72,1002.97,7.31,1696.75,17558.02,1737.30,15976.85,17.93,3.79,1300.89,94765.00,93923.00,104866.00,15.11,14.83,2.36,1696.75
OBSC Perfection,,OBSCP,INE0YHV01011,Auto Components,Auto Components & Equipments,856.05,2212.51,43.64,921.00,470.53,7.05,85.42,69.81,9.47,88.27,5.03,8.66,9.35,,7.85,5.48,0.00,70.33,,,255.00,54.27,84.73,9.47,31.46,19.52,19.58,61.45,12.25,44.83,-1.95,8.85,466.65,,,68.49,16.60,-19.48,16.66,155.59,0.00,193.18,45.15,12.19,77.31,2770.00,2273.00,1435.00,0.64,1.60,27.95,13.25
OCCL,544278,OCCLLTD,INE0PK601023,Chemicals & Petrochemicals,Commodity Chemicals,161.11,804.75,92.58,184.50,120.20,12.68,89.56,51.76,40.25,206.32,13.14,18.48,108.01,26.32,6.53,8.69,0.00,10.54,185.69,55.21,602.48,40.17,78.46,40.25,76.33,12.99,12.15,120.61,18.32,,11.02,69.78,119.79,38.47,5.27,57.13,0.21,3.61,4.07,421.28,14.38,211.44,6.93,1.87,219.67,19549.00,19476.00,20576.00,0.27,4.75,43.22,4.07
Oil India,533106,OIL,INE274J01014,Oil,Oil Exploration & Production,469.15,76312.30,13498.22,767.90,452.21,11.65,37477.98,56.66,3629.79,91.40,1896.42,2099.61,66.09,2735.99,1435.89,1643.81,0.00,9.14,10979.39,30.80,38520.79,19.18,57.70,4026.83,8353.31,11.56,12.29,27.31,32.21,0.57,10683.75,11332.04,452.04,3898.64,15.16,54.64,7197.17,-0.23,5608.85,56371.75,36781.70,18903.39,6.56,1.32,12503.32,457085.00,464370.00,512886.00,7.28,20.13,6.06,5608.85
Ola Electric,544225,OLAELEC,INE0LXG01040,Automobiles,2/3 Wheelers,38.00,17587.95,-765.00,157.53,39.93,46.67,2763.00,32.96,-336.00,21.50,-428.00,-500.00,32.80,-368.05,-487.00,-418.00,0.00,,351.07,-49.12,1880.00,-49.16,-45.05,-336.00,-1741.00,-19.56,-43.16,26.13,-73.85,-1.14,-775.00,-2391.00,39.95,-158.31,-0.80,46.14,3516.00,-29.31,1542.00,-1060.00,0.00,3251.00,-25.01,5.00,455.00,1944870.00,1953658.00,1672492.00,4.11,12.16,46.26,1542.00
Olectra Greentec,532439,OLECTRA,INE260D01016,Automobiles,Passenger Cars & Utility Vehicles,1326.40,10887.19,352.28,2222.00,1284.77,22.62,380.30,50.02,25.95,-0.31,26.03,55.52,-53.55,84.50,46.68,49.43,0.00,61.36,963.35,46.71,2540.45,38.43,65.75,26.66,177.42,21.05,15.59,25.90,4.63,8.73,103.76,140.67,1284.35,127.15,10.02,47.09,170.29,-0.63,171.95,1194.75,94.39,1734.12,30.05,8.87,575.51,433537.00,456911.00,522281.00,7.95,0.58,41.47,171.95
Om Infra,531092,OMINFRAL,INE239D01028,Construction,Civil Construction,82.10,790.65,46.12,227.90,93.74,42.99,86.25,67.05,11.45,1268.37,-0.98,6.46,77.24,3.07,8.08,7.01,0.00,24.49,120.76,-2.45,520.08,-19.68,19.20,11.45,32.29,4.70,2.73,44.28,9.21,2.46,-4.33,5.80,93.86,8.51,0.32,35.75,85.03,3.48,79.55,752.73,56.18,870.26,14.52,1.04,124.37,37651.00,38688.00,42106.00,0.11,4.06,28.78,79.55
Om Power Transmission,544750,OMPOWER,INE25E901019,Construction,Civil Construction,172.84,591.89,59.72,206.95,182.97,16.48,47.67,69.05,10.52,25.99,8.35,16.65,-36.82,,8.63,,0.00,14.03,,,449.16,60.74,36.88,10.52,40.02,42.70,38.19,81.58,8.65,,-25.63,12.45,183.07,,,55.96,4.29,-3.53,7.03,110.27,0.14,310.31,10.59,,121.63,22815.00,,,4.12,1.21,25.62,7.03
Omaxe,532880,OMAXE,INE800H01010,Realty,"Residential, Commercial Projects",109.37,2000.38,-609.50,487.90,83.58,3.10,1466.24,74.14,0.90,100.48,-185.75,-191.30,100.68,-171.54,-153.20,-166.42,15.02,,348.63,8.67,1377.33,-8.28,43.91,1.30,-510.21,-109.77,,29.56,0.32,0.23,211.99,1006.67,83.32,-114.20,-6.49,70.62,743.92,123.24,909.01,-1084.42,18.40,15133.83,-6.15,,406.17,47595.00,47585.00,48598.00,5.33,1.40,19.13,909.01
Omnitech Engg.,544720,OMNI,INE0UH301010,Industrial Manufacturing,Industrial Products,578.15,7149.75,195.62,769.00,399.60,24.82,434.72,74.19,29.73,470.63,5.21,29.31,1.33,,22.23,22.55,0.00,68.77,,,574.76,49.11,61.48,29.73,103.96,17.56,17.98,80.98,17.84,,-1.98,-68.96,397.81,,,49.83,5.13,-15.65,163.80,617.89,1.78,867.74,33.08,10.52,166.66,20968.00,19030.00,,4.31,10.81,10.68,163.80
One 97,543396,PAYTM,INE982J01020,Financial Technology (Fintech),Financial Technology (Fintech),1716.00,110018.44,1345.00,1961.05,1222.96,0.94,172.00,0.00,220.00,57.59,139.60,164.41,20.22,25.87,225.00,21.00,0.00,135.59,2538.31,23.16,8967.00,22.55,27.63,220.00,811.41,4.96,4.64,262.55,8.99,-42.56,-743.00,-121.00,1218.01,184.51,0.40,76.46,11557.00,-3.85,13025.00,15962.00,4501.00,17775.00,68.23,6.85,2448.00,776661.00,820408.00,915364.00,48.09,24.87,27.04,13025.00
One Global Serv,514330,ONEGLOBAL,INE670O01013,Healthcare Services,Healthcare Service Provider,556.50,1087.57,93.49,790.00,535.04,29.56,0.03,68.40,14.30,45.62,9.82,18.19,-21.39,74.32,21.66,19.79,0.00,14.71,393.33,191.40,512.83,161.55,17.01,14.30,73.94,87.02,65.27,180.50,13.91,22.80,2.76,14.45,534.82,75.06,38.03,45.02,27.15,5.72,15.67,121.69,0.48,234.40,10.78,7.70,102.77,9204.00,8461.00,6374.00,7.72,0.01,23.87,15.67
One Mobikwik,544305,MOBIKWIK,INE0HLU01028,Financial Technology (Fintech),Financial Technology (Fintech),194.88,1534.62,-5.31,698.30,218.62,41.65,275.96,25.08,7.62,118.18,-41.92,8.07,73.97,-9.14,4.05,-28.62,0.00,521.98,282.81,4.66,1129.35,2.74,3.73,7.62,2.94,-2.25,-8.28,101.87,2.71,-1.33,-78.14,-68.16,218.86,-0.97,-1.16,41.57,968.86,-7.63,893.14,523.15,8.97,1262.35,21.95,2.85,281.48,164325.00,167477.00,187251.00,4.48,3.52,66.91,893.14
One Point One,544748,ONEPOINT,INE840Y01029,Commercial Services & Supplies,Business Process Outsourcing (BPO)/ Knowledge Process Outsourcing (KPO),55.51,1459.56,90.34,77.50,54.46,15.89,220.31,52.30,16.31,72.78,9.44,10.32,58.81,11.47,8.64,9.85,35.99,31.70,131.52,85.58,402.69,52.41,129.42,16.31,46.05,10.88,9.22,31.61,10.30,2.60,120.94,27.84,54.45,30.72,0.44,42.56,13.50,-11.39,60.96,394.02,59.30,244.54,14.83,3.27,158.32,53275.00,58358.00,68779.00,5.22,0.95,39.71,60.96
Onemi Technology,544754,KISSHT,INE12F801023,Finance,Other Financial Services,306.55,5164.85,680.55,351.50,253.94,12.79,1928.08,24.80,95.08,59.16,59.74,82.18,15.70,,77.09,,0.00,16.30,,,2188.22,61.79,44.57,95.08,281.45,22.59,24.02,75.34,14.20,-1.20,-460.82,-661.43,253.41,,,49.40,144.49,-20.35,241.21,1330.91,8.05,3125.12,10.07,,669.50,36039.00,,,7.64,19.05,48.52,241.21
OneSource Speci.,544292,ONESOURCE,INE013P01021,Pharmaceuticals & Biotechnology,Pharmaceuticals,1483.60,17012.87,319.25,2249.65,1631.02,22.93,1503.94,30.48,29.24,1046.67,2.55,4.62,443.48,-7.42,-88.70,10.49,37.23,,428.88,14.14,1543.34,4.29,37.20,25.00,-37.31,0.57,-1.09,-141.74,6.51,-9.13,8.52,-67.85,1632.50,104.47,-0.65,33.72,300.90,-4.42,97.57,5819.83,15.68,1425.94,52.23,2.92,449.02,77899.00,79460.00,87760.00,19.19,23.37,26.95,97.57
Onida Electronics,500279,ONIDA,INE831A01028,Consumer Durables,Consumer Electronics,36.80,1359.86,-38.14,60.01,33.51,25.25,77.62,40.51,-14.18,-13.53,-12.49,-15.57,70.06,-20.20,-13.11,-1.78,28.42,,183.94,12.63,701.57,6.34,29.51,-14.18,-62.71,-16.44,-33.57,-259.16,-7.77,-8.36,-107.18,30.95,33.48,-14.98,-0.55,45.65,23.21,-7.89,37.27,200.82,44.52,425.06,-35.22,5.72,182.41,73126.00,72154.00,77614.00,0.03,0.08,59.37,37.27
Onix Solar,513119,ONIXSOLAR,INE173M01012,Non - Ferrous Metals,Copper,288.65,1064.19,40.31,782.20,434.64,63.10,0.00,50.22,20.83,1962.38,1.01,25.67,-18.85,,14.37,-0.76,0.00,17.70,,,223.53,77.60,107.39,20.83,60.11,10.21,10.18,645.78,22.22,-0.59,-738.80,17.24,436.10,,,10.84,1.64,-62.30,1.89,759.17,0.00,804.02,15.76,1.36,93.74,10452.00,8142.00,6431.00,0.00,0.77,49.00,1.89
OnMobile Global,532944,ONMOBILE,INE809I01019,Media,Web based media and service,53.66,570.70,34.23,372.50,57.75,36.17,76.93,47.90,-18.37,-217.17,15.68,-36.55,20.85,-11.11,3.51,5.95,0.00,,115.27,-10.05,514.28,-10.54,-2.05,-28.92,-45.26,-0.12,-1.82,-1224.50,-15.01,1.88,87.25,-23.88,57.79,-0.80,-1.04,29.76,39.96,-1.51,142.03,518.22,67.15,388.17,65.83,0.91,122.76,77971.00,80233.00,89673.00,0.06,0.00,52.04,142.03
Onward Technolog,517536,ONWARDTEC,INE229A01017,IT - Services,IT Enabled Services,283.40,630.55,78.85,740.00,280.77,20.62,39.84,39.97,11.17,-12.25,12.73,9.55,16.96,14.78,10.10,11.94,0.00,14.01,153.42,10.40,560.14,10.51,12.23,11.17,45.02,22.94,19.53,37.59,7.48,1.57,65.08,31.52,280.74,20.22,6.64,48.01,24.72,16.33,110.95,231.06,0.00,263.02,7.05,2.54,149.43,22336.00,20829.00,23310.00,9.32,1.80,47.53,110.95
Optiemus Infra.,530135,OPTIEMUS,INE350C01017,Telecom -  Equipment & Accessories,Telecom -  Equipment & Accessories,584.45,5269.78,138.09,873.80,499.21,18.03,372.82,71.40,21.18,45.77,14.53,22.47,-5.74,20.78,12.23,16.78,2.56,72.53,659.98,57.79,2216.25,20.93,102.82,21.18,72.66,10.91,9.16,10.56,2.40,47.38,-12.15,-12.54,498.35,35.29,2.30,54.76,145.79,-14.08,41.81,687.95,87.49,1076.32,37.53,6.67,882.99,33157.00,35481.00,40421.00,3.31,2.40,22.90,41.81
Oracle Fin.Serv.,532466,OFSS,INE881D01027,IT - Software,Software Products,11800.00,102758.09,3748.30,13220.00,9536.70,2.19,32.50,72.41,1415.50,120.52,641.90,841.70,68.17,1256.52,609.60,546.10,0.00,30.11,2561.60,43.20,8945.10,28.57,68.73,1415.50,3412.90,45.28,32.61,41.92,45.29,4.01,2638.30,2198.90,9513.95,1279.60,144.29,56.65,5951.40,26.69,5509.80,7783.00,0.00,7704.20,20.34,13.12,3125.20,125043.00,141643.00,129286.00,9.70,8.79,9.08,5509.80
Orbit Exports,512626,ORBTEXP,INE231G01010,Textiles & Apparels,Other Textile Products,237.00,608.13,59.43,306.40,201.24,15.46,16.33,66.05,24.63,64.09,15.01,1.00,2363.00,10.77,6.56,10.05,0.00,14.40,62.46,7.17,241.01,3.90,14.99,24.63,42.24,14.62,11.23,-4.48,31.95,1.23,57.37,33.49,200.88,15.19,4.20,49.70,1.75,13.02,4.31,280.95,114.95,104.87,8.58,2.04,77.09,9288.00,9899.00,10678.00,0.00,0.00,33.94,4.31
Orchid Pharma,524372,ORCHPHARMA,INE191A01027,Pharmaceuticals & Biotechnology,Pharmaceuticals,973.35,5828.93,69.99,2680.00,838.74,14.09,362.59,69.84,3.22,156.59,-5.69,26.06,-87.54,-5.44,-12.61,-5.72,0.00,322.75,243.31,25.73,1073.29,14.09,15.57,3.22,18.06,1.73,1.35,-72.05,1.06,6.53,101.20,19.22,837.39,6.23,-0.91,44.70,179.63,-7.40,83.21,1237.07,52.71,683.61,86.98,3.83,304.17,33433.00,35118.00,39827.00,0.80,20.75,8.62,83.21
Oriana Power Ltd,,ORIANA,INE0OUT01019,Electrical Equipment,Other Electrical Equipment,1322.95,2688.12,425.36,3064.00,1779.78,56.82,508.55,57.98,130.89,19.02,109.97,121.44,7.22,,,,6.39,10.65,,,1813.67,83.72,64.51,130.41,252.34,39.61,39.64,59.15,12.63,1.64,337.04,290.49,1784.38,,,45.68,70.41,7.20,286.08,743.11,16.36,2038.57,6.84,3.52,1032.49,15186.00,14167.00,14458.00,0.32,0.32,41.38,286.08
Oricon Enterpris,513121,ORICONENT,INE730A01022,Industrial Products,Packaging,56.65,889.68,27.72,83.94,57.97,22.52,3.14,65.70,15.65,37.89,11.35,-13.77,469.69,-12.45,8.83,8.79,0.00,53.66,6.74,28.07,45.33,-20.59,-7.58,15.49,16.58,2.08,1.28,-10.52,217.66,4.31,-2.31,-31.55,57.98,-11.79,-0.79,55.48,40.24,11.25,14.51,1120.38,603.56,397.29,28.81,0.77,7.19,30054.00,31227.00,40951.00,0.00,0.30,33.99,14.51
Orient Bell,530365,ORIENTBELL,INE607D01018,Consumer Durables,Ceramics,378.20,556.54,42.10,831.00,311.40,2.53,31.20,65.92,8.43,1377.27,-0.66,7.07,37.75,6.86,3.00,2.70,0.00,26.25,200.89,22.52,743.95,14.08,43.31,8.43,21.20,5.58,3.80,465.33,4.19,1.12,47.06,33.62,310.73,13.68,4.66,70.42,34.33,4.47,29.42,307.85,37.37,217.96,10.32,1.72,200.97,14822.00,14675.00,15695.00,0.21,0.03,33.85,29.42
Orient Cement,535754,ORIENTCEM,INE876N01018,Cement & Cement Products,Cement & Cement Products,134.48,2763.02,568.12,379.40,159.04,43.33,72.46,72.66,77.00,-62.44,205.00,55.36,38.91,66.00,27.80,49.09,0.00,12.99,535.99,-16.68,2530.65,-12.09,-30.25,77.00,212.71,16.46,17.27,-18.04,12.75,0.90,-38.58,205.29,159.28,120.19,3.21,51.35,48.87,6.91,19.09,2125.33,12.83,1252.04,5.29,1.29,604.00,96933.00,97344.00,84985.00,4.12,2.17,21.05,19.09
Orient Ceratech,504879,ORIENTCER,INE569C01020,Industrial Products,Electrodes & Refractories,45.29,541.85,51.77,72.40,40.95,20.04,39.61,63.90,10.56,177.17,3.81,9.84,51.41,11.86,4.41,7.49,0.00,16.08,134.07,18.07,404.62,24.40,4.57,8.57,33.69,11.45,9.13,211.08,10.49,1.63,51.18,20.89,40.90,17.79,0.99,60.26,6.20,0.20,9.27,290.09,0.00,247.13,9.20,1.79,100.65,26226.00,26722.00,27204.00,13.32,0.00,22.78,9.27
Orient Electric,541301,ORIENTELEC,INE142Z01019,Consumer Durables,Household Appliances,185.92,3966.90,239.39,408.20,184.29,15.11,93.35,38.30,34.27,95.61,17.52,41.31,-21.82,29.85,25.98,12.06,0.00,33.26,811.68,15.52,3507.07,12.84,23.49,31.49,119.26,19.87,14.15,38.05,3.61,3.07,110.02,87.55,184.28,53.63,1.40,55.47,54.79,3.59,32.71,738.76,60.24,1114.15,15.40,5.22,949.76,79599.00,81086.00,81823.00,3.28,32.49,25.94,32.71
Orient Green,533263,GREENPOWER,INE999K01014,Power,Power Generation,9.53,1117.90,204.95,40.31,11.03,36.17,524.12,24.38,23.22,-20.14,29.08,-17.97,244.63,13.84,-21.43,80.94,99.99,20.89,127.46,-2.71,287.00,0.71,-6.81,23.95,53.51,7.19,5.27,0.48,29.15,0.42,194.58,168.54,11.04,78.77,0.12,39.24,171.21,8.34,125.95,-20.76,2.47,249.18,7.60,0.97,81.43,850604.00,855441.00,912578.00,0.64,1.17,73.81,125.95
Orient Tech.,544235,ORIENTTECH,INE0PPK01015,IT - Services,IT Enabled Services,245.55,1124.76,47.53,613.50,285.18,47.45,61.97,70.66,4.50,-55.13,10.03,-2.01,169.66,6.56,-14.96,14.17,0.01,53.71,249.68,-8.48,851.85,-5.69,-6.15,4.50,20.94,9.25,7.08,-59.09,2.26,19.60,-20.63,-11.14,285.58,14.06,1.43,39.57,115.72,-9.23,72.77,288.81,7.83,437.69,24.83,3.36,199.49,89329.00,93232.00,84577.00,0.06,0.00,29.29,72.77
Oriental Aromat.,500078,OAL,INE959C01023,Chemicals & Petrochemicals,Specialty Chemicals,401.25,1350.35,77.61,1148.00,326.70,2.94,402.60,74.17,2.51,402.00,0.50,3.99,-37.09,3.99,-1.92,0.74,0.00,253.83,308.13,13.56,1065.07,13.54,15.20,2.51,5.32,4.47,0.50,-77.68,0.97,6.22,2.42,-34.29,325.95,20.83,1.18,66.45,12.23,-2.79,14.61,647.70,0.00,703.99,21.72,2.03,259.81,23728.00,24382.00,26258.00,0.02,0.00,25.81,14.61
Oriental Hotels,500314,ORIENTHOT,INE750A01020,Leisure Services,Hotels & Resorts,140.91,2516.64,140.94,202.00,119.53,5.75,130.59,68.53,5.30,-20.06,6.63,32.41,-83.65,17.37,20.94,7.96,0.12,37.48,117.17,6.05,497.67,6.94,3.56,5.30,67.15,12.12,9.49,42.30,4.75,2.24,127.53,99.69,119.31,28.25,0.97,60.41,8.78,5.18,14.75,744.20,397.16,75.78,18.83,3.30,111.48,74048.00,75998.00,75686.00,0.36,1.14,29.96,14.75
Oriental Rail,531859,ORIRAIL,INE457G01029,Industrial Products,Other Industrial Products,132.99,891.82,91.86,445.00,136.80,26.52,318.78,57.69,10.75,83.13,5.87,11.88,-9.51,13.77,13.82,10.67,0.00,18.93,145.31,8.94,593.03,-0.67,16.69,10.75,47.12,12.04,11.01,61.26,7.81,-4.01,-29.73,-23.52,136.84,22.69,2.05,72.88,89.02,-4.54,84.66,413.44,1.19,620.81,11.47,2.12,137.58,32289.00,33137.00,35825.00,0.11,0.00,42.19,84.66
Orissa Minerals,590086,ORISSAMINE,INE725E01024,Minerals & Mining,Industrial Minerals,4572.20,2743.32,15.02,9721.05,4352.01,25.52,211.90,50.01,-7.61,75.97,-31.67,4.34,-275.35,-5.41,3.14,-2.79,0.00,,50.37,160.02,94.10,45.62,331.55,-7.61,-2.91,9.64,,92.67,-26.24,4.97,34.97,170.28,4349.80,-0.24,-9.02,57.40,62.52,-2.06,6.34,-55.24,0.02,169.17,196.33,,29.00,23828.00,23702.00,23337.00,0.51,10.93,38.54,6.34
Orkla India,544595,ORKLAINDIA,INE16NZ01023,Food Products,Other Food Products,579.80,7942.64,451.49,760.00,612.45,23.71,62.81,75.00,86.58,9.71,78.92,74.05,19.43,98.14,56.64,76.68,0.00,25.99,694.99,6.88,2571.24,5.89,10.40,87.70,305.62,14.92,11.20,8.09,13.14,2.41,261.18,391.67,612.78,114.68,7.16,57.90,190.71,10.89,22.89,2736.33,573.33,686.62,16.99,2.89,659.10,154343.00,167077.00,,2.30,8.70,14.00,22.89
OSEL Devices,,OSELDEVICE,INE0RMF01018,Healthcare Equipment & Supplies,Medical Equipment & Supplies,392.90,699.15,55.26,835.00,475.55,52.95,94.03,64.84,14.06,16.78,12.04,15.19,-7.44,,,,0.00,23.90,,,292.67,56.95,47.10,14.06,29.25,24.40,19.56,45.89,9.64,-5.25,-19.81,-38.22,476.38,,,45.25,8.75,-10.71,1.41,173.48,47.78,279.64,14.33,3.64,145.81,3241.00,2777.00,2104.00,0.18,3.56,31.42,1.41
Oswal Green Tech,539290,OSWALGREEN,INE143A01010,Finance,Investment Company,20.79,533.91,45.68,101.25,27.11,52.52,4.39,70.65,8.42,26.43,6.66,16.28,110.13,-5.56,8.58,5.50,0.00,13.77,9.89,-42.58,37.42,-46.77,-76.67,8.42,38.78,1.75,1.46,268.63,178.77,-0.38,-9.61,110.15,27.17,-4.38,-0.22,41.77,404.62,-4.88,9.55,2127.80,294.58,972.50,11.15,0.22,4.71,239214.00,239987.00,247918.00,0.01,0.02,29.32,9.55
Oswal Pumps,544418,OSWALPUMPS,INE0BYP01024,Industrial Products,"Compressors, Pumps & Diesel Engines",295.35,3367.13,535.43,889.45,426.06,65.24,237.48,75.65,54.14,-42.82,94.68,91.95,-41.49,124.43,91.56,97.50,0.00,10.00,667.73,23.74,2024.01,29.03,-7.86,54.14,336.57,38.24,35.16,10.44,11.43,-14.04,-77.08,-150.59,427.38,139.19,10.91,32.40,8.91,-10.27,390.83,1671.50,8.36,1859.34,6.75,2.00,473.56,111232.00,102077.00,99343.00,0.10,5.47,18.78,390.83
P & G Health Ltd,500126,PGHL,INE199A01012,Pharmaceuticals & Biotechnology,Pharmaceuticals,5766.00,9571.20,475.87,7500.00,5826.75,17.33,9.29,51.82,72.47,9.50,66.18,94.60,1.64,112.70,77.59,88.54,0.00,28.73,368.35,13.37,1432.94,12.57,7.37,96.15,333.20,83.88,61.86,10.85,19.93,3.30,337.79,168.69,5827.36,119.41,67.89,30.59,188.55,42.64,185.29,507.95,0.00,556.26,19.45,18.25,363.71,49056.00,50883.00,52478.00,6.33,12.44,29.41,185.29
P & G Hygiene,500459,PGHH,INE179A01014,Personal Products,Personal Care,8136.50,26411.68,1213.51,19250.00,10340.06,43.92,0.87,70.64,126.27,-34.25,192.06,153.13,-17.54,248.36,301.46,209.86,0.00,33.40,1119.01,-2.71,4244.85,-1.54,-4.86,126.27,790.72,157.48,114.93,-4.58,14.16,2.79,924.08,598.17,10362.20,260.92,76.51,27.64,480.70,98.98,567.94,721.01,0.00,1143.97,23.09,35.05,891.46,57957.00,53416.00,47891.00,0.98,15.58,12.79,567.94
P I Industries,523642,PIIND,INE603J01030,Fertilizers & Agrochemicals,Pesticides & Agrochemicals,2508.30,38055.46,2048.50,4804.05,2984.68,34.56,342.30,46.09,244.20,-38.95,400.00,201.53,21.98,278.15,311.30,409.30,0.00,35.23,1599.82,-14.55,6515.50,-16.57,-10.43,244.20,1080.11,14.99,11.24,-32.97,14.35,2.56,474.00,1412.90,2989.46,389.92,18.33,38.29,2499.60,4.14,2182.30,11215.30,1360.30,6167.60,19.67,3.39,1702.30,140999.00,133299.00,150401.00,14.83,31.50,7.44,2182.30
P N Gadgil Jewe.,544256,PNGJL,INE953R01016,Consumer Durables,"Gems, Jewellery And Watches",595.70,8768.86,704.02,848.00,599.99,19.11,1737.09,76.62,105.34,51.92,69.34,90.26,16.71,166.00,170.91,79.31,0.00,19.56,3643.72,67.33,11437.52,47.77,40.73,105.34,448.32,20.92,23.45,77.70,4.37,-2.91,-716.90,-675.44,600.03,221.56,11.28,40.78,528.69,-20.89,504.45,1827.02,8.24,4363.59,12.93,4.12,2412.98,151408.00,164589.00,193383.00,4.73,7.88,10.78,504.45
Pace Digitek,544550,PACEDIGITK,INE0S3G01027,Telecom - Services,Telecom - Infrastructure,181.47,3917.05,501.35,232.20,191.08,21.85,980.99,69.52,61.32,13.24,54.15,99.16,-40.99,93.12,78.78,67.87,0.00,13.04,759.54,42.38,2829.56,14.85,51.29,62.50,300.40,21.26,17.62,8.53,11.25,-1.81,-916.92,-175.89,191.18,125.89,4.23,42.50,216.40,-14.50,769.10,2164.13,0.00,3965.78,7.79,1.77,555.36,94368.00,78483.00,,0.98,5.36,24.14,769.10
Page Industries,532827,PAGEIND,INE761H01022,Textiles & Apparels,Garments & Apparels,35155.00,39211.44,1216.80,54349.10,38315.99,23.39,276.82,42.89,192.81,-3.98,200.80,178.73,7.88,256.16,189.54,194.76,0.00,50.17,1403.57,8.73,5350.67,7.57,7.89,192.81,781.60,64.39,54.29,2.21,13.57,4.61,794.40,1203.59,38347.76,297.79,229.66,28.45,471.38,54.09,432.33,1491.45,0.00,1910.66,32.36,26.10,1420.45,52623.00,57225.00,48076.00,18.91,32.93,4.56,432.33
Paisalo Digital,532900,PAISALO,INE420C01059,Finance,Non Banking Financial Company (NBFC),68.04,6188.39,705.76,99.63,52.07,12.33,4359.67,46.71,61.31,29.98,47.17,72.23,-15.12,91.43,66.26,51.54,21.91,24.56,277.09,23.70,985.27,22.66,19.01,61.31,251.92,12.33,14.29,22.74,23.55,-0.81,-782.76,-841.53,51.91,211.23,1.01,45.17,104.81,-13.19,150.01,1702.02,19.81,229.14,13.90,3.45,260.29,90332.00,101364.00,99608.00,6.79,6.83,39.66,150.01
Panacea Biotec,531349,PANACEABIO,INE922B01023,Pharmaceuticals & Biotechnology,Pharmaceuticals,397.95,2437.47,12.24,647.50,422.24,38.54,23.66,72.48,0.61,113.06,-4.67,-1.84,320.00,-13.47,3.89,-14.01,0.00,,163.78,16.05,672.64,10.26,19.72,2.20,-15.51,-2.44,-2.36,43.00,0.26,-1.80,16.68,-27.37,422.48,-4.23,-2.20,36.14,106.97,-7.26,64.37,828.71,10.10,513.04,135.72,2.92,199.57,33532.00,32620.00,34256.00,2.31,2.25,22.96,64.37
Panache Digilife,,PANACHE,INE895W01019,IT - Services,IT Enabled Services,530.45,849.46,28.16,559.40,376.96,5.18,27.65,54.05,4.09,326.04,0.96,11.05,-51.94,6.11,4.44,1.48,0.00,40.34,77.11,97.61,251.05,87.73,60.73,4.09,21.06,23.67,20.06,213.86,8.61,-65.85,0.44,-12.77,375.42,7.28,3.81,65.55,1.01,-1.99,2.51,92.98,2.18,185.71,27.03,7.79,47.48,3915.00,3526.00,3393.00,0.00,0.00,45.95,2.51
Panama Petrochem,524820,PANAMAPET,INE305C01029,Petroleum Products,Lubricants,480.30,2905.51,288.27,600.00,366.17,19.95,110.86,63.16,308.91,624.80,42.62,71.08,334.59,199.90,45.81,52.99,0.00,6.07,1502.61,94.33,4106.19,45.85,150.30,308.91,478.79,19.15,15.60,166.77,17.80,2.62,-69.38,162.11,365.02,211.57,33.04,51.84,181.67,-1.20,82.38,1456.58,49.18,1492.63,4.72,1.98,1735.15,26973.00,25780.00,24952.00,11.72,0.67,24.44,82.38
Panchmahal Steel,513511,PANCHMAHQ,INE798F01010,Industrial Products,Iron & Steel Products,290.00,553.32,14.13,400.00,295.33,24.58,35.22,73.81,4.34,326.04,-1.92,-2.12,304.72,2.30,1.23,0.55,5.79,138.33,100.17,8.15,390.67,4.87,7.35,4.34,4.00,3.11,-1.45,884.31,4.62,3.12,28.56,-5.05,295.38,5.57,1.20,47.80,1.33,9.82,0.76,131.62,0.00,170.88,26.57,3.67,93.97,2506.00,2541.00,2695.00,0.00,0.00,22.25,0.76
Panorama Studios,539469,PANORAMA,INE258R01028,Entertainment,"Film Production, Distribution & Exhibition",48.65,1267.51,33.31,73.98,46.44,18.92,130.37,66.61,13.59,165.95,5.11,8.91,77.51,1.21,-1.52,0.84,26.55,52.51,85.47,9.78,355.23,-23.59,34.26,12.71,24.14,8.70,7.59,-44.35,6.94,-9.00,-4.17,-25.88,46.41,7.19,0.05,54.88,5.10,-9.37,29.86,168.62,0.83,753.97,29.55,5.74,183.07,6316.00,6407.00,4936.00,0.29,0.11,33.00,29.86
Pansari Develop.,,PANSARI,INE697V01011,Realty,"Residential, Commercial Projects",324.00,565.28,33.00,388.90,295.94,16.69,100.29,73.88,3.98,-3.86,4.14,8.25,-51.76,,4.24,3.26,0.00,28.65,,,93.01,142.13,-17.42,3.98,19.73,12.48,13.79,165.91,27.17,-8.79,-8.90,-16.37,295.66,,,49.08,2.19,-4.29,2.96,136.74,12.85,376.02,20.40,3.67,14.65,1120.00,1169.00,1169.00,0.00,0.00,26.12,2.96
Paradeep Phosph.,543530,PARADEEP,INE088F01024,Fertilizers & Agrochemicals,Fertilizers,163.84,17015.12,2298.36,234.39,139.59,29.07,6906.28,57.86,376.28,18.79,316.75,154.15,152.28,596.10,182.06,341.94,15.33,15.66,8757.06,27.43,23447.09,28.08,35.99,392.54,1086.65,17.13,18.89,13.95,6.14,-11.16,-1011.86,1386.01,139.34,892.91,5.74,72.36,903.79,0.50,391.52,5744.52,24.70,11363.79,9.70,2.51,6124.25,329116.00,325301.00,244870.00,5.10,18.07,18.85,391.52
Parag Milk Foods,539889,PARAGMILK,INE883N01014,Food Products,Dairy Products,244.77,3074.55,310.24,414.95,231.56,35.11,607.40,40.49,22.05,-20.05,27.58,32.24,-31.61,34.75,29.57,45.65,0.00,22.83,1106.95,9.82,3910.55,10.91,10.93,22.05,134.70,13.52,12.28,13.13,2.33,9.86,149.48,212.04,231.43,77.35,2.77,64.62,25.05,3.50,18.27,1133.55,4.63,1331.19,11.65,2.43,944.57,88951.00,88588.00,102552.00,7.46,5.80,45.76,18.27
Paramount Comm.,530555,PARACABLES,INE074B01023,Industrial Products,Cables - Electricals,60.08,1966.05,117.43,116.85,54.16,20.63,122.99,45.88,19.70,6.49,18.50,20.52,-4.00,9.24,7.48,13.25,0.00,32.27,497.48,16.23,1991.63,16.77,17.35,19.70,60.93,12.35,7.99,-24.00,3.72,-86.23,-38.02,104.09,54.10,20.22,0.28,36.22,39.54,-8.10,33.11,717.03,0.00,811.60,16.80,2.36,529.40,132082.00,138511.00,148262.00,0.45,4.11,47.99,33.11
Paras Defence,543367,PARAS,INE045601023,Aerospace & Defense,Aerospace & Defense,1492.70,12029.27,138.38,1585.00,960.19,5.82,27.05,53.20,21.22,42.70,14.87,32.41,-46.66,32.20,16.85,19.46,0.00,130.08,150.07,41.95,511.29,36.61,37.26,20.74,92.48,17.19,12.38,45.66,16.21,59.30,24.61,44.83,954.84,39.13,4.00,65.31,110.83,-3.39,119.45,685.15,33.17,689.82,81.78,16.58,127.91,336442.00,376813.00,335075.00,8.29,3.04,35.46,119.45
Parin Enterpris.,,PARIN,INE00U801010,Consumer Durables,"Furniture, Home Furnishing",716.50,796.60,22.55,748.00,639.22,4.21,90.98,72.76,3.91,-32.39,5.79,2.60,43.05,,,,0.00,122.46,,,247.66,47.72,6.46,4.32,6.50,10.82,9.36,-5.99,3.20,-82.55,2.56,-12.47,638.45,,,50.74,8.76,-7.41,1.97,63.96,0.00,161.18,39.27,10.60,138.98,599.00,414.00,280.00,0.26,0.00,26.97,1.97
Park Medi World,544645,PARKHOSPS,INE119201023,Healthcare Services,Hospital,289.20,12491.44,475.94,305.25,230.47,5.26,364.18,82.89,82.51,42.31,57.98,70.86,15.41,,52.85,78.53,0.00,44.99,,,1756.29,20.51,19.27,88.60,277.68,19.34,16.70,24.99,18.62,4.03,329.09,191.15,229.88,,,57.47,360.76,8.95,431.39,1935.60,0.13,1087.79,24.95,6.18,475.71,52428.00,50863.00,,0.82,8.95,7.33,431.39
Parth Electrical,,PARTH,INE1H7V01011,Electrical Equipment,Other Electrical Equipment,490.00,669.73,23.79,536.95,359.16,8.74,17.16,61.22,8.13,35.73,5.99,6.10,33.28,,,,0.00,47.03,,,198.00,13.36,12.26,8.13,14.24,21.05,18.73,40.99,6.91,37.52,-4.06,0.30,357.84,,,54.32,27.37,-11.83,43.59,97.78,1.37,137.37,27.04,6.01,117.61,1116.00,1021.00,,1.31,0.42,37.04,43.59
Pashupati Cotsp.,544448,PASHUPATI,INE124Y01028,Textiles & Apparels,Other Textile Products,84.09,1327.28,34.43,118.35,85.05,28.95,91.86,65.99,7.24,256.65,2.03,1.62,346.91,8.65,2.69,4.04,1.92,85.14,257.13,6.32,671.93,-9.54,15.11,7.24,15.59,10.07,6.53,1.63,5.93,2.77,23.25,29.45,85.06,15.10,0.55,38.97,2.15,12.30,0.75,148.32,40.57,167.64,34.81,8.09,122.11,2038.00,699.00,756.00,12.93,0.19,20.89,0.75
Pasupati Acrylon,500456,PASUPTAC,INE818B01023,Chemicals & Petrochemicals,Petrochemicals,62.12,553.68,119.75,78.99,55.54,21.36,107.10,65.87,27.39,1465.14,1.75,26.28,4.22,47.08,25.69,16.20,0.00,5.77,400.70,42.98,1032.37,51.22,10.28,27.39,95.99,21.15,17.58,270.90,11.50,1.53,51.50,6.71,55.47,54.40,5.28,53.85,36.42,-5.14,62.18,346.29,87.80,279.60,3.91,1.27,238.26,63744.00,63831.00,65623.00,0.40,0.23,33.50,62.18
Patanjali Foods,500368,PATANJALI,INE619A01035,Agricultural Food & other Products,Edible Oil,348.15,37882.50,1931.52,676.67,455.43,43.47,2788.83,68.25,335.86,86.19,180.39,692.83,-35.91,480.67,593.76,516.70,0.00,17.46,11904.52,21.76,42753.63,20.24,29.33,335.86,2169.34,12.00,16.46,77.99,2.96,7.59,-332.58,197.73,456.51,587.16,4.42,37.28,275.30,1.12,746.36,12879.57,124.49,12096.55,18.61,2.89,11337.45,224173.00,214623.00,212819.00,8.53,11.05,12.16,746.36
Patel Engineerin,531120,PATELENG,INE244B01030,Construction,Civil Construction,28.64,2841.49,849.79,716.70,30.32,30.69,1216.09,31.49,97.00,24.63,77.83,90.25,125.76,66.26,71.57,73.03,86.57,7.24,1189.75,-1.55,5150.04,-1.44,3.83,98.50,392.58,13.50,9.68,4.20,7.69,0.40,560.10,363.39,30.34,161.04,0.66,48.71,404.80,7.65,540.34,4340.76,52.58,5431.39,4.13,0.64,1280.74,459866.00,462930.00,447535.00,3.28,4.76,56.71,540.34
Patel Retail,544487,PATELRMART,INE0R8B01010,Retailing,Diversified Retail,233.12,778.63,83.08,305.00,216.75,17.92,163.49,70.00,9.52,37.57,6.92,9.98,-4.61,14.49,12.00,10.14,0.00,18.70,340.47,53.06,1175.41,42.34,69.66,9.52,41.64,15.33,15.67,59.66,3.08,-125.59,-83.47,27.72,216.59,22.72,4.34,57.44,12.39,-5.69,24.06,330.49,0.00,475.13,10.57,2.14,309.54,37293.00,40102.00,,1.48,2.99,25.54,24.06
Patil Automation,,PATILAUTOM,INE17GV01016,Industrial Manufacturing,Industrial Products,232.50,507.33,30.66,268.90,184.88,6.63,20.62,69.29,10.25,,,7.53,53.25,,,,0.00,28.53,,,166.57,,,11.54,17.78,,12.83,,12.11,,-0.62,,184.40,,,63.84,,,15.07,116.71,52.07,132.16,16.73,3.66,95.31,1102.00,932.00,,1.73,7.35,21.63,15.07
Paushak,532742,PAUSHAKLTD,INE111F01024,Chemicals & Petrochemicals,Specialty Chemicals,750.55,1850.62,65.29,1550.01,566.77,24.28,76.94,67.28,15.10,25.52,12.03,12.51,20.70,11.37,6.17,8.61,0.00,43.66,74.45,26.66,246.27,14.65,49.52,15.10,42.39,8.30,6.98,-17.03,18.07,3.16,53.65,37.59,564.92,20.60,4.61,64.69,0.62,-8.74,0.74,478.79,149.74,104.32,23.51,3.77,83.55,21399.00,21419.00,20175.00,0.00,0.06,32.66,0.74
PB Fintech.,543390,POLICYBZR,INE417T01026,Financial Technology (Fintech),Financial Technology (Fintech),1840.00,85135.86,880.43,2254.95,1649.58,6.79,360.15,0.00,162.89,92.54,84.60,261.11,-37.62,110.22,189.43,134.89,0.00,113.78,2230.97,38.26,7334.31,38.00,40.08,162.91,748.24,10.31,9.75,98.75,8.63,-17.03,41.49,-183.14,1647.67,165.04,2.38,73.63,793.13,-1.71,759.85,7219.25,3211.02,4376.02,86.85,11.64,1888.28,150458.00,153261.00,164551.00,37.29,40.42,22.14,759.85
PC Jeweller,534809,PCJEWELLER,INE785M01021,Consumer Durables,"Gems, Jewellery And Watches",11.23,10951.65,867.84,60.06,10.02,26.98,1166.56,38.50,221.88,37.02,161.93,152.84,45.12,229.86,190.10,209.54,0.00,14.13,1087.20,31.74,3505.01,36.47,20.99,221.88,775.08,9.58,9.96,32.82,25.30,-3.46,-77.46,-632.72,10.01,255.53,0.24,71.20,63.78,-2.43,136.17,7309.34,0.01,8239.93,13.29,1.19,877.04,869669.00,833144.00,476658.00,12.15,4.31,45.03,136.17
PCBL Chemical,506590,PCBL,INE602A01031,Chemicals & Petrochemicals,Carbon Black,325.65,12813.11,1081.56,584.50,314.55,23.55,4989.06,53.38,154.97,64.77,94.05,43.45,285.21,113.79,2.02,61.70,0.00,48.42,2293.35,6.00,8548.62,2.08,17.00,154.93,264.62,7.75,5.58,-35.62,6.26,1.21,1576.04,760.49,314.44,310.40,2.89,53.21,389.16,5.17,288.01,3966.95,464.13,2967.80,15.14,3.20,2473.37,275244.00,284488.00,287329.00,5.79,11.26,28.37,288.01
PDS,538730,PDSL,INE111Q01021,Textiles & Apparels,Trading - Textile Products,369.10,5221.30,507.80,666.00,341.90,12.00,1264.00,61.37,18.83,44.96,12.99,49.05,-60.36,36.34,37.04,48.44,0.00,44.43,3643.16,6.55,13554.38,4.62,14.81,28.58,117.53,12.50,6.48,-20.84,0.83,1.13,780.85,-36.55,341.63,110.36,1.69,53.72,737.35,6.20,1036.02,1735.35,523.60,3773.47,10.90,2.96,3443.72,30943.00,30098.00,31159.00,3.78,5.18,29.49,1036.02
Pearl Global Ind,532808,PGIL,INE940H01022,Textiles & Apparels,Garments & Apparels,2289.60,10575.79,515.79,2571.65,1760.43,10.97,942.84,61.11,102.77,50.93,68.09,83.70,22.55,95.74,51.52,71.98,0.00,33.75,1526.10,16.24,5324.95,13.75,24.46,99.24,313.36,19.93,21.00,24.25,6.64,3.53,398.34,176.39,1755.11,149.27,20.73,52.91,566.40,8.05,747.39,1436.74,35.65,2232.74,19.52,7.24,1528.26,30518.00,30110.00,25755.00,6.82,19.16,12.91,747.39
Peninsula Land,503031,PENINLAND,INE138A01028,Realty,"Residential, Commercial Projects",17.67,586.16,29.71,193.63,20.32,53.73,302.14,67.71,-10.11,-1348.32,0.81,-5.63,93.48,-9.81,-11.98,-18.56,0.00,,21.44,-42.93,129.14,-50.66,-37.55,-7.72,-34.86,4.91,-16.02,-29.35,-43.68,0.28,57.01,-44.04,20.35,-1.54,-0.29,67.51,47.25,12.52,16.67,4.86,67.37,276.10,57.23,8.22,23.40,58627.00,58916.00,61011.00,0.03,0.33,31.93,16.67
Pennar Industrie,513228,PENIND,INE932A01024,Industrial Manufacturing,Industrial Products,156.50,2120.52,401.32,279.90,173.20,44.09,1161.83,39.67,35.41,10.86,31.94,41.04,-13.72,35.25,33.55,32.28,8.73,14.90,965.16,6.46,3644.84,9.17,2.93,35.41,142.28,15.33,12.84,14.00,4.07,0.76,202.12,255.98,173.36,95.31,2.60,43.75,189.54,-0.29,269.93,1095.68,27.06,2244.44,7.28,1.82,870.42,79314.00,81021.00,81732.00,3.98,5.90,50.44,269.93
Permanent Magnet,504132,PERMAGN,INE418E01018,Electrical Equipment,Other Electrical Equipment,900.55,774.47,43.09,1721.00,859.75,26.78,87.99,58.01,3.80,-38.41,6.17,3.70,-4.76,2.92,2.25,2.37,0.00,58.72,61.18,24.54,235.92,15.49,18.08,3.80,13.19,13.83,10.52,-21.91,6.01,,17.58,39.15,859.34,9.28,3.39,61.27,19.27,-2.42,51.31,148.79,0.00,172.82,18.98,4.92,63.23,17574.00,18063.00,19207.00,0.00,0.01,41.98,51.31
Persistent Systems,533179,PERSISTENT,INE262H01021,IT - Software,Computers - Software & Consulting,5590.50,88190.14,2970.20,6788.90,5317.54,15.28,477.45,30.29,483.04,13.67,424.94,529.26,-8.73,662.21,439.45,471.47,0.00,44.31,4523.89,26.34,15718.10,25.39,29.09,483.04,1990.12,34.36,27.24,31.04,11.23,5.85,1767.13,1156.92,5314.80,815.11,41.98,58.09,1025.47,15.54,1218.25,7758.98,1614.77,6182.65,28.42,11.25,4303.23,284983.00,240518.00,243441.00,20.79,30.25,17.99,1218.25
Pervasive Comm.,517172,,INE443P01038,Commercial Services & Supplies,Trading & Distributors,7.62,686.53,0.02,7.62,2.73,0.00,0.32,0.06,0.01,-90.00,0.10,14.72,-99.93,-14.69,0.79,-15.65,0.00,,0.99,147.62,39.90,25.63,-86.58,0.01,-0.13,0.03,-0.05,-8.33,2.04,-4.20,-37.21,-28.21,2.68,-14.68,-0.16,100.00,0.03,-29.24,0.02,-0.14,0.00,105.33,-7631.44,7.63,0.49,440.00,450.00,441.00,0.00,0.01,99.93,0.02
Petro Carbon,,PCCL,INE998U01015,Minerals & Mining,Industrial Minerals,358.35,885.12,56.35,382.80,253.50,1.01,199.24,73.21,22.47,1788.24,1.19,2.93,666.89,,,,0.00,34.85,,,576.65,94.83,164.60,22.47,25.40,14.21,13.90,182.85,7.11,3.03,4.42,12.45,252.45,,,84.24,28.06,-2.45,7.54,170.37,9.35,229.01,19.11,4.54,316.25,1249.00,1601.00,1973.00,0.78,3.95,22.06,7.54
Petronet LNG,532522,PETRONET,INE347G01014,Gas,LPG/CNG/PNG/LNG Supplier,289.00,43350.00,6199.44,384.90,281.39,11.46,2341.46,50.00,1137.14,35.07,841.88,1370.74,-17.04,1208.19,869.61,830.30,0.00,10.30,8111.04,-26.32,37172.89,-24.82,-53.22,1137.14,4207.79,22.74,18.56,13.45,20.46,0.87,4750.04,4397.92,281.31,1457.36,8.05,56.98,9104.44,13.01,10114.13,20784.82,742.19,12590.64,5.42,1.95,5557.84,428892.00,437469.00,423031.00,26.27,13.68,10.05,10114.13
Pfizer,500680,PFIZER,INE182A01018,Pharmaceuticals & Biotechnology,Pharmaceuticals,4802.50,21970.35,1092.22,6452.85,4801.50,13.91,70.23,63.92,204.47,6.63,191.75,193.10,2.33,241.67,141.84,189.02,0.00,28.57,707.39,10.13,2569.77,10.69,8.31,204.47,769.04,24.06,18.02,13.76,31.30,3.02,967.57,659.75,4801.49,259.94,52.83,48.79,2800.98,15.64,3110.76,4157.15,0.00,3803.22,17.10,5.23,653.17,102478.00,99545.00,103222.00,1.65,17.80,16.62,3110.76
PG Electroplast,533581,PGEL,INE457L01029,Consumer Durables,Consumer Electronics,587.15,16818.18,441.76,1054.95,573.50,8.95,596.53,43.37,76.22,13.80,66.98,64.86,17.51,0.32,61.96,2.76,0.00,81.72,797.21,21.64,5818.14,15.15,35.25,76.22,205.80,10.31,6.69,-24.08,3.75,46.59,66.22,-76.59,573.36,50.65,0.01,44.23,979.66,-12.81,389.37,3020.05,11.15,3793.94,37.13,5.50,2033.96,220368.00,223484.00,218384.00,9.95,23.88,22.71,389.37
Phoenix Mills,503100,PHOENIXLTD,INE211B01039,Realty,"Residential, Commercial Projects",1924.10,68818.08,2807.84,2169.80,1807.63,11.32,5323.01,47.25,296.86,23.34,240.69,405.95,-18.73,578.97,366.16,384.09,0.00,53.07,1303.55,16.87,4544.76,17.67,12.80,394.50,1296.73,12.83,11.58,31.79,36.70,3.13,2425.69,2083.56,1806.46,778.44,12.18,46.52,512.01,1.72,823.07,10917.02,1489.97,3123.45,25.34,6.26,1074.94,73390.00,73876.00,85498.00,31.73,17.38,3.64,823.07
Physicswallah,544609,PWL,INE0LP301011,Other Consumer Services,E-Learning,126.13,36588.88,601.77,162.05,123.03,22.17,1052.11,71.27,-77.57,35.60,-120.45,-50.64,-27.68,-74.48,102.27,69.71,0.00,598.72,1405.52,33.70,4106.41,32.53,24.42,-88.28,61.11,4.02,-0.48,124.98,-8.38,7.78,833.24,506.90,123.00,106.18,-0.23,52.78,175.28,6.81,1126.22,4234.40,2425.98,5419.58,54.11,7.98,1053.95,179493.00,194993.00,,12.01,13.12,3.60,1126.22
Piccadily Agro,530305,PICCADIL,INE546C01010,Beverages,Breweries & Distilleries,665.30,6558.00,241.20,1019.90,632.38,17.86,530.62,68.56,21.44,16.33,18.43,44.70,-52.04,41.00,47.69,26.72,0.00,46.67,273.97,29.10,1075.18,28.56,17.42,21.44,140.52,18.01,17.39,30.47,8.54,11.69,118.08,-27.07,632.04,57.21,4.16,41.96,47.56,-7.72,149.23,802.46,70.38,901.68,27.83,7.28,251.18,72980.00,73813.00,78875.00,0.81,0.88,29.74,149.23
Pidilite Inds.,500331,PIDILITIND,INE318A01026,Chemicals & Petrochemicals,Specialty Chemicals,1650.00,167950.15,3787.48,1707.95,1519.25,3.39,417.21,69.24,861.86,28.18,672.41,585.22,51.25,898.53,623.84,584.60,0.00,63.41,4132.05,16.25,15399.28,14.09,21.27,883.51,2648.53,31.02,23.92,20.39,19.18,6.49,2828.45,2286.63,1517.94,1021.41,8.72,51.72,336.21,19.04,298.90,10730.39,4349.61,4612.05,41.56,15.50,4551.55,509811.00,520440.00,502257.00,11.69,9.81,9.18,298.90
Pilani Invest.,539883,PILANIINVS,INE417C01014,Finance,Investment Company,4424.90,4899.36,255.81,8265.95,4599.04,26.01,2391.38,58.68,-47.25,-1075.37,-4.02,4.75,-1094.74,46.41,-14.39,44.71,0.00,,110.03,-15.01,247.61,-14.64,-70.94,-47.25,-12.18,1.41,0.20,-119.66,-327.22,0.89,1347.42,631.26,4600.79,92.80,41.91,54.15,18.48,3.49,5.56,15860.43,18939.28,12.14,32.90,0.31,14.44,17621.00,17854.00,19273.00,0.42,1.41,39.49,5.56
Pine Labs,544606,PINELABS,INE15B701018,Financial Technology (Fintech),Financial Technology (Fintech),166.88,19255.58,494.83,284.00,183.35,41.24,440.65,0.00,19.57,308.56,4.79,53.21,-67.03,11.87,42.39,5.97,0.00,148.78,776.98,19.55,2831.60,19.59,19.65,19.57,129.42,4.16,2.46,261.55,2.66,-509.74,395.39,49.72,183.51,103.24,0.10,60.17,6033.12,-2.61,8225.92,5780.58,27.87,10884.33,21.37,3.25,736.92,178120.00,117551.00,,9.49,24.82,65.68,8225.92
Piramal Finance.,544597,PIRAMALFIN,INE202B01038,Finance,Housing Finance Company,2221.40,50354.18,7395.91,2252.20,1686.32,1.37,79989.21,46.16,460.98,66.80,276.37,-820.86,-8.13,174.25,401.01,326.99,0.00,112.17,3454.01,20.28,12581.51,17.78,27.62,460.98,448.92,6.47,0.86,-22.65,13.69,-1.91,-15892.30,-8119.05,1680.95,2144.97,7.69,67.29,6275.89,-8.72,5567.94,28103.44,9813.83,10659.00,15.99,1.79,3368.27,197926.00,201873.00,,15.45,18.63,19.54,5567.94
Piramal Pharma,543635,PPLPHARMA,INE0DK501011,Pharmaceuticals & Biotechnology,Pharmaceuticals,211.29,28130.05,1169.16,307.90,179.49,4.13,5674.59,34.80,-69.39,25.75,-93.46,115.11,-685.84,-86.49,-136.19,-99.22,0.00,,2153.11,5.35,9205.28,0.78,17.39,-69.39,-169.10,2.52,-3.83,-295.92,-3.06,2.34,1652.60,892.30,179.17,201.78,-0.65,60.40,501.46,3.24,1223.64,6835.46,436.79,7059.88,24.82,3.44,2269.92,461096.00,450661.00,458430.00,12.51,14.57,37.62,1223.64
Pitti Engg.,513519,PITTIENG,INE450D01021,Industrial Manufacturing,Industrial Products,1123.45,4230.19,355.65,1512.40,934.11,3.87,810.59,54.17,29.50,28.93,22.88,26.61,10.86,36.25,28.22,40.09,0.00,34.00,537.99,12.61,1985.33,12.19,15.89,29.50,124.42,14.83,12.50,-1.10,5.58,1.92,204.91,288.54,932.20,88.09,9.63,74.20,140.45,-3.41,146.72,968.07,0.07,905.32,13.59,4.29,529.09,37224.00,37405.00,54800.00,1.54,20.10,22.20,146.72
Pix Transmission,500333,PIXTRANS,INE751B01018,Industrial Products,Rubber,1810.10,2467.17,170.34,2799.95,1615.29,13.40,24.23,62.06,52.75,89.34,27.86,20.22,160.88,34.08,35.26,23.54,0.00,18.72,153.66,10.72,610.03,4.27,22.80,52.75,131.77,21.73,16.44,16.31,35.34,1.69,171.08,108.04,1613.33,40.89,25.01,49.64,69.00,17.16,108.06,683.06,199.57,352.94,11.81,3.54,149.25,27767.00,28244.00,32009.00,0.61,2.70,34.64,108.06
Platinum Industr,544134,PLATIND,INE0PT501018,Chemicals & Petrochemicals,Specialty Chemicals,218.31,1199.06,75.22,502.05,235.61,36.24,10.44,70.03,11.14,-12.42,12.72,15.08,-25.05,12.43,12.33,10.98,0.00,23.63,110.92,12.74,444.00,9.63,-5.58,11.13,50.75,15.74,12.67,14.56,10.22,10.25,-1.36,-7.96,235.78,14.58,2.26,48.42,151.65,-6.19,94.89,388.13,47.76,366.60,15.34,2.71,108.94,41218.00,42792.00,43351.00,0.35,3.68,25.96,94.89
PNB Gilts,532366,PNBGILTS,INE859A01011,Finance,Investment Company,79.40,1429.28,1555.07,149.25,83.52,25.09,24883.91,74.07,80.65,-49.61,160.04,13.10,521.25,13.48,53.91,-45.35,0.00,14.12,419.19,-5.46,1746.75,-5.33,-19.30,80.70,101.25,6.14,11.08,-70.08,17.74,-0.04,-2539.76,-196.88,83.57,344.93,0.75,40.19,263.70,-7.41,551.74,1529.56,23314.21,1683.23,17.68,0.84,454.56,84279.00,82085.00,83245.00,0.07,0.00,25.86,551.74
PNB Housing,540173,PNBHOUSING,INE572E01012,Finance,Housing Finance Company,1185.00,30879.91,8072.54,1422.64,995.59,2.19,71198.60,28.03,554.50,4.28,531.73,648.70,-14.52,870.51,520.96,626.49,0.00,13.14,2368.87,9.27,8699.84,10.35,9.14,554.50,2350.65,9.44,12.91,15.12,24.62,-0.71,-8972.56,-8119.50,993.68,2230.17,33.41,66.55,3465.34,-8.59,3238.99,18965.25,2776.92,3896.25,12.04,1.61,2252.50,171742.00,192512.00,187526.00,16.81,45.71,9.42,3238.99
PNC Infratech,539150,PNCINFRA,INE195J01029,Construction,Civil Construction,201.32,5164.65,1278.12,574.80,233.53,38.08,5169.85,56.07,331.95,103.45,163.16,101.96,208.03,133.67,76.73,215.70,0.00,8.51,1152.71,2.22,5633.76,-6.48,18.67,331.93,606.74,8.46,7.00,50.37,19.66,0.88,4592.97,-56.11,233.86,284.41,5.21,30.34,1643.66,10.73,2237.83,6762.00,787.67,6284.24,5.49,0.76,1688.46,163876.00,167184.00,185074.00,7.28,23.83,12.81,2237.83
PNGS Gargi FJ,543709,,INE0NT601018,Consumer Durables,"Gems, Jewellery And Watches",566.65,593.30,44.95,1516.75,812.61,52.66,11.66,68.28,5.05,-4.90,5.31,5.14,-1.75,13.77,10.60,10.27,0.00,19.03,61.44,32.28,152.32,39.50,10.66,5.05,31.17,33.76,26.01,31.74,16.71,19.81,11.01,14.71,815.08,15.03,13.15,30.94,54.13,2.20,72.75,131.43,0.10,149.95,11.76,4.18,30.22,2811.00,2800.00,2705.00,0.07,1.30,30.34,72.75
PNGS Reva Diamo.,544718,PNGSREVA,INE1RDG01013,Consumer Durables,"Gems, Jewellery And Watches",555.65,1761.32,97.01,644.00,425.35,13.72,169.71,64.77,27.21,265.23,7.45,21.41,27.09,,23.11,12.68,0.00,20.87,,,503.25,580.98,119.48,27.21,84.41,22.00,21.01,881.18,23.07,,-104.83,20.57,424.04,,,61.26,39.02,-5.24,324.23,483.50,0.00,708.25,12.89,3.42,117.97,15921.00,18803.00,,4.43,10.17,20.64,324.23
Pokarna,532486,POKARNA,INE637C01025,Consumer Durables,Granites & Marbles,869.60,2696.11,190.28,1451.70,916.88,24.21,458.12,56.66,42.60,50.58,28.29,25.61,66.34,14.35,20.37,6.33,0.00,28.41,97.42,-17.76,590.07,-35.05,10.79,42.60,94.91,11.48,9.85,-48.03,22.49,1.42,183.41,191.17,917.35,27.85,4.63,33.59,123.31,2.79,62.71,850.77,0.00,400.68,14.99,3.15,189.41,23588.00,24986.00,23901.00,6.91,15.64,20.79,62.71
Poly Medicure,531768,POLYMED,INE205C01021,Healthcare Equipment & Supplies,Medical Equipment & Supplies,1711.20,17344.97,518.60,3357.80,1667.28,20.22,353.57,62.42,86.03,-7.57,93.08,66.29,31.12,89.32,70.81,91.80,0.00,54.20,544.51,22.67,1997.43,18.31,30.30,85.28,320.03,12.50,9.02,-10.50,16.23,6.55,246.37,233.05,1666.84,130.76,8.81,47.73,151.34,-1.71,87.87,3055.49,754.94,1202.57,30.43,5.58,525.38,73643.00,73414.00,71142.00,5.56,16.08,15.94,87.87
Polycab India,542652,POLYCAB,INE455K01017,Industrial Products,Cables - Electricals,9060.00,136513.02,4117.12,10128.60,8415.24,10.55,235.52,61.46,784.34,32.46,592.12,772.77,1.41,1052.33,630.17,692.96,0.00,47.66,8723.78,34.68,31187.55,32.06,39.01,796.66,2864.26,33.21,23.05,29.24,9.70,6.17,3810.67,1808.53,8408.76,1249.12,68.76,45.91,770.64,10.77,882.47,11858.02,3404.82,11253.07,29.89,11.36,8209.73,356777.00,362997.00,398064.00,19.00,7.62,11.92,882.47
Polyplex Corpn,524051,POLYPLEX,INE633B01018,Industrial Products,Packaging,1175.40,3689.87,436.92,2870.20,992.25,7.28,935.31,26.72,91.03,571.41,-19.31,24.80,354.61,55.66,29.61,33.50,0.00,23.76,2072.79,15.54,7600.81,9.55,29.62,171.07,155.29,0.98,1.12,13.87,7.59,0.53,536.85,438.03,990.41,175.07,9.43,56.64,730.12,0.21,824.92,4207.94,347.63,4163.04,5.21,0.87,2253.62,95075.00,98128.00,107967.00,10.22,2.85,60.18,824.92
Pondy Oxides,532626,POCL,INE063E01061,Diversified Metals,Diversified Metals,512.45,3908.88,218.14,647.60,501.76,20.87,152.10,36.39,36.25,31.58,27.55,38.56,-4.73,61.50,37.56,35.58,0.00,26.42,1017.25,60.32,3273.39,49.63,56.15,36.25,147.95,23.87,19.95,89.46,3.89,26.42,-53.92,-79.08,501.65,72.19,8.06,50.52,39.71,-9.60,12.32,784.60,44.37,700.43,17.53,4.89,930.91,72759.00,65865.00,64601.00,3.14,7.50,52.96,12.32
Poojaa Precision Engg.,544844,,INE288301026,Auto Components,Auto Components & Equipments,687.55,1371.32,53.31,704.00,505.62,2.34,41.16,60.63,,,,,,,,,0.00,44.42,,,292.90,32.08,,,30.87,33.41,28.14,28.68,,6.67,23.80,15.87,503.79,,,78.26,3.23,-6.38,4.90,118.53,0.12,118.68,26.40,,,3034.00,,,3.25,9.28,26.84,4.90
Poonawalla Fin,524000,POONAWALLA,INE511C01022,Finance,Non Banking Financial Company (NBFC),472.65,41620.41,3585.87,570.40,443.18,17.14,48435.80,59.02,307.71,391.55,62.60,254.79,20.77,511.14,150.22,74.20,0.00,52.89,2715.47,76.07,7806.43,72.47,77.34,307.71,786.92,7.51,5.86,340.37,13.21,-0.35,-21785.59,-10569.43,442.88,1466.98,5.80,46.37,32.29,-28.69,293.68,10186.65,2490.46,1329.61,20.89,3.71,2330.22,190484.00,186863.00,209209.00,10.96,16.74,12.75,293.68
Popular Vehicles,544144,PVSL,INE772T01024,Automobiles,Auto Dealer,106.53,758.47,204.13,296.55,109.30,34.66,1405.51,61.38,1.37,115.64,-8.76,-5.03,127.62,-9.81,0.67,0.57,0.00,,2035.92,33.03,6959.77,25.16,44.14,1.37,-1.47,4.27,-8.28,94.04,0.07,0.60,100.18,150.80,109.32,61.07,-1.38,45.65,31.04,4.93,73.40,613.60,18.65,1092.10,8.84,1.21,1889.58,56810.00,57769.00,64486.00,10.28,9.84,18.49,73.40
Power Fin.Corpn.,532810,PFC,INE134E01011,Finance,Financial Institution,364.10,120156.71,112362.31,580.35,409.85,25.16,1000821.82,55.99,7012.01,2.12,6866.26,6998.99,4.66,11574.27,8211.90,7834.39,0.00,4.61,29640.02,2.60,115431.43,4.63,-0.04,8997.92,26057.66,9.71,20.69,7.17,31.54,-0.18,-4504.50,-92270.02,410.31,28859.37,27.33,25.33,9584.95,-5.65,4672.68,139631.36,16023.56,71511.13,9.89,0.84,28526.86,1004992.00,1054196.00,1128203.00,20.54,14.50,8.96,8623.18
Power Grid Corpn,532898,POWERGRID,INE752E01010,Power,Power - Transmission,265.20,246652.01,34506.33,366.25,286.72,18.39,148070.60,51.34,3598.42,-0.89,3630.58,4546.33,-20.85,3968.05,4184.96,3566.08,0.00,15.52,11697.36,1.93,47033.37,2.29,2.68,3598.42,15895.79,9.10,15.26,3.03,31.30,0.55,40935.36,36221.82,286.94,8975.08,4.27,37.23,10077.24,5.88,8920.41,91193.43,2995.09,33363.89,10.69,2.45,11496.72,1351868.00,1335909.00,1388417.00,24.33,20.62,3.63,8920.41
Power Mech Proj.,539302,POWERMECH,INE211R01019,Construction,Civil Construction,2513.30,7946.12,747.65,3725.00,2490.82,22.31,663.63,58.41,79.78,51.90,52.52,142.55,-41.77,114.74,99.62,78.11,0.00,20.31,1454.13,17.47,6391.84,15.79,25.53,89.33,391.24,21.82,15.56,22.70,5.50,3.20,429.80,0.74,2490.59,160.53,32.41,48.14,592.77,0.63,492.92,2486.78,33.74,4108.49,10.94,3.16,1623.68,79426.00,77350.00,73792.00,6.54,20.60,14.45,492.92
Powergrid Infra.,543290,PGINVIT,INE0GGX23010,Power,Power - Transmission,100.00,9099.99,1330.29,160.00,94.37,2.01,1063.55,,185.12,-2.96,190.76,243.96,-24.12,239.59,197.87,279.29,0.00,10.04,314.97,-0.52,1256.13,-0.64,-0.61,185.12,906.24,11.65,11.94,-22.77,59.45,0.61,1175.56,1215.22,94.32,336.81,2.63,57.10,632.28,13.72,653.77,-1558.93,0.00,892.26,7.17,1.21,311.38,,,,,,,653.77
Powerica Ltd,544744,POWERICA,INE921L01032,Electrical Equipment,Heavy Electrical Equipment,532.00,6732.56,429.34,676.95,480.67,21.41,572.07,77.18,63.07,28.14,49.22,42.51,42.83,,97.65,83.96,0.00,23.95,,,3175.74,13.50,26.66,64.43,281.12,15.69,17.38,70.78,8.26,1.84,452.88,256.44,480.16,,,46.54,43.08,-0.30,961.05,1927.82,403.38,2215.93,14.28,,780.11,19244.00,23806.00,,2.05,16.58,4.19,961.05
Prabha Energy,544379,PRABHA,INE0I0M01023,Oil,Oil Exploration & Production,209.16,2863.52,-0.16,315.31,170.99,15.64,163.48,74.94,0.29,226.09,-0.23,0.10,190.00,-0.17,0.92,-0.18,0.00,2603.20,2.76,55.85,6.66,60.87,49.56,0.29,1.10,-0.09,-0.15,177.46,17.16,,-2.66,-6.09,170.61,0.00,-0.01,76.96,5.76,-9.58,6.25,420.80,0.00,63.12,1987.34,8.94,1.69,14240.00,13711.00,13221.00,1.82,0.07,23.18,6.25
Prabhatam Infra Venture Venture,531647,,INE265C01025,"Paper, Forest & Jute Products",Paper & Paper Products,26.39,584.64,-0.12,26.39,12.16,0.00,2.04,68.69,-0.27,-200.00,-0.09,-0.21,-28.57,,-0.28,-0.05,0.00,,,,0.22,,,-0.27,-0.81,-97.14,,-237.50,-207.69,-92.43,-1.82,-0.14,12.02,,,100.00,0.01,-236.19,0.01,-2.86,0.00,0.06,-6518.56,,0.13,1903.00,1867.00,1864.00,0.00,0.00,31.31,0.01
Pradeep Metals,513532,PRADPME,INE770A01010,Auto Components,Auto Components & Equipments,510.00,880.77,57.37,596.00,406.97,14.43,75.37,73.48,8.35,49.91,5.57,10.32,-19.09,10.48,7.06,7.39,0.00,26.59,96.48,12.63,354.20,11.42,20.87,8.35,33.12,21.18,20.33,28.62,8.91,2.41,32.47,33.22,405.93,15.42,6.07,48.21,5.46,5.29,6.59,146.96,0.00,196.90,15.63,5.36,93.71,6519.00,5888.00,5658.00,0.00,0.33,26.19,6.59
Praj Industries,522205,PRAJIND,INE074A01025,Industrial Manufacturing,Industrial Products,350.25,6438.05,199.11,875.00,357.96,19.11,173.04,32.81,11.61,117.42,5.34,10.20,-0.09,10.83,-12.39,19.28,0.00,127.43,873.20,3.75,3243.50,2.35,11.81,11.61,50.52,6.12,1.48,-63.93,1.62,3.25,200.09,42.96,358.04,43.84,0.59,58.66,181.17,5.82,203.74,1272.36,418.12,1960.67,30.19,4.92,715.82,383086.00,400397.00,386468.00,17.75,14.09,35.34,203.74
Prakash Industri,506022,PRAKASH,INE603A01013,Ferrous Metals,Iron & Steel,129.94,2326.99,542.75,309.88,138.22,26.59,515.40,44.38,71.27,-22.02,91.40,93.32,-23.63,51.32,86.85,61.57,8.65,7.43,704.96,-2.52,3473.58,-10.58,-0.49,71.27,313.01,9.55,9.65,-12.16,6.91,0.47,298.99,141.90,138.30,104.70,2.87,51.57,270.97,0.79,195.46,3409.29,0.00,1175.60,4.79,0.65,1032.00,91627.00,93649.00,96121.00,3.72,0.04,51.87,195.46
Prakash Pipes,542684,PPL,INE050001010,Industrial Products,Plastic Products - Industrial,264.65,633.00,75.85,667.95,257.59,29.41,19.17,44.50,16.42,59.26,10.31,13.48,21.81,12.05,10.11,9.36,0.00,12.82,204.99,13.26,826.74,6.12,18.70,16.42,49.37,12.48,9.38,-27.41,6.80,0.83,20.04,73.32,257.51,16.80,5.04,47.60,256.92,7.59,56.17,454.85,0.00,246.80,7.06,1.32,241.45,81998.00,84720.00,87284.00,0.86,0.03,54.62,56.17
Prataap Snacks,540724,DIAMONDYD,INE393P01035,Food Products,Packaged Foods,1167.30,2793.34,90.22,1458.70,1092.35,6.24,45.16,56.77,2.47,257.97,0.69,1.14,116.67,3.28,3.25,4.64,0.00,219.09,476.96,10.44,1806.15,6.41,19.83,2.47,12.75,3.08,1.54,194.03,0.50,3.40,50.47,26.09,1091.60,21.95,1.37,48.77,14.08,3.53,42.81,687.73,0.00,331.99,30.90,3.99,492.50,13162.00,13902.00,19502.00,4.38,7.35,31.50,42.81
Praveg,531637,PRAVEG,INE722B01019,Leisure Services,Hotels & Resorts,262.25,685.54,59.05,1300.00,294.25,37.42,170.15,46.19,-13.52,-120.20,-6.14,-5.78,-168.36,-9.66,9.93,-9.22,0.00,,50.60,34.95,247.56,35.15,16.81,-13.23,-19.69,1.72,-2.51,-333.57,-28.75,1.94,59.91,32.54,294.58,7.07,-3.70,46.09,18.50,-25.67,38.38,423.01,0.00,170.03,14.41,1.53,46.01,43383.00,44188.00,48415.00,1.82,3.79,48.20,38.38
Prec. Wires (I),523539,PRECWIRE,INE372C01037,Industrial Products,"Aluminium, Copper & Zinc Products",432.25,7901.87,307.95,474.90,340.20,8.98,293.45,56.61,46.45,71.47,27.09,54.87,-15.35,73.60,37.70,35.61,0.00,45.25,1920.50,55.20,6127.10,46.02,59.49,46.45,174.63,32.94,22.80,84.03,2.61,5.10,272.96,167.92,339.28,102.87,4.03,54.73,39.73,2.95,115.33,754.06,177.37,1565.28,24.13,10.23,1779.24,67461.00,62834.00,59183.00,2.47,0.15,40.77,115.33
Precision Camshf,539636,PRECAM,INE484I01029,Auto Components,Auto Components & Equipments,129.27,1227.88,111.06,382.80,153.77,50.90,54.31,65.37,5.81,-69.13,18.82,8.86,-16.00,0.39,9.21,13.16,0.00,38.97,193.33,-2.45,765.76,-4.88,-3.65,8.45,31.51,7.28,3.03,-11.34,3.09,0.84,120.08,143.47,154.01,12.71,0.04,26.45,93.62,7.76,76.27,740.63,356.68,308.10,12.24,1.47,187.89,61240.00,60950.00,56997.00,0.26,0.00,34.36,76.27
Precot,,PRECOT,INE283A01014,Textiles & Apparels,Other Textile Products,695.45,834.54,115.91,899.00,626.73,22.64,347.30,61.51,26.61,135.49,11.30,11.74,126.66,18.49,5.78,7.03,0.00,16.31,235.69,10.37,924.92,2.80,19.07,26.61,51.16,10.85,7.72,5.14,10.83,0.77,90.45,115.78,626.04,35.62,15.41,40.54,6.08,6.53,4.80,468.73,13.16,351.49,8.59,1.74,245.73,5998.00,5849.00,6216.00,0.00,0.00,38.49,4.80
Prem. Explosives,526247,PREMEXPLN,INE863B01029,Chemicals & Petrochemicals,Explosives,671.20,3608.45,80.76,909.35,596.03,19.13,32.33,41.33,3.07,-83.36,18.45,6.58,-53.19,1.69,6.09,17.80,0.00,104.90,62.57,-17.21,348.76,-26.85,-27.85,3.08,34.40,22.63,18.57,-13.63,3.00,6.71,-1.27,118.48,595.28,4.45,0.31,52.36,101.31,14.37,60.07,278.32,0.04,258.32,58.06,12.48,102.56,84316.00,92900.00,96995.00,1.67,9.37,47.62,60.07
Premier Energies,544238,PREMIERENE,INE0BS701011,Electrical Equipment,Other Electrical Equipment,1005.00,45622.13,2583.89,1388.00,984.83,11.38,3707.15,58.48,463.07,50.45,307.79,456.83,3.30,560.27,391.62,353.44,0.00,27.40,2403.60,30.85,8466.22,26.70,35.25,471.92,1665.05,33.32,42.35,59.07,19.16,6.66,1261.06,1348.05,984.62,719.61,12.11,43.01,2002.30,-7.12,2089.47,4262.42,669.63,5869.12,17.20,10.57,2462.59,338684.00,364141.00,381623.00,7.92,17.97,15.07,2089.47
Premier Polyfilm,514354,PREMIERPOL,INE309M01020,Industrial Products,Plastic Products - Industrial,90.79,950.96,48.30,94.14,60.75,3.56,0.00,71.09,9.08,51.33,6.00,8.58,5.83,13.19,9.28,8.01,0.00,27.21,91.49,24.31,321.77,19.36,35.07,9.08,34.95,30.79,24.05,33.81,10.33,4.65,26.69,23.11,60.45,14.77,1.26,69.38,10.85,10.48,5.04,136.61,21.49,127.42,18.13,6.46,87.92,23612.00,24052.00,24136.00,0.09,1.02,27.58,5.04
Prestige Estates,533274,PRESTIGE,INE811K01011,Realty,"Residential, Commercial Projects",1615.10,69567.24,4200.10,2074.80,1521.25,10.53,17659.40,60.95,235.90,-19.35,292.50,250.10,-6.99,761.51,244.70,457.40,0.00,61.08,4825.08,98.42,13053.20,67.46,15.94,271.40,1138.90,10.38,7.53,115.95,10.15,3.34,3223.20,130.70,1520.31,1534.96,15.37,51.17,2393.00,-1.70,2380.40,15842.20,2174.80,53947.10,20.33,4.28,2675.10,184847.00,194773.00,163103.00,13.27,23.51,2.28,2380.40
Pricol Ltd,540293,PRICOLLTD,INE726V01018,Auto Components,Auto Components & Equipments,780.70,9515.29,478.69,823.00,608.39,5.14,379.16,38.51,67.02,34.34,49.89,73.23,-8.48,114.11,63.69,63.99,0.00,35.51,1406.67,39.71,4250.90,43.26,23.47,67.02,267.93,24.50,21.84,56.36,6.06,3.44,281.26,223.43,606.66,162.68,9.36,63.80,102.03,2.41,118.90,1242.70,14.24,1285.36,19.30,7.58,1105.44,165911.00,164571.00,165500.00,13.95,11.79,35.74,118.90
Prime Focus,532748,PFOCUS,INE367G01038,Entertainment,Media & Entertainment,302.55,23561.80,1530.95,367.25,249.35,17.62,5716.73,60.73,5.84,-90.56,61.85,86.60,-138.90,63.14,69.20,4.07,0.00,131.99,1387.82,30.81,4919.46,29.17,23.81,-45.78,178.52,11.50,16.50,18.87,0.51,5.47,1024.07,295.42,248.81,386.79,0.73,59.84,214.13,0.40,688.29,2010.93,236.13,5064.53,19.61,11.24,1266.81,26384.00,23497.00,12811.00,3.41,1.07,34.77,688.29
Prime Securities,500337,PRIMESECU,INE032B01021,Finance,Other Financial Services,283.80,963.79,22.73,359.20,280.59,12.68,1.51,0.00,2.63,-74.90,10.48,-1.44,115.20,5.04,2.10,13.77,0.00,56.49,43.24,38.46,125.29,14.36,-27.13,2.01,17.06,8.25,4.09,-53.45,7.81,11.07,-2.10,27.86,280.56,6.75,1.49,51.59,20.63,3.84,4.69,239.49,214.02,265.54,71.74,3.75,33.68,17775.00,18094.00,20623.00,4.96,5.08,89.94,4.69
Primo Chemicals,506852,PRIMO,INE607A01022,Chemicals & Petrochemicals,Commodity Chemicals,21.28,515.71,88.09,100.90,23.51,22.62,131.15,32.40,4.68,14.71,4.08,6.07,-22.90,0.50,1.05,4.16,0.00,33.04,130.64,-3.04,560.02,-2.70,-1.17,4.68,15.61,6.48,3.89,-17.36,3.34,0.57,64.68,64.43,23.53,16.55,0.02,37.02,8.25,0.88,4.10,357.70,65.45,108.03,7.27,1.27,140.28,48308.00,47997.00,50065.00,0.32,1.92,65.36,4.10
Prince Pipes,542907,PRINCEPIPE,INE689W01016,Industrial Products,Plastic Products - Industrial,298.40,3299.14,242.49,897.00,276.97,15.56,145.35,60.95,33.75,600.21,4.82,56.11,-39.85,29.31,-2.38,14.63,0.00,31.67,643.07,8.16,2627.33,5.10,5.00,33.75,104.16,6.12,4.67,347.23,5.54,1.30,526.46,118.94,276.75,67.06,2.65,70.55,83.01,0.33,129.04,1533.95,148.40,1308.21,11.77,2.01,609.42,185165.00,187493.00,200249.00,3.06,15.33,20.66,129.04
Prism Johnson,500338,PRSMJOHNSN,INE010A01011,Cement & Cement Products,Cement & Cement Products,112.29,5652.23,745.68,246.10,124.05,36.20,1677.40,74.87,63.18,515.75,10.26,50.21,806.58,30.65,49.93,1.59,0.00,48.17,1931.68,4.13,7554.09,4.76,2.57,112.70,117.35,5.92,-5.41,10524.12,3.72,0.79,502.89,737.28,124.17,201.52,0.56,57.14,478.22,12.53,547.53,1024.84,146.91,2149.36,8.45,3.70,1835.23,74536.00,73796.00,82797.00,2.74,6.45,15.93,547.53
Privi Speci.,530117,PRIVISCL,INE959A01019,Chemicals & Petrochemicals,Specialty Chemicals,3458.40,13509.45,670.39,3785.30,3166.40,8.64,1021.26,60.60,84.21,35.98,61.93,93.70,-11.98,141.46,74.85,90.21,0.00,38.62,816.05,20.24,2671.09,21.63,19.22,82.84,349.81,22.30,26.01,60.80,12.43,4.36,550.09,281.11,3163.47,203.03,36.18,39.89,50.19,6.00,69.53,1373.37,54.50,1542.32,20.90,9.57,666.22,44875.00,34415.00,28685.00,1.94,10.07,27.39,69.53
Prizor Viztech,,PRIZOR,INE0V9N01017,Industrial Manufacturing,Industrial Products,1045.20,1128.42,33.37,1071.30,607.71,2.44,41.71,67.93,14.84,152.81,5.87,5.91,151.10,,,,0.00,54.36,,,147.94,108.42,164.43,14.84,20.76,37.70,35.47,104.53,14.01,-24.49,0.29,-14.10,603.31,,,72.01,0.13,-22.50,1.11,63.45,0.05,91.63,35.03,15.20,105.93,1851.00,1446.00,1402.00,1.19,0.00,30.87,1.11
Prostarm Info,544410,PROSTARM,INE0BX301013,Electrical Equipment,Other Electrical Equipment,135.88,799.99,54.50,253.49,146.38,42.67,92.97,72.83,5.01,221.15,1.56,8.76,-42.81,10.52,15.96,8.46,0.00,20.95,102.10,58.02,402.72,32.89,48.72,5.01,38.19,17.88,16.58,26.42,6.61,-4.76,-48.85,-3.43,146.49,13.42,1.79,50.49,2.40,-10.84,1.74,242.96,15.15,438.63,15.04,2.65,75.82,41895.00,42837.00,27550.00,0.51,0.87,25.79,1.74
Protean eGov,544021,PROTEAN,INE004A01022,IT - Services,IT Enabled Services,565.70,2297.94,188.37,2225.00,662.84,40.17,87.49,0.00,5.86,-75.43,23.85,30.88,-80.71,10.94,22.50,23.86,0.00,26.72,311.43,24.32,1037.87,21.39,19.03,5.86,86.01,12.69,10.01,-9.67,2.34,2.77,78.47,192.71,663.82,29.67,2.69,46.98,136.22,5.46,186.53,1036.73,637.71,609.69,12.84,2.13,250.96,216038.00,217497.00,242185.00,6.01,21.16,72.84,186.53
Proventus Agro.,,PROV,INE0ONE01016,Food Products,Other Food Products,1875.00,647.52,19.85,1940.00,1416.03,3.35,27.04,67.21,7.51,196.84,2.53,6.63,13.47,,,,0.00,45.79,,,924.99,59.23,85.81,7.58,14.14,11.48,10.31,152.97,1.42,-575.57,9.06,-1.84,1411.42,,,62.66,34.86,-2.89,25.46,140.82,21.14,179.79,32.70,4.49,535.38,614.00,661.00,612.00,0.00,1.18,31.61,25.46
Prozone Realty,534675,PROZONER,INE195N01013,Realty,"Residential, Commercial Projects",43.51,663.96,-8.32,78.40,47.66,40.21,657.54,53.63,-6.78,-694.29,-0.85,0.59,-66.75,-4.00,6.79,3.42,0.00,,56.07,21.38,138.75,-9.87,105.67,1.30,-2.88,-1.04,-1.84,91.58,-44.88,0.97,0.00,39.63,47.70,2.04,-0.26,52.24,108.12,2.60,76.83,425.86,17.21,525.01,31.27,1.45,15.24,51688.00,53020.00,60787.00,3.01,0.00,43.36,76.83
Prudent Corp.,543527,PRUDENT,INE00F201020,Capital Markets,Financial Products Distributor,3345.10,13850.95,333.52,3741.15,2803.45,3.18,34.13,55.31,74.76,44.38,51.78,59.11,26.48,82.54,57.63,53.54,0.00,56.53,386.82,20.96,1371.20,19.45,18.34,74.76,245.04,37.48,28.65,20.57,21.51,7.49,216.54,160.61,2798.01,93.34,19.93,59.33,178.34,20.49,102.10,862.02,580.23,367.21,37.67,15.69,347.63,30808.00,32373.00,32674.00,14.28,23.95,6.45,102.10
PSP Projects,540544,PSPPROJECT,INE488V01015,Construction,Civil Construction,904.65,3586.19,207.70,1143.00,857.54,20.85,330.28,68.82,18.34,4266.67,0.42,21.09,-13.04,32.95,17.83,16.17,0.00,48.84,1091.44,55.28,3484.37,44.77,64.84,18.34,73.43,7.88,4.55,231.51,2.15,4.17,322.82,52.71,857.06,71.82,8.31,39.04,207.84,-5.41,415.50,1224.31,0.66,2386.98,14.81,2.84,853.47,32640.00,34179.00,37294.00,2.10,2.91,26.18,415.50
PTC India,532524,PTC,INE877F01012,Power,Power Trading,157.28,4655.62,1250.69,254.65,175.66,31.47,1768.82,16.22,97.99,-49.76,195.05,105.34,-7.58,213.07,131.24,222.05,0.00,9.10,6454.71,18.25,17535.42,13.26,19.07,112.08,511.39,13.37,10.33,-17.35,2.35,0.13,2817.00,2131.55,175.84,269.57,6.29,37.32,3274.00,26.54,3920.73,5684.76,941.22,10141.65,2.33,0.78,4773.80,254640.00,270599.00,266059.00,28.88,8.95,42.58,3920.73
PTC India Fin,533344,PFS,INE560K01014,Finance,Non Banking Financial Company (NBFC),27.66,1776.56,624.05,73.15,31.33,31.72,1768.11,64.99,40.24,-70.55,136.63,45.50,-11.56,69.60,49.09,88.14,0.00,7.90,100.42,-23.83,475.97,-22.78,-27.20,40.24,224.83,11.79,11.02,-27.31,38.95,0.07,1780.11,1139.22,31.37,108.99,1.08,34.30,1111.74,34.90,1041.76,2437.44,831.51,1092.93,4.96,0.58,103.31,131972.00,134475.00,141396.00,2.03,5.06,27.92,1041.76
PTC Industries,539006,PTCIL,INE596F01018,Industrial Products,Castings & Forgings,20919.00,31362.91,172.28,21800.00,17353.43,4.04,261.35,59.72,29.19,465.70,5.16,59.91,-51.28,38.32,18.35,18.14,0.07,249.72,245.58,97.05,697.43,94.62,97.43,29.19,125.59,8.43,7.02,102.53,15.22,-157.40,-68.66,13.59,17317.59,57.24,25.56,65.02,381.83,-16.06,136.57,1492.12,2.83,897.10,152.00,20.81,191.80,26540.00,23581.00,22707.00,3.95,9.35,26.98,136.57
PTL Enterprises,509220,PTL,INE034D01049,Commercial Services & Supplies,Diversified Commercial Services,38.69,512.17,68.24,54.10,39.71,19.06,5.41,69.82,8.75,-5.10,9.22,13.24,-33.91,12.86,8.93,14.78,0.00,11.21,16.09,0.00,64.33,0.00,0.00,8.75,45.70,7.72,5.45,13.46,54.42,1.16,45.64,26.47,39.72,14.47,0.97,41.31,2.14,3.63,5.90,829.33,443.03,6.47,7.56,0.61,16.08,47099.00,48059.00,50071.00,0.00,0.91,21.90,5.90
Pudumjee Paper,539785,PDMJEPAPER,INE865T01018,"Paper, Forest & Jute Products",Paper & Paper Products,89.69,851.61,134.38,232.20,91.15,35.94,44.91,71.56,33.72,-6.95,36.24,19.72,70.99,27.02,20.71,16.92,0.00,9.35,213.95,3.29,814.35,1.45,3.29,33.72,91.07,18.14,12.81,-12.79,16.62,0.89,121.09,82.37,91.17,33.14,2.85,48.75,37.97,9.70,25.17,659.98,127.65,371.82,6.05,1.27,202.92,48722.00,49098.00,54266.00,0.91,0.01,27.53,25.17
Pun. & Sind Bank,533295,PSB,INE608A01012,Banks,Public Sector Bank,23.50,16674.63,10099.42,149.70,26.10,27.63,164011.03,93.85,331.51,23.16,269.16,421.83,-21.41,423.58,336.42,294.52,0.00,12.05,3141.96,4.77,12284.21,4.64,10.40,331.51,1384.28,5.95,9.62,25.45,10.32,-0.95,-1893.11,-2293.50,26.13,2188.98,0.60,45.64,8793.81,-0.61,6229.55,7537.68,50226.18,12095.00,17.09,1.14,3213.37,221849.00,222301.00,222234.00,0.14,3.81,2.21,6064.53
Punjab Chemicals,506618,PUNJABCHEM,INE277B01014,Fertilizers & Agrochemicals,Pesticides & Agrochemicals,1119.00,1371.89,131.60,1933.70,1108.56,27.05,154.22,39.24,22.07,6.98,20.63,10.98,101.00,19.33,13.81,18.54,0.00,20.49,276.31,8.29,1057.53,8.15,8.68,22.07,66.94,18.55,16.59,37.76,6.36,2.35,85.54,25.22,1108.46,31.53,15.77,49.96,17.92,1.85,15.02,411.21,1.75,509.16,11.17,3.24,347.24,19497.00,19299.00,20205.00,5.86,0.64,54.28,15.02
Punjab Natl.Bank,532461,PNB,INE160A01022,Banks,Public Sector Bank,116.70,134122.65,117796.01,279.98,112.00,13.65,1843390.38,70.08,5814.72,174.29,2119.88,5591.64,4.15,6810.42,5576.54,5120.59,0.00,6.07,33424.34,2.80,131788.93,3.41,3.12,5834.77,22087.53,6.13,12.99,32.86,17.37,0.86,25635.41,22075.28,111.96,25002.93,5.91,59.48,64389.22,0.27,60882.17,154048.04,518312.71,250344.40,16.43,0.86,33589.17,2231532.00,2222889.00,2574693.00,5.93,16.06,7.91,71273.23
Puravankara,532891,PURVA,INE323I01011,Realty,"Residential, Commercial Projects",218.87,5190.50,797.49,569.60,226.93,28.24,5594.56,75.00,28.93,142.75,-67.68,113.24,-77.05,107.43,58.34,-42.99,0.00,32.38,1568.68,143.51,4064.15,116.21,61.85,25.23,160.32,11.24,3.62,160.86,2.97,2.10,344.52,-530.76,227.01,305.11,4.53,52.24,731.73,2.76,1484.61,1668.99,31.69,14978.42,9.96,2.90,848.72,43565.00,41869.00,45955.00,16.62,0.58,7.79,1484.61
Purple Style,,,INE0I1B01016,,,,4603.51,30.37,,,,289.07,,,,,,,,,,,,,,557.84,13.87,,,-167.47,-17.34,-143.38,-154.59,,,-34.90,-45.19,,,,,10.48,,10.48,116.76,0.00,256.50,160.75,,,,,,,,,10.48
PVP Ventures,517556,PVP,INE362A01016,Realty,"Residential, Commercial Projects",56.48,1470.76,42.26,248.05,30.68,0.00,257.17,61.30,22.08,7513.79,0.29,-0.10,446.71,-6.21,-4.06,-2.60,0.00,96.36,48.75,185.28,118.13,181.93,165.19,11.06,15.26,6.37,-2.24,906.21,46.14,1.90,-23.47,19.54,30.42,10.66,-0.24,89.36,0.61,-2.60,51.24,-42.17,6.05,145.42,23.23,6.74,45.64,40079.00,39942.00,44309.00,0.13,0.00,38.58,51.24
PVR Inox,532689,PVRINOX,INE191H01014,Entertainment,"Film Production, Distribution & Exhibition",1255.30,12327.04,2255.10,2214.85,1053.19,2.27,6779.10,27.53,56.50,220.30,-46.97,20.42,-69.69,125.74,95.40,105.50,10.89,38.86,2094.65,14.90,6842.20,13.68,11.91,56.50,317.21,6.79,4.92,321.24,3.48,0.69,2160.30,1967.50,1051.16,684.31,12.80,77.11,528.90,11.28,591.60,7280.50,2.40,1112.20,7.73,1.67,1622.20,236922.00,238892.00,264090.00,18.08,35.72,18.67,591.60
Pyramid Technopl,543969,PYRAMID,INE0MIS01010,Industrial Products,Packaging,162.73,598.60,58.92,258.99,164.74,18.10,183.97,74.94,10.45,32.11,7.91,10.02,4.29,9.33,4.74,6.15,0.00,19.09,197.76,22.97,739.59,19.00,35.82,10.45,31.36,12.28,10.96,16.06,4.70,10.53,-41.37,35.01,164.76,16.46,2.54,42.30,5.74,-17.30,5.90,239.89,0.00,280.61,11.76,2.16,222.49,25684.00,26841.00,30490.00,0.97,3.14,20.95,5.90
Q-Line Biotech,,QLINE,INE1G2W01011,Healthcare Equipment & Supplies,Medical Equipment & Supplies,536.95,1252.61,103.75,600.00,500.01,10.51,225.48,67.51,35.14,147.29,14.21,,,,,,0.00,22.18,,,341.74,8.99,-8.59,34.41,56.48,22.46,25.90,25.23,17.75,,16.38,-1.32,499.64,,,51.97,47.03,-11.99,76.44,229.92,16.67,344.06,13.51,,197.94,3497.00,,,1.67,10.14,20.67,76.44
Quadrant Future,544336,QUADFUTURE,INE0LRY01011,Industrial Products,Cables - Electricals,411.95,1647.80,-33.98,744.00,359.26,18.00,24.02,70.00,-9.13,32.37,-13.50,1.14,-900.88,-14.38,-14.70,-15.89,0.00,,40.15,16.72,164.83,7.14,41.28,-9.13,-38.58,-15.85,-15.45,-61.22,-22.49,-5.94,-86.23,-71.96,358.73,-8.99,-3.59,58.37,186.84,-17.74,32.45,217.93,0.00,236.20,-55.87,6.39,40.59,35257.00,41716.00,42651.00,1.85,2.08,26.08,32.45
Qualitek Labs,544091,,INE0Q1R01012,Commercial Services & Supplies,Consulting Services,447.00,520.85,29.88,505.95,392.37,11.65,92.97,56.46,9.88,,,4.77,106.08,,,,0.00,35.55,,,124.52,77.30,,9.83,14.65,11.94,12.25,132.84,14.06,,14.85,10.50,391.83,,,51.20,5.17,,6.05,140.77,0.00,58.76,20.34,3.42,70.27,876.00,873.00,750.00,1.60,0.10,41.84,6.05
Quality Power El,544367,QPOWER,INE0SII01026,Electrical Equipment,Heavy Electrical Equipment,1298.20,10053.79,236.24,1443.20,1025.63,10.05,40.18,73.91,36.11,49.59,24.14,33.94,-7.58,79.86,62.76,35.17,0.00,75.42,491.22,138.74,1003.23,121.98,31.66,46.72,133.30,31.53,25.11,89.95,20.08,16.27,80.28,62.46,1022.89,88.59,7.97,59.06,209.92,0.79,247.95,464.59,18.60,732.14,38.98,18.55,232.67,85706.00,73930.00,58129.00,3.37,6.45,16.28,247.95
Quess Corp,539978,QUESS,INE615P01015,Commercial Services & Supplies,Diversified Commercial Services,370.70,5536.77,340.78,616.33,256.45,1.54,124.48,56.82,81.90,55.39,52.71,63.59,27.63,59.08,55.09,51.77,0.00,21.42,4131.60,7.83,15835.46,5.35,14.52,82.13,258.47,24.00,21.33,22.25,1.96,1.03,230.06,380.48,255.30,84.26,3.94,76.44,266.94,27.59,206.87,1017.13,51.21,1949.03,14.96,4.75,4181.69,107345.00,110118.00,126388.00,8.58,11.86,21.73,206.87
Quick Heal Tech,539678,QUICKHEAL,INE306L01010,IT - Software,Software Products,140.15,760.51,-6.54,825.90,202.87,62.26,0.11,71.48,-5.28,4.17,-5.51,-19.94,73.52,-18.14,6.61,7.91,0.00,,74.15,-11.22,248.78,-6.64,-21.39,-5.28,-10.70,-4.65,-2.49,-137.78,-11.74,2.49,15.39,-22.30,203.50,-13.30,-3.34,28.94,20.97,-1.39,13.24,382.28,212.69,368.65,-123.94,1.74,44.99,62251.00,56399.00,53856.00,0.46,0.00,28.08,13.24
R C F,524230,RCF,INE027A01015,Fertilizers & Agrochemicals,Fertilizers,122.33,6748.82,1149.20,245.00,131.68,25.63,4128.07,75.00,73.53,35.09,54.43,156.19,-60.62,157.86,80.95,105.35,0.00,16.22,6464.70,22.15,18695.30,17.52,6.38,73.53,416.02,10.23,8.02,46.82,2.05,1.62,-471.22,2363.82,131.77,339.46,2.86,44.80,1035.74,-3.37,152.73,4569.51,1380.41,10726.38,8.89,1.32,3585.71,334914.00,339059.00,360386.00,2.43,0.30,22.28,152.73
R M Drip & Sprin,544456,RMDRIP,INE219Y01026,Industrial Products,Plastic Products - Industrial,19.37,829.48,54.47,72.22,27.47,73.18,52.82,21.06,5.35,0.75,5.31,10.20,-47.55,8.76,14.06,5.65,0.00,23.52,43.70,40.14,207.28,44.37,32.35,5.35,35.26,37.91,36.91,27.99,13.26,-6.84,-11.44,-22.39,27.55,10.78,0.20,61.39,0.26,-17.46,0.84,85.95,3.15,173.27,15.94,7.48,40.34,42996.00,44653.00,1311.00,4.24,0.10,74.60,0.84
R R Kabel,543981,RRKABEL,INE777K01022,Industrial Products,Cables - Electricals,2810.60,31789.43,844.51,2983.80,1951.81,5.80,337.03,61.38,194.94,117.32,89.70,167.90,22.22,207.31,118.25,116.26,0.00,51.99,3094.66,43.02,10831.93,37.66,53.90,205.20,611.51,28.10,21.33,81.49,6.15,7.57,295.29,494.40,1943.18,263.34,18.33,59.82,226.91,3.57,90.72,2517.85,255.33,3059.42,31.77,12.35,3168.20,143418.00,130587.00,135697.00,10.68,11.87,16.07,90.72
R Systems Intl.,532735,RSYSTEMS,INE411H01032,IT - Services,IT Enabled Services,240.10,2845.09,316.93,599.00,298.70,50.49,369.33,51.85,55.57,-26.74,75.85,65.41,-15.04,73.61,36.41,35.34,0.00,13.51,634.74,27.30,2230.20,24.07,30.23,55.57,210.63,19.48,24.44,8.99,9.24,1.34,219.87,235.27,299.29,105.86,6.21,43.70,193.75,16.33,314.11,1086.42,0.00,925.01,7.15,2.59,601.70,44973.00,44372.00,38040.00,3.83,6.53,37.79,333.97
RaajMarg Infra,544734,RIIT,INE2PB023011,Transport Infrastructure,"Road AssetsToll, Annuity, Hybrid-Annuity",121.77,7306.20,0.00,127.00,111.97,4.12,3729.11,,201.07,,,10.31,1850.24,,,,,,,,0.00,,,201.07,0.00,,,,75.35,,,,111.88,,,70.76,,,0.00,10.31,1350.00,164.49,,1.22,266.84,,,,,,,151.70
RACL Geartech,520073,RACLGEAR,INE704B01017,Auto Components,Auto Components & Equipments,1509.40,1779.29,126.48,1691.90,1249.72,10.79,232.96,42.70,8.77,5.79,8.29,11.75,-24.33,15.83,14.66,12.02,0.00,37.70,146.74,25.12,505.48,22.69,27.74,8.77,47.20,16.55,16.07,70.89,6.87,2.84,81.76,62.90,1247.11,33.25,13.43,64.18,1.92,-0.69,7.61,339.91,2.38,340.10,15.58,5.05,127.63,16693.00,17568.00,15263.00,9.27,3.22,44.80,7.61
Radhika Jeweltec,540125,RADHIKAJWE,INE583V01021,Consumer Durables,"Gems, Jewellery And Watches",70.54,832.37,104.83,157.36,68.37,29.27,58.14,57.68,22.85,25.48,18.21,7.53,203.45,29.42,30.64,18.41,0.00,10.48,169.71,27.55,692.54,16.75,53.85,22.85,79.43,25.07,20.76,26.78,14.98,-6.65,-12.73,16.57,68.35,30.46,2.49,59.03,5.49,-1.91,5.65,374.33,0.00,469.35,7.97,2.09,152.54,69622.00,71429.00,77544.00,0.03,0.01,42.29,5.65
Radico Khaitan,532497,RADICO,INE944F01028,Beverages,Breweries & Distilleries,4614.00,61819.48,1036.59,4747.95,3518.67,2.82,498.45,40.19,229.60,69.15,135.74,179.46,27.94,259.13,154.93,139.56,0.00,86.98,1738.68,16.38,6228.08,19.30,11.80,229.60,710.72,24.15,20.26,75.94,13.64,14.27,742.64,362.86,3507.67,317.47,19.34,62.89,57.71,5.77,88.33,3288.95,239.95,2616.96,53.52,18.63,1683.69,147064.00,152036.00,139974.00,18.20,28.08,13.51,88.33
Raghav Product.,539837,RPEL,INE912T01018,Industrial Products,Electrodes & Refractories,1736.70,7975.27,75.29,1749.00,1007.06,0.70,5.41,62.89,19.57,67.55,11.68,15.16,29.09,23.75,14.12,13.84,0.00,127.22,88.41,39.03,285.55,33.90,48.72,19.57,62.69,30.30,24.27,55.29,22.52,25.45,37.00,38.68,999.73,26.19,5.17,74.46,9.24,8.96,8.08,198.60,40.69,128.74,91.26,32.61,86.91,14899.00,12868.00,14151.00,0.81,0.01,36.28,8.08
Rail Vikas,542649,RVNL,INE415G01027,Construction,Civil Construction,221.39,46160.26,1636.59,647.00,276.35,44.78,4818.49,72.84,159.36,18.46,134.53,187.07,-12.19,124.33,324.14,230.52,0.00,51.31,5437.78,6.14,20824.58,5.40,10.55,159.52,899.55,10.80,9.02,-24.30,3.69,5.02,-1889.37,1880.91,276.91,232.75,0.60,41.26,3886.24,4.80,968.25,7736.82,2644.77,13575.33,29.95,4.70,4321.23,2210914.00,2190491.00,2290745.00,2.41,6.60,18.15,968.25
Railtel Corpn.,543265,RAILTEL,INE0DD101019,Telecom - Services,Other Telecom Services,280.90,9015.16,688.05,618.00,317.60,32.00,63.72,72.84,70.96,11.62,63.57,143.52,-53.59,120.32,62.40,76.07,0.00,24.33,1166.34,22.60,4426.94,20.85,20.09,65.78,370.52,22.85,17.08,16.17,7.94,2.16,316.45,255.34,317.97,177.07,3.75,42.22,526.38,4.90,654.11,1940.67,0.00,4318.94,11.96,3.99,893.27,486005.00,492275.00,516521.00,3.98,0.99,22.19,654.11
Rain Industries,500339,RAIN,INE855B01025,Chemicals & Petrochemicals,Petrochemicals,195.78,6585.06,2277.88,475.50,170.00,22.31,10794.64,41.35,296.21,387.99,60.70,121.44,115.99,289.16,37.68,130.33,0.00,12.26,5268.88,17.72,18464.31,17.02,17.40,340.99,537.17,8.26,0.60,228.66,6.60,0.34,897.24,1943.22,169.75,823.54,7.47,39.94,1870.41,8.54,1526.24,7927.39,29.74,9547.90,5.34,0.82,5167.16,192433.00,195180.00,204795.00,8.02,2.67,47.62,1612.59
Rainbow Child.,543524,RAINBOW,INE961O01016,Healthcare Services,Hospital,1446.70,14693.65,566.35,1709.60,1372.97,10.14,890.98,49.84,60.57,13.21,53.50,78.10,-20.05,103.25,73.90,75.62,0.00,51.30,550.63,23.79,1820.14,18.30,33.17,62.54,286.45,17.35,15.90,11.29,13.31,3.48,419.66,395.66,1372.23,172.63,9.85,43.15,20.28,5.88,33.89,1546.51,404.50,258.35,25.42,8.92,469.99,89305.00,88561.00,80320.00,16.03,22.56,11.39,33.89
Raj Rayon Inds.,530699,RAJRILTD,INE533D01032,Textiles & Apparels,Other Textile Products,23.07,1282.88,68.60,91.19,22.17,20.17,222.49,94.14,6.86,13.01,6.07,14.03,-51.10,12.65,5.87,8.02,0.00,36.89,388.63,21.71,1123.99,23.88,-21.42,6.86,34.78,13.60,26.77,48.95,3.36,3.32,119.06,36.82,22.16,24.74,0.23,64.92,8.04,-0.70,22.70,100.87,25.32,250.72,20.78,8.20,204.46,26247.00,26492.00,27748.00,0.00,0.00,5.87,22.70
Rajapalayam Mill,532503,RAJPALAYAM,INE296E01026,Textiles & Apparels,Other Textile Products,826.90,762.42,138.76,1497.14,826.63,10.94,1146.28,56.28,18.16,117.75,8.34,29.05,-40.73,0.48,59.53,17.10,0.00,6.18,299.15,23.89,1014.76,16.76,38.56,17.55,123.31,1.81,4.79,288.99,6.95,1.06,65.52,115.64,826.63,43.84,0.52,51.31,6.11,1.64,7.49,2418.58,2200.38,569.87,12.26,0.31,261.28,7360.00,7127.00,7594.00,0.07,0.02,43.63,7.49
Rajesh Exports,531500,RAJESHEXPO,INE343B01030,Consumer Durables,"Gems, Jewellery And Watches",76.66,2263.46,380.05,1029.70,123.95,67.92,1015.90,54.55,47.19,595.17,-9.53,-53.50,188.21,89.58,71.48,104.05,0.00,13.38,317868.85,81.42,887509.97,79.55,82.71,47.19,169.22,1.86,0.68,130.29,0.02,0.10,371.78,7737.55,124.42,130.34,3.03,28.63,1891.23,17.41,2615.22,17239.21,11796.62,27642.35,1.67,0.13,240335.72,201013.00,198796.00,213908.00,12.61,10.83,22.02,2615.22
Rajesh Power,544291,,INE0VN801010,Other Utilities,Multi Utilities,803.75,1447.34,202.66,1639.00,948.54,50.54,127.24,72.70,79.92,32.19,60.46,58.06,36.89,,,,0.00,10.49,,,1627.94,51.87,30.45,79.48,137.98,48.56,42.65,59.42,8.07,-9.27,-41.42,-20.79,950.00,,,39.61,0.14,-6.94,65.44,372.74,7.71,579.64,7.45,3.70,990.12,6172.00,4646.00,3048.00,0.68,3.52,23.11,65.44
Rajoo Engineers,522257,RAJOOENG,INE535F01024,Industrial Manufacturing,Industrial Products,49.39,882.48,74.18,332.92,65.87,52.46,24.33,60.70,15.53,3.40,15.02,1.95,635.17,18.91,17.88,14.09,0.00,18.20,124.41,34.86,382.26,32.79,44.67,17.35,48.50,24.70,18.90,1.76,14.10,1.92,67.81,70.51,66.04,22.15,0.95,36.36,86.82,6.66,103.65,327.51,50.32,389.32,10.30,2.56,123.07,67302.00,67167.00,50336.00,1.22,0.53,37.54,103.65
Rajputana Stain.,544731,RSL,INE313L01016,Industrial Products,Iron & Steel Products,166.59,1392.15,95.82,174.00,129.01,4.26,68.83,57.09,20.20,80.52,11.19,13.10,54.20,,12.31,13.22,0.00,23.66,,,1082.04,8.05,32.41,20.20,58.83,25.22,19.34,25.21,6.59,5.95,32.09,7.08,128.63,,,75.29,11.19,3.80,133.79,279.73,0.18,512.62,12.54,3.83,306.54,8209.00,14609.00,,6.30,0.12,36.49,133.79
Rajratan Global,517522,RAJRATAN,INE451D01029,Auto Components,Auto Components & Equipments,495.75,2516.97,145.30,1409.90,448.34,12.09,323.90,65.20,22.96,69.82,13.52,15.43,48.80,32.15,20.69,20.55,0.00,31.61,378.74,28.75,1228.34,27.74,29.14,22.96,79.63,13.23,11.51,39.51,7.21,1.93,74.51,56.66,447.86,48.58,6.33,47.04,24.23,-1.65,37.09,640.29,1.44,431.06,17.65,3.87,318.35,62564.00,64168.00,65750.00,0.83,8.35,25.62,37.09
Rallis India,500355,RALLIS,INE613A01020,Fertilizers & Agrochemicals,Pesticides & Agrochemicals,213.93,4160.27,404.98,385.90,248.39,42.48,61.10,55.08,123.54,30.04,95.00,-16.76,933.33,92.90,2.00,102.00,0.00,18.21,922.40,7.13,2962.00,4.41,6.79,125.00,228.40,14.14,10.22,33.45,12.09,1.49,172.11,295.11,248.73,134.96,4.78,44.17,31.17,9.10,45.43,2023.52,505.39,1807.39,9.51,2.04,1022.00,130812.00,129225.00,128437.00,9.12,11.72,23.66,45.43
Ram Ratna Wires,522281,RAMRAT,INE207E01023,Electrical Equipment,Other Electrical Equipment,523.70,4888.69,279.88,527.20,383.15,0.66,675.23,69.30,35.21,127.75,15.46,39.01,-10.37,53.37,31.64,21.82,0.02,37.77,2039.43,75.30,6047.46,60.51,88.63,35.16,129.44,23.58,20.61,94.01,1.90,4.01,-92.99,227.33,381.74,99.47,5.72,73.30,23.82,-7.85,13.86,532.81,16.06,1251.70,17.24,8.44,1853.28,24296.00,19958.00,18430.00,0.47,0.62,29.62,13.86
Rama Steel Tubes,539309,RAMASTEEL,INE230R01035,Industrial Products,Iron & Steel Products,4.25,695.32,35.72,17.55,6.33,63.30,129.71,34.18,5.11,-3.95,5.32,4.28,43.54,1.99,1.78,1.00,0.00,53.69,299.19,-6.63,1079.32,-1.84,-16.70,5.44,12.95,5.57,2.99,-40.35,2.44,-1.63,-108.76,51.02,6.35,6.24,0.01,44.52,5.50,-3.28,5.39,313.86,10.83,640.20,26.25,1.46,223.34,808539.00,808104.00,897389.00,2.70,0.00,63.12,5.39
Ramco Inds.,532369,RAMCOIND,INE614A01028,Other Construction Materials,Other Construction Materials,349.65,3036.42,247.23,398.05,310.90,12.16,171.47,54.84,80.01,21.91,65.63,81.75,-1.19,50.29,112.07,40.93,1.05,9.65,421.58,15.35,1872.74,13.43,15.48,86.59,314.65,4.57,6.75,51.92,13.03,2.36,200.97,133.18,310.51,62.87,5.79,52.52,101.41,2.59,151.24,4513.31,3484.91,894.04,10.71,0.67,613.81,31622.00,29086.00,30398.00,1.00,3.35,40.81,151.24
Ramco Systems,532370,RAMCOSYS,INE246B01019,IT - Software,Software Products,553.10,2079.47,167.33,1113.00,548.52,42.87,42.83,55.51,0.60,-36.17,0.94,25.05,-97.78,13.42,3.21,12.59,0.00,33.01,200.26,13.92,712.41,15.71,7.10,0.56,63.00,19.72,18.12,561.20,0.32,1.72,134.45,113.35,548.48,40.29,3.57,37.53,45.77,9.22,125.57,312.48,1.88,307.83,12.41,5.92,172.77,32100.00,27987.00,30674.00,11.48,1.77,31.25,125.57
Ramkrishna Forg.,532527,RKFORGE,INE399G01023,Auto Components,Auto Components & Equipments,732.00,13334.85,638.19,1064.05,599.32,5.28,2448.77,43.39,46.88,297.63,11.79,56.18,-16.20,22.35,13.57,-9.50,15.56,116.01,1058.17,16.60,4439.50,8.55,19.84,46.88,114.95,5.60,2.51,-60.43,3.85,2.34,839.76,32.55,597.98,164.12,1.23,63.60,20.18,-5.72,162.90,3254.11,240.97,2446.54,21.89,4.04,1216.67,105810.00,109027.00,113670.00,20.43,5.09,30.90,162.90
Ramky Infra,533262,RAMKY,INE874I01013,Construction,Civil Construction,366.20,2534.02,425.31,1009.05,460.66,48.17,591.18,69.81,39.30,-47.18,74.40,-6.05,-25.58,4.94,78.00,75.63,25.70,13.55,522.76,10.84,1938.47,4.52,24.26,38.79,186.97,13.66,11.13,-4.40,8.23,0.30,-262.20,372.90,461.61,55.87,0.71,31.89,159.74,6.11,267.36,2093.21,0.24,2154.94,7.34,1.17,471.23,23063.00,23216.00,23241.00,1.92,0.91,27.37,267.36
Rane (Madras),532661,RML,INE050H01012,Auto Components,Auto Components & Equipments,1144.10,3161.96,355.35,1529.00,947.62,13.58,752.01,70.45,30.10,56.04,19.29,36.96,-18.56,36.74,30.52,21.47,0.00,26.17,1078.79,17.35,4023.95,16.01,18.29,30.10,120.82,13.95,15.35,188.49,2.89,1.57,219.07,315.75,945.65,92.76,13.29,53.82,34.79,5.38,47.24,722.92,7.54,1461.60,10.37,4.21,1041.62,28932.00,29856.00,33748.00,0.33,0.79,28.43,47.24
Rane Holdings,505800,RANEHOLDIN,INE384A01010,Finance,Holding Company,1581.60,2258.52,441.02,2799.00,1481.35,16.67,1020.99,46.64,35.83,-6.62,38.37,68.89,-44.86,30.40,-39.51,31.26,0.00,28.64,1708.27,22.09,6129.37,25.82,18.35,48.27,78.85,9.52,7.00,6.33,2.92,0.74,279.55,513.03,1480.34,110.34,16.49,37.00,41.96,6.19,54.64,1139.55,296.19,1902.15,7.08,1.96,1586.88,15390.00,15635.00,15968.00,0.93,3.39,49.05,54.64
Rashi Peripheral,544119,RPTECH,INE0J1F01024,IT - Hardware,Computers Hardware & Equipments,778.95,5172.68,504.46,967.70,562.96,19.51,990.64,64.04,102.77,67.60,61.32,84.21,20.42,140.31,74.60,59.22,0.00,16.21,6267.64,50.83,17777.05,40.44,61.85,104.57,319.04,17.00,14.73,50.28,2.05,-2.88,113.69,-299.18,560.79,176.43,20.77,42.48,21.95,-3.64,81.21,1992.06,0.00,5219.79,10.85,2.53,5101.85,52537.00,43946.00,51874.00,3.27,12.68,20.01,81.21
Rategain Travel,543417,RATEGAIN,INE0CLI01024,IT - Software,Computers - Software & Consulting,934.05,11065.04,398.79,1052.65,738.51,11.27,948.70,48.78,94.91,102.24,46.93,69.99,35.61,99.20,26.45,51.01,0.00,42.33,767.60,160.15,2335.65,114.36,187.63,94.91,261.39,13.67,11.99,24.18,12.09,7.71,233.71,119.97,736.54,150.41,8.37,50.23,349.63,7.04,173.13,1994.05,24.52,954.57,23.54,5.50,785.01,90004.00,92900.00,96390.00,5.75,20.86,24.53,173.13
Ratnamani Metals,520111,RATNAMANI,INE703B01027,Industrial Products,Iron & Steel Products,2641.60,18515.50,879.23,3978.50,2483.35,21.03,317.62,59.77,82.16,-37.67,131.82,99.34,-7.66,128.45,135.38,156.04,0.00,42.20,970.90,-18.53,4313.97,-16.31,-15.63,107.02,438.75,17.91,12.63,-23.11,11.01,3.68,936.01,536.22,2481.76,165.81,14.07,63.51,225.22,7.87,73.90,4096.61,644.32,2762.06,22.31,4.50,971.63,36573.00,38601.00,32422.00,10.72,19.13,10.37,73.90
Ratnaveer Precis,543978,RATNAVEER,INE05CZ01011,Industrial Products,Iron & Steel Products,279.27,2343.81,121.88,286.00,174.38,2.35,334.97,45.49,18.24,22.01,14.95,17.03,7.11,19.83,16.89,15.43,0.00,34.68,337.10,17.92,1118.76,17.48,18.90,18.24,67.59,12.29,12.37,37.24,5.80,21.39,-48.41,94.93,173.33,34.71,2.36,80.09,65.86,-10.70,268.95,601.05,0.00,923.05,18.46,3.33,314.64,55925.00,54477.00,54283.00,3.53,2.00,48.98,268.95
RattanIndia Ent,534597,RTNINDIA,INE834M01019,Retailing,E-Retail/ E-Commerce,30.22,4177.22,-74.66,94.85,36.65,52.78,1100.86,74.87,15.10,-97.00,502.72,-110.28,113.38,-203.38,-162.01,-396.56,14.10,,2098.56,-1.19,7697.47,2.09,-19.14,14.73,-653.04,-4.76,-19.57,-146.82,0.79,-3.50,-55.52,306.41,36.71,-180.95,-1.47,41.28,130.68,3.45,166.06,492.02,893.43,2140.10,-8.03,5.44,1870.48,395032.00,401055.00,440680.00,5.40,0.07,19.58,166.06
RattanIndia Pow.,533122,RTNPOWER,INE399K01017,Power,Power Generation,7.95,4269.23,760.18,45.50,9.37,38.08,3710.71,44.06,45.85,449.73,-13.11,42.84,7.03,-57.12,54.26,-31.55,0.00,38.32,610.75,-6.57,2967.95,-6.49,-2.85,45.85,111.40,6.21,1.14,-3.81,5.74,0.42,372.18,409.95,9.38,79.89,-0.11,33.58,362.53,7.23,75.35,-732.40,0.00,3268.89,10.44,0.92,798.55,1911791.00,1943756.00,2077828.00,5.25,6.58,44.10,75.35
Ravindra Energy,504341,RELTD,INE206N01018,Electrical Equipment,Other Electrical Equipment,156.70,3111.27,148.83,196.45,149.20,20.23,502.25,58.26,1.64,-92.75,22.61,12.62,-87.00,36.94,14.64,30.79,20.41,52.12,213.65,77.56,500.53,28.23,-26.24,1.64,59.69,15.89,21.18,12.99,1.37,2.80,171.85,70.90,149.12,63.78,1.86,38.38,84.10,-17.77,91.54,243.64,40.66,182.39,22.61,7.36,119.97,82798.00,80815.00,83521.00,3.27,2.99,35.49,91.54
Raymond,500330,RAYMOND,INE301A01014,Industrial Manufacturing,Industrial Products,621.05,4134.56,294.13,826.75,533.43,5.76,1054.89,48.87,20.99,1.85,20.61,2.63,158.59,4.28,7.10,13.89,0.00,24.59,599.68,13.64,2293.42,13.45,15.51,30.85,168.16,3.14,167.82,228.88,5.09,0.72,41.77,233.14,532.55,64.22,0.44,50.23,298.51,2.63,182.42,2777.43,1695.05,1401.11,14.50,1.45,605.61,272532.00,288616.00,291118.00,7.89,3.81,39.38,182.42
Raymond Lifestyl,544240,RAYMONDLSL,INE02ID01020,Textiles & Apparels,Other Textile Products,709.75,4324.05,787.45,3100.00,880.22,47.43,2185.53,59.61,-22.59,-13.98,-19.82,10.73,56.61,9.10,42.86,75.19,23.74,28.98,2016.48,10.05,6973.08,9.18,5.95,-22.59,149.19,3.52,1.14,62.84,-1.49,,546.23,404.30,881.93,187.18,1.49,40.94,400.88,7.63,327.94,9623.64,1037.10,3748.32,7.57,0.45,1515.51,138586.00,139894.00,148782.00,7.32,5.72,27.30,327.94
Raymond Realty,544420,RAYMONDREL,INE1SY401010,Realty,"Residential, Commercial Projects",575.20,3829.32,481.46,1055.20,592.12,21.73,1013.75,50.93,13.43,-18.61,16.50,161.12,-91.66,,66.79,60.18,7.34,12.70,,565.03,3136.96,284.43,38.42,13.43,301.52,29.61,36.31,1023.82,2.55,,-909.96,-236.60,592.29,,,37.82,18.68,-31.37,354.63,1500.85,2.47,6952.50,8.56,2.44,526.67,209800.00,210530.00,261564.00,5.85,2.90,40.29,354.63
RBL Bank,540065,RBLBANK,INE976G01028,Banks,Private Sector Bank,382.50,59291.64,9249.52,716.55,332.59,3.88,155812.07,60.00,253.70,26.64,200.33,229.71,10.44,210.43,213.88,178.52,0.00,67.70,3771.70,7.53,14734.71,5.37,11.60,253.70,875.81,5.77,5.11,67.08,6.61,3.35,7577.00,-846.35,332.09,1393.82,1.36,51.52,10964.75,2.35,14011.60,15986.78,32078.23,33273.40,21.61,1.42,3840.25,320792.00,323042.00,386691.00,8.77,16.92,14.16,14011.60
RBZ Jewellers Lt,544060,RBZJEWEL,INE0PEQ01016,Consumer Durables,"Gems, Jewellery And Watches",149.33,597.32,92.90,255.35,139.30,16.58,169.77,75.00,9.09,27.67,7.12,11.68,-22.17,25.74,17.43,18.56,0.00,10.52,199.31,37.38,681.69,30.27,59.83,9.09,56.76,21.98,20.12,54.03,7.52,-2.94,-7.33,-14.94,139.20,31.65,6.44,57.00,2.69,-9.36,3.09,259.82,0.00,396.80,7.85,1.99,120.80,31334.00,33351.00,38257.00,0.03,0.01,24.98,3.09
REC Ltd,532955,RECLTD,INE020B01018,Finance,Financial Institution,322.20,84842.48,57060.36,654.00,359.18,17.49,515283.59,52.63,4192.76,-6.11,4465.71,3375.08,24.23,5796.09,4052.44,4414.93,0.00,5.29,15141.63,-0.07,59202.49,2.03,-2.05,4192.76,16049.63,9.71,20.12,-4.97,29.05,-0.26,5971.57,-39064.08,359.56,14545.11,22.01,27.81,2343.37,-5.16,1611.09,81862.78,9831.45,46800.67,10.60,1.00,14434.92,1175194.00,1208647.00,1126511.00,15.76,16.98,14.57,1611.09
Redington,532805,REDINGTON,INE891D01026,Commercial Services & Supplies,Trading & Distributors,354.20,27690.45,2529.52,370.80,269.10,4.48,2841.62,0.00,485.98,76.55,275.27,489.61,57.69,588.91,413.39,350.20,0.00,15.39,36860.94,26.78,128132.84,23.20,34.57,453.49,1799.22,18.39,16.86,41.53,1.30,-17.28,231.35,292.62,268.25,738.60,7.53,63.48,1381.48,3.37,1121.50,10004.38,0.00,32528.54,10.83,2.73,34922.47,241094.00,253694.00,219740.00,61.96,16.37,21.61,1121.50
Redtape,543957,REDTAPE,INE0LXT01019,Consumer Durables,Footwear,122.56,6775.21,486.20,245.46,130.76,25.04,719.96,71.83,44.48,15.23,38.60,69.88,-36.35,58.82,104.53,27.54,0.00,27.49,585.59,18.93,2435.74,18.98,3.65,44.48,246.43,24.48,26.65,38.47,9.24,6.25,174.01,4.30,130.84,96.29,1.06,40.29,14.57,-0.96,9.76,910.82,0.00,1518.34,15.19,6.63,481.28,75576.00,77943.00,78752.00,3.21,11.74,13.22,9.76
Refex Industries,532884,REFEX,INE056I01025,Other Utilities,Waste Management,296.85,4073.36,386.99,600.00,301.20,28.57,225.04,56.57,73.66,145.38,30.02,101.91,-31.65,97.96,52.71,36.19,43.51,14.28,790.62,90.65,2841.18,37.90,160.42,64.56,285.20,22.71,17.81,56.27,8.13,,107.14,-248.50,301.24,117.65,7.06,45.58,352.05,-8.45,393.35,1476.71,0.00,2539.60,8.59,2.71,916.31,91033.00,94159.00,85429.00,0.93,0.38,42.13,393.35
Regaal Resources,544485,REGAAL,INE0MHO01029,Agricultural Food & other Products,Other Agricultural Products,94.57,974.01,127.76,145.70,85.23,20.76,614.47,71.32,13.33,46.97,9.07,16.54,-19.41,29.95,13.25,16.71,0.00,15.01,340.51,6.40,1089.75,12.71,-18.02,13.33,64.89,12.05,16.52,36.44,6.59,4.43,69.98,-11.20,85.13,43.77,2.91,61.98,53.79,-18.36,151.40,438.07,0.00,482.79,10.69,1.98,202.15,54971.00,59868.00,,0.31,2.58,25.79,151.40
Rel. Indl. Infra,523445,RIIL,INE046A01015,Transport Services,Logistics Solution Provider,762.50,1151.38,15.48,3202.25,789.14,20.98,0.00,45.43,2.84,-8.39,3.10,3.22,-11.80,-2.75,3.01,3.06,0.00,94.92,9.79,-19.52,41.60,-16.04,-30.66,2.84,12.13,3.01,2.65,-0.25,32.87,-57.14,-35.69,-3.03,789.41,-2.42,-1.82,51.94,1.38,-2.17,0.92,458.81,321.76,168.15,69.72,2.43,8.64,80579.00,82388.00,86144.00,0.65,0.00,53.91,0.92
Relaxo Footwear,530517,RELAXO,INE131B01039,Consumer Durables,Footwear,367.40,9146.00,420.18,1448.00,380.22,30.87,232.65,71.27,54.94,12.35,48.90,67.67,-18.81,48.14,26.54,36.16,0.00,49.36,660.20,5.04,2752.72,2.11,7.73,54.94,185.31,11.07,8.33,5.98,7.79,2.53,348.25,406.01,380.34,92.17,1.93,36.00,42.06,6.92,24.19,2181.47,435.82,1193.52,21.72,4.15,705.05,223844.00,225931.00,239560.00,3.11,9.67,15.95,24.19
Reliance Industries,500325,RELIANCE,INE002A01018,Petroleum Products,Refineries & Marketing,1298.00,1756523.04,205081.00,1611.80,1360.77,19.47,402962.00,50.48,20946.00,2.02,20530.42,16971.00,12.66,25542.93,22290.00,22092.00,0.00,23.51,300662.63,18.08,1123055.00,15.00,27.02,23196.00,74727.00,10.26,8.91,-0.42,7.50,0.93,192113.00,178703.00,1361.40,49800.24,17.04,45.72,106502.00,3.07,145977.00,890498.00,248332.00,496818.00,9.87,1.94,309468.00,4651863.00,4421289.00,4435756.00,17.19,21.10,11.05,145977.00
Reliance Infra.,500390,RELINFRA,INE036A01016,Power,Integrated Power Utilities,60.76,2482.84,6423.18,2641.00,149.01,79.68,4936.72,19.05,304.23,409.43,59.72,1188.71,-53.19,-583.07,317.42,2575.30,0.00,1.08,6166.47,-1.10,20876.98,-6.41,7.39,767.79,2295.31,15.44,14.26,-48.63,9.90,0.06,2550.22,3656.67,149.89,273.66,-6.91,36.73,2859.07,6.66,2203.65,17463.85,10319.36,5099.29,0.78,0.14,6344.27,654736.00,660302.00,712587.00,4.94,0.78,75.10,2203.65
Reliance Power,532939,RPOWER,INE614G01033,Power,Power Generation,22.70,9388.20,2733.22,374.94,29.21,55.25,14812.03,24.98,64.71,44.83,44.68,-173.55,113.10,5.95,25.11,87.32,0.00,2615.10,2006.36,1.64,7690.45,2.87,3.75,64.71,3.59,6.11,-0.90,124.52,3.31,0.24,2824.36,1937.92,29.28,609.23,0.01,42.02,973.37,8.58,1705.16,11903.64,141.86,4617.75,8.22,0.59,1956.32,4318443.00,4341371.00,4393672.00,13.64,2.79,58.57,1705.16
Religare Enterp.,532915,RELIGARE,INE621H01010,Finance,Investment Company,227.85,7854.76,170.14,706.03,240.97,20.01,493.23,30.55,-26.18,-356.16,10.22,82.21,-149.12,-15.23,-76.54,45.93,0.00,158.52,2538.75,22.26,8953.79,19.01,26.43,-46.98,49.55,3.06,3.17,-57.65,-2.00,0.39,1819.96,1571.92,241.10,14.58,-0.25,35.59,1086.74,40.09,1702.68,2575.40,11203.48,2410.83,66.12,2.61,2353.40,69935.00,73411.00,74058.00,9.64,9.33,50.49,1702.68
Remus Pharma.,,REMUS,INE0O5T01011,Pharmaceuticals & Biotechnology,Pharmaceuticals,890.50,1049.37,63.39,1417.38,767.41,9.82,27.07,70.95,19.49,21.74,16.01,17.50,13.85,,,,0.00,28.37,,,853.63,37.60,30.39,24.58,36.99,16.83,12.19,27.78,5.42,,18.16,6.99,766.18,,,58.49,8.14,0.99,12.88,339.21,274.56,294.64,16.78,2.99,453.43,2009.00,2032.00,1878.00,5.28,0.83,22.93,12.88
Renaiss. Global,532923,RGL,INE722H01024,Consumer Durables,"Gems, Jewellery And Watches",152.58,1638.23,204.03,218.18,116.32,4.04,641.37,61.95,25.39,65.82,15.31,32.31,-15.16,30.54,33.21,20.23,0.00,15.02,788.34,44.29,3063.16,41.39,47.17,25.64,109.10,8.00,6.88,43.83,3.29,1.99,53.73,-3.40,115.96,51.07,2.82,79.23,145.82,-0.40,107.48,1487.24,113.04,2024.40,10.20,1.09,780.45,23555.00,25824.00,20773.00,4.15,0.14,33.76,107.48
Repco Home Fin,535322,REPCOHOME,INE612J01015,Finance,Housing Finance Company,362.30,2266.60,1602.49,924.00,391.54,20.53,12206.01,37.13,121.62,5.63,115.14,135.18,-10.03,149.57,115.44,109.66,0.00,4.70,465.12,5.40,1819.44,4.91,6.23,121.62,481.90,10.17,12.73,3.84,26.00,-0.49,-896.20,-613.70,391.84,410.67,23.91,42.37,136.29,-4.90,292.25,3978.17,272.46,305.81,8.79,0.56,467.70,49320.00,51135.00,56298.00,12.36,26.08,24.42,292.25
Responsive Ind,505509,RESPONIND,INE688D01026,Consumer Durables,"Furniture, Home Furnishing",151.71,4044.72,251.84,364.95,180.47,37.37,195.00,59.14,2.74,-94.51,49.87,22.82,-87.99,24.46,22.48,53.26,5.65,39.73,283.26,-9.72,1248.28,-13.12,-43.06,2.74,101.80,10.77,10.26,-49.19,1.42,4.95,39.62,75.41,180.76,47.84,0.92,27.49,7.61,1.67,10.01,1532.26,75.75,1021.09,20.89,2.59,192.87,15773.00,16316.00,17859.00,7.48,3.22,30.15,10.01
Restaurant Brand,543248,RBA,INE07T201019,Leisure Services,Restaurants,102.36,7288.83,376.74,219.15,73.70,7.91,1967.00,9.22,-28.35,32.40,-41.94,-43.01,30.40,-65.56,-47.95,-63.33,0.00,,804.70,14.40,2947.53,13.29,17.90,-33.01,-171.46,-0.47,-22.72,17.88,-4.01,2.44,302.66,350.44,73.42,93.31,-0.79,66.15,536.46,0.84,58.91,138.23,137.86,242.33,22.87,8.27,822.61,244301.00,247516.00,227707.00,9.25,39.62,41.92,58.91
Rhetan TMT Ltd,543590,RHETAN,INE0KKN01029,Industrial Products,Iron & Steel Products,21.94,1748.34,15.15,34.87,25.72,37.08,41.73,62.11,3.16,315.79,0.76,2.22,42.34,0.10,4.45,2.87,0.00,137.66,5.09,6.92,23.46,2.62,-19.44,3.16,12.70,10.93,10.17,159.18,77.83,-18.17,1.34,4.97,25.76,0.57,0.00,35.83,0.30,1.36,0.30,28.93,7.32,123.72,101.35,16.10,4.06,76501.00,78105.00,94091.00,0.34,0.00,37.53,0.30
RHI Magnesita,534076,RHIM,INE743M01012,Industrial Products,Electrodes & Refractories,370.60,7652.94,470.49,893.15,412.88,27.09,448.44,56.07,64.61,83.19,35.27,22.73,112.47,66.50,61.56,38.35,0.00,40.87,1101.85,6.42,4073.60,8.45,5.59,64.61,187.25,6.52,2.91,13.55,6.37,2.32,409.10,373.08,413.30,130.71,3.22,38.12,99.20,5.72,159.75,3539.80,230.99,2586.66,15.45,2.15,1013.97,63783.00,64358.00,69845.00,3.98,14.34,25.60,159.75
Rico Auto Inds,520008,RICOAUTO,INE209B01025,Auto Components,Auto Components & Equipments,130.76,1769.18,235.26,157.99,121.29,17.24,727.62,50.33,-3.52,-121.00,16.76,5.99,-149.20,13.97,11.11,17.72,0.00,49.40,799.37,27.42,2689.35,21.35,38.94,-3.38,35.81,9.15,7.69,9.01,-0.44,0.62,325.65,193.10,121.19,59.61,1.03,45.17,19.90,4.02,15.63,765.86,5.95,706.79,11.54,2.27,755.08,100407.00,107428.00,110463.00,3.58,0.24,45.84,15.63
Riddhi Siddhi Gl,524480,,INE249D01019,Commercial Services & Supplies,Trading & Distributors,768.85,548.17,56.31,953.00,643.80,10.80,282.70,75.00,3.88,-58.76,9.41,-4.92,109.19,-10.41,-1.28,13.76,0.00,38.73,20.03,-37.61,171.10,-37.98,-41.87,3.01,14.15,2.74,1.30,-64.15,4.26,1.65,-9.24,-28.30,642.54,-2.43,-14.60,54.29,0.23,-1.14,108.84,1502.09,605.78,592.73,14.52,0.36,89.87,3996.00,4171.00,4266.00,2.67,0.01,22.31,108.84
RIR Power Electr,517035,RIR,INE302D01024,Electrical Equipment,Other Electrical Equipment,164.46,1308.65,12.76,487.86,185.46,57.62,13.87,58.61,1.39,-42.80,2.43,0.44,215.91,1.80,4.23,1.87,0.00,183.54,21.99,4.67,90.87,5.41,-9.49,1.39,7.13,7.93,5.61,-6.55,5.80,-26.08,-21.93,1.29,185.67,2.43,0.23,50.10,4.80,-23.19,19.85,123.57,0.00,99.61,102.09,9.38,23.95,53212.00,50806.00,28072.00,8.20,0.01,33.18,19.85
Rishabh Instrum.,543977,RISHABH,INE0N2P01017,Electrical Equipment,Other Electrical Equipment,687.70,2660.89,147.60,729.85,511.39,5.78,80.54,69.40,19.03,-3.40,19.70,19.70,-3.30,23.47,20.51,22.09,0.00,32.91,207.30,5.59,783.09,5.63,4.18,19.37,80.86,14.50,12.02,110.03,9.77,3.67,108.48,64.95,509.61,34.92,5.96,57.40,198.08,-0.24,201.83,706.48,0.14,532.80,16.76,3.56,198.28,30707.00,32231.00,40235.00,1.17,11.21,18.21,201.83
Ritco Logistics,542383,RITCO,INE01EG01016,Transport Services,Logistics Solution Provider,311.20,890.74,104.65,444.00,263.95,4.98,473.87,62.69,5.50,-43.36,9.71,5.60,-13.47,10.63,9.63,9.33,0.00,27.96,408.73,13.42,1509.97,16.89,3.05,3.47,31.86,10.14,10.47,-26.13,0.95,,-33.45,-16.04,263.47,26.36,3.71,57.78,19.25,-11.86,1.85,335.81,8.20,594.07,13.41,2.44,365.12,10443.00,11151.00,13355.00,0.03,2.73,34.02,1.85
Rites,541556,RITES,INE320J01015,Construction,Civil Construction,218.01,10477.64,677.57,413.08,223.23,22.39,6.59,72.20,87.21,8.88,80.10,129.97,-29.83,123.26,115.10,109.10,0.00,25.10,628.14,14.47,2457.79,11.28,8.67,97.78,417.38,22.00,15.42,8.16,18.37,1.85,327.48,637.06,223.28,141.92,2.29,46.86,3375.12,12.78,2946.15,2200.64,103.57,4459.21,10.97,3.91,532.20,379928.00,386213.00,402334.00,3.43,8.74,15.63,2946.15
RNFI Services,,RNFI,INE0SA001017,Finance,Other Financial Services,292.65,742.07,63.22,404.00,277.64,27.56,29.33,64.35,4.58,-11.58,5.18,7.59,-39.47,8.15,9.52,8.79,0.00,26.15,239.44,7.94,988.92,6.49,8.14,5.06,28.38,27.26,20.57,34.44,1.87,4.91,-16.64,29.90,277.49,12.88,2.91,65.81,119.21,-1.81,99.08,144.63,2.10,282.53,10.86,4.32,269.91,1570.00,1552.00,1390.00,1.17,2.42,32.06,99.08
RNIT AI Solution,517286,,INE335Q01026,Auto Components,Auto Components & Equipments,86.87,736.59,21.55,93.68,58.17,7.27,18.04,63.24,1.27,54.88,0.82,4.35,-70.80,5.84,3.60,3.25,0.00,59.07,20.58,49.99,53.10,56.68,25.60,1.27,12.47,20.15,16.63,71.29,16.18,,11.23,-6.82,57.88,7.93,0.69,69.83,7.76,-12.11,28.68,54.25,0.00,78.14,32.48,5.30,7.85,7956.00,7567.00,16786.00,0.00,1.71,35.05,28.68
Roadstar Infra,544374,ROADSTAR,INE0JEI23010,Transport Infrastructure,"Road AssetsToll, Annuity, Hybrid-Annuity",63.03,2870.87,516.12,80.00,70.84,9.96,3305.93,,35.25,129.45,-119.70,-154.89,121.97,-23.05,28.50,-24.77,0.00,,292.23,4.40,1149.15,9.29,-2.51,34.20,-112.64,2.18,-5.59,19.62,11.57,,848.83,756.52,70.92,164.03,-0.51,56.88,768.88,9.16,734.00,-490.23,45.87,1315.54,8.15,0.73,295.57,,,,,,,734.00
Rolex Rings,543325,ROLEXRINGS,INE645S01024,Auto Components,Auto Components & Equipments,184.45,4838.73,280.49,279.41,143.94,2.69,0.00,52.24,60.14,22.34,49.16,39.52,40193.33,49.62,47.75,44.34,5.13,24.99,283.25,4.37,1156.25,1.82,4.38,60.14,193.60,21.16,15.70,4.92,19.76,2.13,189.59,227.24,143.53,59.38,1.89,69.09,67.98,14.48,79.16,1186.34,288.25,848.09,16.31,4.14,304.34,97151.00,75066.00,52250.00,5.40,28.76,13.61,79.16
Rossari Biotech,543213,ROSSARI,INE02A801020,Chemicals & Petrochemicals,Specialty Chemicals,500.05,2769.98,290.63,1620.60,536.44,27.62,435.94,68.14,35.10,4.46,33.60,45.97,-23.65,48.95,32.77,36.88,0.00,18.38,712.36,21.54,2549.85,19.47,28.23,35.10,150.72,13.33,10.77,11.59,5.03,2.60,65.07,137.44,536.80,84.27,8.84,45.75,57.16,-5.86,92.21,1322.27,62.29,1200.80,9.58,2.08,697.20,87580.00,86972.00,91791.00,2.03,14.64,15.19,92.21
Rossell Techsys,544294,ROSSTECH,INE0OJW01016,Aerospace & Defense,Aerospace & Defense,1099.95,4146.42,67.71,1172.00,863.15,6.15,409.41,74.80,7.14,116.36,3.30,7.52,-5.05,13.73,5.41,5.67,0.00,156.59,223.57,77.56,552.37,82.91,77.09,7.14,26.48,11.50,15.72,73.64,4.62,,-82.80,-42.26,860.77,29.42,3.64,58.98,4.08,-12.20,47.50,147.32,0.00,504.38,57.61,26.78,154.46,26662.00,19467.00,15019.00,1.68,0.78,22.74,47.50
Roto Pumps,517500,ROTO,INE535D01037,Industrial Products,"Compressors, Pumps & Diesel Engines",65.51,1234.51,56.45,124.77,65.91,23.41,31.80,66.80,9.25,46.83,6.30,5.73,61.43,8.04,6.78,5.96,0.00,44.53,67.89,4.84,294.36,-2.58,14.75,9.25,27.72,14.81,10.74,-19.77,12.24,3.28,36.84,36.17,65.91,12.62,0.43,46.09,29.51,5.37,22.77,221.41,0.00,207.59,21.63,5.14,75.60,69840.00,64755.00,48500.00,0.19,0.11,32.91,22.77
Route Mobile,543228,ROUTE,INE450U01017,Telecom - Services,Other Telecom Services,523.45,3297.90,596.06,2389.00,602.10,41.21,41.98,74.85,62.61,17.67,53.21,109.32,-40.09,99.15,102.56,-18.83,0.00,9.32,1136.85,1.56,4508.89,-0.31,9.58,68.55,353.95,17.41,12.58,15.71,5.95,1.02,581.16,602.48,602.89,126.74,14.37,50.03,1332.73,11.56,1388.67,2706.59,16.99,2529.94,3.24,1.19,1151.51,155829.00,158659.00,157406.00,2.40,3.46,19.29,1388.67
Royal Orch.Hotel,532699,ROHLTD,INE283H01019,Leisure Services,Hotels & Resorts,306.20,839.76,110.63,594.10,348.96,48.46,640.69,64.07,6.42,-41.32,10.94,6.94,-17.17,-1.72,9.62,4.30,0.00,31.49,103.40,30.57,412.60,26.86,36.11,6.80,26.66,10.84,12.66,-46.00,6.34,1.38,82.26,24.69,349.39,22.01,-0.59,43.73,56.79,4.87,40.19,230.73,76.88,155.04,12.01,3.25,107.21,24315.00,24409.00,26590.00,8.57,0.91,26.46,40.19
RPG LifeScience.,532983,RPGLIFE,INE105J01010,Pharmaceuticals & Biotechnology,Pharmaceuticals,2592.70,4288.07,170.09,3082.00,2357.69,15.88,20.00,72.95,30.57,16.28,26.29,29.08,2.24,37.78,22.13,36.85,0.00,36.75,208.58,14.80,734.29,11.78,15.85,30.57,116.67,25.71,19.31,12.64,15.62,4.46,56.50,77.86,2355.33,44.82,22.84,41.42,139.61,9.67,156.78,592.14,119.69,440.79,23.10,7.08,195.69,23886.00,25282.00,25832.00,0.95,8.68,17.42,156.78
RPSG Ventures,542333,RPSGVENT,INE425Y01011,Commercial Services & Supplies,Business Process Outsourcing (BPO)/ Knowledge Process Outsourcing (KPO),868.50,2873.55,1726.05,1360.00,859.44,26.34,8243.07,63.51,112.13,34.95,83.09,-56.09,451.51,96.00,-136.30,-41.13,0.00,,3156.67,18.30,11928.13,18.53,20.36,253.09,-46.84,10.61,-5.35,-72.76,8.71,0.24,1233.40,1097.50,859.35,475.46,10.44,40.85,950.77,1.82,916.69,2472.67,752.79,4214.03,5.45,1.15,3576.44,39049.00,40488.00,41261.00,4.01,1.98,30.49,916.69
RRP Defense,530929,,INE535P01015,Commercial Services & Supplies,Trading & Distributors,646.30,886.65,-1.02,984.40,489.66,34.35,2.27,74.65,-1.60,-700.00,-0.20,-2.29,30.13,,-0.13,1.59,0.00,,,,12.39,39.37,,-1.60,-2.43,-11.12,-13.71,-364.13,,-26.12,-13.71,-0.39,488.08,,,8.92,1.52,-50.17,0.02,-0.97,0.50,23.28,-365.80,69.54,0.00,2753.00,2715.00,774.00,0.00,0.00,25.35,0.02
RRPSemiconductor,504346,,INE713N01013,Finance,Other Financial Services,8458.80,11524.27,-7.16,11902.00,5651.12,28.93,5.87,1.28,-0.33,-13.79,-0.29,-0.18,-83.33,,-0.14,-7.15,0.00,,,,-6.82,-125.76,,-0.33,-7.80,-32.66,-61.01,-220.00,,-330.21,4.94,-18.78,5622.90,,,15.58,1.51,-21.38,0.03,-4.98,0.00,16.25,-1630.85,1274.81,0.00,1509.00,1497.00,116.00,0.00,0.00,98.72,0.03
RSWM Ltd,500350,RSWM,INE611A01016,Textiles & Apparels,Other Textile Products,197.96,932.42,323.83,367.70,176.97,17.52,1687.64,55.69,19.65,134.77,8.37,34.13,-41.93,4.94,2.38,7.43,0.00,12.98,1095.16,-4.86,4545.06,-5.08,-0.78,19.65,71.81,5.62,3.83,524.41,1.69,0.34,434.58,426.39,176.75,74.64,1.05,44.63,10.92,3.26,10.74,1313.95,350.67,1580.58,7.46,0.69,1161.24,26513.00,27225.00,29275.00,0.97,0.52,42.62,10.74
Rubicon Research,544578,RUBICON,INE506V01022,Pharmaceuticals & Biotechnology,Pharmaceuticals,1818.80,30106.94,407.93,1829.00,1101.01,0.56,311.01,59.76,84.78,95.80,43.30,76.79,10.41,117.03,72.80,53.85,0.00,104.46,610.32,48.13,1935.81,46.65,51.59,84.78,288.22,28.35,26.96,89.49,15.87,48.59,205.05,159.18,1093.79,142.65,7.07,66.73,116.23,0.85,346.02,1272.31,26.59,1681.81,64.95,23.30,534.34,43254.00,33738.00,,7.52,9.43,23.29,346.02
Ruby Mills,503169,RUBYMILLS,INE301D01026,Textiles & Apparels,Other Textile Products,393.50,1315.86,92.94,424.90,287.76,7.39,375.04,74.91,11.82,-1.99,12.06,11.07,6.78,7.55,9.46,10.99,0.00,30.36,120.44,40.64,380.50,42.22,31.49,11.82,43.34,6.80,6.65,-4.89,12.92,1.77,62.82,-35.48,286.70,27.94,2.26,55.18,9.26,-2.52,13.83,657.65,115.17,213.37,14.96,1.95,91.48,10544.00,12510.00,13633.00,0.02,0.10,24.98,13.83
Rupa & Co,533552,RUPA,INE895B01021,Textiles & Apparels,Garments & Apparels,149.25,1186.90,138.20,590.00,162.40,29.88,258.25,73.28,8.26,23.84,6.67,38.40,-77.19,18.03,16.26,14.50,0.00,15.17,339.24,5.96,1277.63,5.34,10.08,8.26,78.24,9.55,7.36,-1.58,4.08,1.45,45.27,58.62,162.53,27.54,2.27,35.86,196.32,6.05,254.77,1058.15,16.03,1346.04,8.40,1.11,202.43,60378.00,59987.00,61191.00,0.12,3.49,23.10,254.77
S A I L,500113,SAIL,INE114A01011,Ferrous Metals,Iron & Steel,194.90,80503.94,13319.56,293.00,163.32,7.06,31927.71,65.00,1744.55,134.30,744.58,2074.81,-10.43,1417.49,374.03,418.72,0.00,16.67,28108.97,5.26,111134.75,6.45,1.25,1644.05,4830.03,7.79,6.43,58.66,6.65,0.56,19039.30,9914.30,163.00,3463.05,3.43,73.33,966.88,5.03,732.51,56225.35,4339.25,35915.24,7.60,1.33,26245.67,1509426.00,1572361.00,1908384.00,7.09,16.87,11.05,732.51
S C I,523598,SCI,INE109A01011,Transport Services,Shipping,288.50,13438.33,2660.05,384.80,270.74,21.76,2679.25,63.75,619.34,74.87,354.17,404.60,53.07,312.60,404.97,189.16,0.00,8.31,1683.47,25.74,6310.31,16.69,40.31,619.34,1618.07,14.31,15.54,78.54,33.54,0.85,1343.21,849.51,270.57,650.38,6.71,46.80,581.28,2.84,349.03,8630.49,773.60,4810.87,5.32,1.48,1846.56,385658.00,396720.00,463965.00,8.98,2.09,25.20,349.03
S H Kelkar & Co.,539450,SHK,INE500L01026,Chemicals & Petrochemicals,Specialty Chemicals,155.62,2154.10,250.98,362.90,158.17,43.51,1028.92,54.87,25.23,2.66,24.58,2.59,2423.89,20.07,32.63,9.17,8.30,45.62,620.07,11.95,2449.69,9.68,14.11,45.43,47.22,5.85,3.71,-63.89,3.81,1.36,263.13,15.74,158.19,67.43,1.45,48.19,86.78,0.39,64.93,1223.47,11.21,1469.87,11.69,1.58,662.42,55913.00,53911.00,50450.00,5.92,6.01,33.21,64.93
S J Logistics (I,,SJLOGISTIC,INE0F3301020,Transport Services,Logistics Solution Provider,338.05,534.90,120.38,725.00,342.98,26.35,116.62,50.81,43.43,49.50,29.05,32.38,34.13,25.82,14.84,14.21,39.80,7.06,186.17,37.04,653.79,30.11,33.62,43.43,75.81,32.38,29.13,44.43,11.71,,21.20,-51.54,343.03,31.01,16.32,54.11,1.24,-12.09,2.96,287.78,3.86,314.43,5.39,1.71,370.89,4225.00,4293.00,3681.00,0.23,1.06,47.90,2.96
S P Apparels,540048,SPAL,INE212I01016,Textiles & Apparels,Garments & Apparels,949.70,2387.44,229.58,1221.90,860.03,22.28,419.04,61.81,24.91,16.40,21.40,18.48,33.78,32.58,27.01,34.70,0.00,22.72,425.83,-0.35,1576.28,1.48,-0.58,24.87,105.06,14.04,11.19,7.27,6.20,1.66,208.69,44.42,859.13,61.05,12.96,44.64,41.29,2.33,58.90,920.99,57.95,728.40,11.46,2.52,401.08,17353.00,17082.00,16858.00,1.49,16.15,20.55,58.90
S P I C,590030,SPIC,INE147A01011,Fertilizers & Agrochemicals,Fertilizers,70.28,1431.18,393.14,128.20,72.34,45.18,702.78,53.38,60.18,-9.79,66.71,29.49,104.07,48.25,54.07,61.22,0.00,6.98,804.20,-1.60,3024.14,-2.84,8.73,60.18,204.96,17.50,16.46,28.22,7.09,1.24,395.28,-37.95,72.36,67.95,2.37,64.53,50.16,-1.01,98.81,1166.41,287.65,856.62,5.80,1.04,848.81,113768.00,113299.00,116124.00,4.80,0.14,41.68,98.81
S T C,512531,STCINDIA,INE655A01013,Commercial Services & Supplies,Trading & Distributors,118.29,709.74,51.14,872.28,121.49,21.51,1174.86,90.00,7.19,128.98,3.14,16.56,-40.97,,612.04,9.82,0.00,14.69,,,0.00,,,9.77,48.32,,,5.09,,-1.42,51.75,-170.78,121.52,,,46.38,40.52,1.76,0.32,-4007.94,0.01,2212.65,36.85,,0.00,25261.00,25472.00,26542.00,0.04,0.47,9.49,0.32
S.A.L Steel,532604,SALSTEEL,INE658G01014,Ferrous Metals,Sponge Iron,71.64,1037.11,14.69,81.80,50.59,12.42,349.20,70.98,3.09,131.95,-9.67,-1.03,400.00,-13.26,6.63,3.73,18.98,,40.09,-39.00,167.27,-70.23,-31.57,3.09,-2.60,1.08,-17.74,80.39,3.54,-8.56,-84.31,-21.07,50.38,8.19,-0.92,58.00,0.19,-23.78,0.47,1.85,0.00,294.27,41.28,7.07,87.37,53818.00,55132.00,63565.00,0.00,0.00,29.01,0.47
Saakshi Medtech,,SAAKSHI,INE0PSK01027,Electrical Equipment,Other Electrical Equipment,284.20,501.78,22.76,369.00,237.27,14.14,25.46,74.82,5.66,349.21,1.26,6.63,-14.63,,,,0.00,40.83,,,115.51,24.97,19.22,5.66,12.29,14.32,11.80,160.93,9.90,4.02,17.58,3.02,236.80,,,46.14,3.26,-11.72,1.80,92.68,0.00,61.32,23.09,4.55,57.19,1409.00,1642.00,1914.00,0.07,0.27,24.84,1.80
Saatvik Green,544526,SAATVIKGL,INE13B501022,Electrical Equipment,Other Electrical Equipment,423.85,5387.35,581.06,580.00,434.28,26.92,939.43,75.99,5.51,-95.36,118.82,62.89,-91.13,85.08,96.92,83.24,0.00,21.67,1280.26,66.69,4143.72,46.52,-44.20,5.36,248.56,32.92,42.43,-21.14,1.05,,-26.72,42.60,434.39,129.48,6.69,48.16,8.48,-16.74,81.75,1335.65,0.00,2073.56,14.03,3.96,511.01,69254.00,78073.00,,0.19,10.97,12.84,81.75
Sacheerome,,SACHEEROME,INE1ARD01016,Chemicals & Petrochemicals,Specialty Chemicals,484.80,1084.63,40.66,517.00,355.03,6.23,0.00,71.54,13.50,51.01,8.94,14.94,-9.64,,,,0.00,38.14,,,152.39,41.71,32.83,13.50,28.44,35.72,27.03,78.08,17.81,5.80,22.48,22.48,353.73,,,60.44,1.92,-1.03,45.13,126.05,1.49,78.22,25.57,7.31,75.82,1158.00,1141.00,,0.19,6.27,22.00,45.13
Sadhana Nitro,506642,SADHNANIQ,INE888C01040,Chemicals & Petrochemicals,Commodity Chemicals,2.95,894.50,-44.50,29.53,2.75,12.72,113.38,59.55,-0.55,74.06,-2.12,-33.62,98.36,-13.52,-25.14,-25.55,5.12,,1.97,-26.90,48.79,-69.03,-3.13,-0.55,-84.86,-11.10,-23.52,-1860.58,-2.02,-18.13,-28.61,54.12,2.75,-5.59,-0.04,51.49,8.91,-12.19,18.26,157.90,0.00,264.90,-22.05,1.92,27.22,75757.00,68448.00,54475.00,0.04,0.04,40.37,18.26
Safari Inds.,523025,SAFARI,INE429E01023,Consumer Durables,Plastic Products - Consumer,1496.10,7330.49,293.15,2837.20,1726.58,40.33,116.55,44.70,47.75,-5.43,50.49,37.47,27.44,55.01,32.89,46.94,0.00,44.41,603.26,13.06,2107.80,13.97,11.51,47.75,165.05,19.27,15.94,10.86,8.11,5.71,173.36,57.32,1728.89,78.42,11.23,42.02,227.42,3.57,270.00,1104.87,13.27,891.61,24.48,6.58,588.58,36853.00,34886.00,36080.00,10.56,28.26,16.47,270.00
Safe Enterprises,,SAFEENTP,INE17D601016,Consumer Durables,"Furniture, Home Furnishing",248.50,1158.12,87.19,319.00,245.00,22.10,0.00,70.07,31.33,40.94,22.23,33.25,-7.94,,,,0.00,17.93,,,218.42,57.92,31.64,30.61,64.59,47.03,35.90,64.81,29.55,,33.87,31.05,244.96,,,45.34,27.39,2.03,130.44,264.46,23.18,190.38,11.79,4.02,106.04,1716.00,1501.00,,0.79,6.64,22.50,130.44
Sagar Cements,502090,SAGCEM,INE229C01021,Cement & Cement Products,Cement & Cement Products,167.67,2191.57,306.76,319.00,188.67,44.11,1708.35,48.33,-23.11,-1994.26,1.22,87.60,-128.09,-53.21,-64.10,-44.17,29.99,,673.38,11.88,2685.43,13.42,5.28,-28.10,-35.40,1.97,-1.05,76.99,-3.98,0.79,215.56,233.93,188.88,61.53,-3.35,44.24,164.25,1.02,18.69,1666.78,0.00,759.93,14.77,1.29,706.07,34956.00,34401.00,32950.00,1.61,18.39,31.68,18.69
Sagility,544282,SAGILITY,INE0W2G01015,IT - Services,IT Enabled Services,44.00,20597.85,1862.71,57.90,43.13,24.01,1110.54,50.95,227.25,52.97,148.56,257.73,-15.88,351.45,267.66,250.83,0.00,20.04,2147.22,29.47,7617.39,29.43,27.59,216.81,1027.73,13.41,10.58,54.46,11.57,1.95,1202.97,1214.07,43.12,515.09,0.75,58.86,343.76,9.41,567.92,4979.82,335.87,2608.67,10.81,2.13,1963.48,538679.00,524120.00,401291.00,9.99,21.42,17.65,567.92
Sahana Systems,,SAHANA,INE0LEX01011,IT - Services,IT Enabled Services,941.45,998.36,106.47,1779.17,802.13,10.05,17.93,57.31,43.13,21.60,35.47,27.67,70.22,,,,0.00,14.71,,,331.15,97.76,89.00,47.10,67.87,39.81,31.70,91.34,21.71,,41.21,-48.35,800.73,,,79.73,28.92,-6.20,29.64,243.37,19.13,267.18,9.27,3.96,216.99,3468.00,3154.00,3116.00,0.76,0.82,41.11,29.64
Sahasra Electro.,,SAHASRA,INE0RBQ01018,Industrial Products,Other Industrial Products,315.30,788.02,27.94,1013.00,304.10,15.47,66.62,69.90,9.96,384.57,-3.50,4.23,8.42,,,,0.00,55.53,,,138.76,44.78,57.66,6.31,14.19,6.04,6.22,416.00,8.08,,-10.13,-5.93,303.99,,,48.39,5.62,,23.45,210.29,0.12,201.52,29.75,3.35,78.12,5928.00,6321.00,6093.00,0.12,0.89,29.09,23.45
Sai Life,544306,SAILIFE,INE570L01029,Pharmaceuticals & Biotechnology,Pharmaceuticals,1461.00,31019.02,680.29,1490.00,1108.53,1.95,288.45,34.53,73.29,21.22,60.46,104.02,-29.69,116.82,100.38,83.84,0.00,84.35,614.87,14.40,2250.36,17.74,11.66,73.29,367.73,19.55,15.39,50.65,13.22,8.80,509.13,314.05,1104.99,172.61,5.50,62.99,463.88,-0.71,110.87,2462.51,50.50,1410.53,44.50,12.46,554.29,125096.00,117527.00,126380.00,19.65,32.71,13.11,110.87
Sai Parenteral's,544742,SAIPARENT,INE0H9F01037,Pharmaceuticals & Biotechnology,Pharmaceuticals,530.90,2345.48,47.29,706.00,488.82,24.80,468.81,51.16,7.92,457.75,1.42,13.16,-39.82,,-6.66,,0.00,112.98,,,380.96,133.57,435.10,7.92,14.26,5.28,4.88,-1.11,4.43,,93.05,33.15,488.40,,,42.81,2.09,-12.42,416.97,468.68,0.00,821.98,50.69,,178.67,9312.00,7687.00,,4.03,8.52,36.29,416.97
Sai Silks,543989,KALAMANDIR,INE438K01021,Retailing,Speciality Retail,87.80,1346.55,286.49,312.00,113.23,60.63,361.22,60.97,25.64,-14.68,30.05,32.65,-21.47,44.44,38.14,40.08,0.00,9.86,455.80,2.58,1649.72,4.83,-1.04,25.64,136.51,14.41,11.79,20.43,6.84,1.09,322.52,106.78,113.49,69.39,2.90,45.43,294.71,5.56,348.42,1231.00,0.00,1213.72,4.96,1.07,375.08,63844.00,63064.00,59800.00,0.62,6.28,28.23,348.42
Saint-Gob. Sekur,515043,SEKURITIND,INE068B01017,Auto Components,Auto Components & Equipments,117.04,1066.35,58.45,158.00,114.87,16.22,1.28,75.00,9.34,-12.79,10.71,13.11,-28.76,12.42,11.21,10.77,0.00,24.00,70.23,16.29,248.93,16.68,10.81,9.34,44.43,23.96,17.85,13.72,15.37,3.12,33.39,28.01,114.85,13.53,1.36,37.55,9.11,11.72,3.46,152.10,199.80,69.70,17.37,4.38,60.78,38662.00,39331.00,41204.00,0.00,0.00,24.98,3.46
Sakar Healthcare,,SAKAR,INE732S01012,Pharmaceuticals & Biotechnology,Pharmaceuticals,901.40,2005.61,71.18,980.00,657.50,8.02,55.30,52.52,10.28,120.13,4.67,11.02,-6.72,12.15,10.25,4.54,0.00,55.57,82.73,43.73,271.97,43.76,38.36,10.28,36.09,12.67,9.99,82.27,14.09,4.54,49.26,34.03,655.05,21.71,5.46,52.73,0.31,-1.10,0.26,302.29,0.01,140.53,25.48,6.18,72.97,14734.00,9580.00,8115.00,12.13,11.37,23.98,0.26
Saksoft,590051,SAKSOFT,INE667G01023,IT - Software,Computers - Software & Consulting,161.36,2138.85,206.72,321.76,165.64,28.20,43.68,66.72,29.29,-9.46,32.35,35.93,-18.48,45.62,29.02,35.97,0.00,15.97,272.02,5.24,1006.74,8.13,-0.18,29.29,133.92,25.48,19.55,15.89,11.78,1.55,171.10,111.00,165.69,50.94,3.44,43.62,197.31,17.09,250.78,766.17,0.00,514.39,9.43,2.75,248.62,113003.00,108388.00,115512.00,2.18,0.01,28.07,250.78
Salasar Techno,540642,SALASAR,INE170V01027,Industrial Manufacturing,Industrial Products,5.95,1040.03,121.45,34.08,7.34,48.40,422.30,44.50,4.99,-41.36,8.51,-12.49,137.60,10.69,6.52,15.99,5.14,75.91,429.28,0.50,1498.14,4.03,-1.54,5.14,13.70,8.13,2.13,-35.53,1.74,1.99,161.01,-5.47,7.35,33.73,0.06,47.34,52.85,2.39,44.16,659.05,0.04,1482.52,12.30,1.25,295.54,471081.00,479968.00,517647.00,5.90,0.00,49.60,44.16
Salzer Electron.,517059,SALZERELEC,INE457F01013,Electrical Equipment,Other Electrical Equipment,556.50,984.04,143.14,1650.00,658.27,41.62,531.70,37.47,8.47,-51.88,17.60,10.02,-15.47,16.44,12.74,13.47,17.20,22.26,488.23,19.45,1768.74,20.47,12.38,8.47,44.21,11.16,9.55,-34.02,1.74,7.86,41.92,-20.94,659.29,35.87,9.30,35.09,5.31,-4.09,6.90,561.39,31.10,964.77,11.51,1.70,485.96,48818.00,48817.00,51081.00,4.51,0.10,57.90,6.90
Sambhv Steel,544430,SAMBHV,INE12NJ01018,Industrial Products,Iron & Steel Products,128.46,3785.35,283.53,149.40,110.71,9.25,378.13,56.11,56.61,69.49,33.40,55.78,1.49,68.83,24.13,29.97,0.00,22.74,828.44,42.79,2586.79,48.73,31.07,56.61,166.49,19.07,18.46,149.65,7.73,2.59,215.82,127.38,110.53,95.57,2.34,59.60,16.19,-7.64,83.92,760.76,165.23,863.11,13.15,3.59,732.17,69951.00,71309.00,130812.00,1.53,3.17,39.17,83.92
Samhi Hotels,543984,SAMHI,INE08U801020,Leisure Services,Hotels & Resorts,159.10,3537.74,461.76,254.60,171.19,30.51,1854.34,0.00,18.25,-7.90,19.82,332.00,-93.76,42.22,48.14,99.79,0.00,8.42,326.83,11.56,1280.79,11.84,12.12,24.93,420.26,8.90,24.48,243.36,8.17,1.10,406.98,357.04,171.31,112.25,1.39,37.39,69.97,4.68,193.88,2159.97,0.00,331.80,11.34,1.62,305.21,83908.00,88889.00,93568.00,44.62,17.35,38.03,193.88
Sammaan Capital,535789,SAMMAANCAP,INE148I01020,Finance,Housing Finance Company,149.45,17359.26,3421.54,1283.57,155.23,22.54,51853.07,28.34,243.30,-27.22,334.30,-1602.24,103.00,-436.57,314.08,308.47,0.00,,1811.19,-19.52,7417.73,-17.09,-31.18,243.30,-736.39,4.92,-3.18,59.09,14.73,1.14,-7465.88,8771.63,155.29,1081.08,-3.76,36.49,4733.53,0.64,10960.42,18762.71,17518.17,16458.41,17.04,0.91,1651.93,399460.00,407005.00,439244.00,19.60,7.94,42.71,10960.42
Samvardh. Mothe.,517334,MOTHERSON,INE775A01035,Auto Components,Auto Components & Equipments,165.00,174148.30,13002.90,173.27,133.14,4.77,19169.70,48.60,1032.05,81.52,568.57,1631.70,-31.12,1318.32,1072.27,845.63,2.34,38.11,34836.35,15.46,131135.44,14.02,16.65,1075.66,4569.80,13.43,11.24,35.30,3.05,2.16,11284.00,6286.20,132.82,3181.01,1.20,59.06,6288.80,6.14,8233.90,39924.20,7238.00,52034.50,13.73,4.25,35243.77,1193976.00,1220691.00,1303287.00,12.87,20.59,17.67,8233.90
Sanathan Textile,544314,SANATHAN,INE0JPD01013,Textiles & Apparels,Other Textile Products,462.10,3900.31,309.37,564.00,443.68,16.28,1512.08,78.58,23.82,-41.08,40.43,21.57,10.43,27.56,-4.77,20.12,0.00,64.21,1328.16,62.37,4400.58,48.53,79.08,23.82,60.74,6.89,3.78,-59.72,1.78,1.00,322.41,383.35,443.50,100.99,3.27,49.22,138.49,-15.19,169.04,1787.67,0.00,1525.73,15.25,2.08,1334.74,24885.00,26483.00,31997.00,1.47,12.73,7.23,169.04
Sandesh,526725,SANDESH,INE583B01015,Media,Print Media,1032.20,781.38,104.74,2058.30,1041.26,20.86,0.00,74.81,99.42,71.89,57.84,-34.54,388.04,13.74,38.48,3.86,0.00,7.17,388.13,398.63,824.09,175.74,524.82,99.49,109.04,7.03,4.83,29.66,21.70,1.72,-145.37,67.37,1041.35,19.51,18.15,49.37,34.51,1.53,64.12,1419.88,1003.08,996.26,5.00,0.55,458.18,6840.00,6980.00,7372.00,0.09,0.00,25.09,64.12
Sandhar Tech,541163,SANDHAR,INE278H01035,Auto Components,Auto Components & Equipments,661.05,3978.91,520.66,764.10,579.29,13.49,1147.61,70.38,37.28,33.10,28.01,63.82,-41.59,61.91,33.45,73.38,0.00,19.00,1609.60,26.70,5143.89,26.63,26.77,37.28,209.39,14.41,16.24,50.85,2.70,1.46,209.91,246.97,578.47,140.28,10.29,55.19,81.31,-1.29,51.16,1272.94,66.97,1543.12,9.48,2.98,1381.89,45879.00,41860.00,39063.00,2.09,14.82,12.71,51.16
Sandur Manganese,504918,SANDUMA,INE149K01016,Ferrous Metals,Iron & Steel,209.67,10192.16,1276.09,273.00,203.40,23.20,999.36,74.22,227.09,36.28,166.63,235.78,-3.57,322.11,115.83,138.87,0.00,13.74,1868.95,51.66,5327.82,45.22,21.09,227.85,741.52,24.23,23.03,50.62,16.57,1.29,1142.72,840.55,203.33,438.38,6.60,58.53,44.95,13.59,87.93,2767.58,280.78,1627.13,8.36,3.13,1374.78,87803.00,85207.00,55747.00,1.73,0.58,23.47,87.93
Sangam India,514234,SANGAMIND,INE495C01010,Textiles & Apparels,Other Textile Products,570.95,2868.83,323.00,675.95,511.04,15.53,1222.32,70.52,40.58,618.23,5.65,34.76,17.29,43.11,24.10,23.78,0.00,22.83,861.25,11.00,3249.28,10.82,7.61,39.35,125.65,10.67,8.70,442.53,4.80,0.88,248.64,433.42,510.44,93.15,9.57,41.77,49.86,-0.39,65.48,1025.90,192.97,1448.51,11.15,2.39,845.54,9684.00,9333.00,10589.00,2.50,0.09,25.04,65.48
Sanghvi Movers,530073,SANGHVIMOV,INE989A01032,Commercial Services & Supplies,Diversified Commercial Services,458.50,3969.51,410.29,747.48,373.26,13.88,673.55,47.25,65.25,29.82,50.26,68.42,-5.15,53.31,28.97,36.27,0.00,19.37,278.08,32.48,1176.76,30.05,38.89,65.25,204.97,15.63,13.90,23.26,17.19,,278.01,161.70,372.40,100.45,6.16,46.32,54.22,,128.53,1301.70,86.62,753.87,9.79,3.03,379.67,57904.00,60472.00,68561.00,1.81,1.40,49.53,128.53
Sanofi Consumer,544250,SANOFICONR,INE0UOS01011,Pharmaceuticals & Biotechnology,Pharmaceuticals,4158.50,9577.28,327.40,5954.00,4584.76,22.91,20.80,71.27,68.80,23.65,55.64,67.80,1.47,105.30,66.50,62.90,0.00,36.00,296.47,26.75,949.80,31.17,6.70,68.80,266.00,89.93,71.60,34.44,29.19,,174.80,439.00,4589.05,110.14,45.72,21.74,326.90,56.20,375.20,324.90,0.00,663.40,24.46,27.53,235.70,47511.00,48418.00,49632.00,2.60,17.85,8.28,490.60
Sanofi India,500674,SANOFI,INE058A01010,Pharmaceuticals & Biotechnology,Pharmaceuticals,3191.20,7349.33,510.90,7600.00,3769.06,38.63,14.70,60.40,83.50,20.14,69.50,102.60,-18.62,111.68,61.70,76.00,0.00,21.44,450.79,-5.18,1805.20,-8.88,7.73,83.50,342.77,57.51,43.03,-3.86,19.08,1.41,438.30,461.70,3774.87,121.41,48.55,38.38,294.80,42.90,274.90,803.00,0.00,965.00,13.97,8.89,437.70,80005.00,75758.00,66790.00,5.69,19.87,14.05,368.70
Sansera Enginee.,543358,SANSERA,INE953O01021,Auto Components,Auto Components & Equipments,3836.60,23941.75,621.25,4040.40,2614.11,5.04,370.48,29.21,99.30,64.54,60.35,103.97,-16.63,117.55,63.50,70.35,0.00,68.66,961.63,28.83,3341.47,23.53,36.43,86.68,348.70,13.65,10.65,61.41,10.90,6.76,320.47,321.37,2601.82,181.68,18.84,59.95,417.89,-3.36,385.54,3049.42,195.49,1680.77,34.80,7.81,911.17,104350.00,94980.00,78921.00,21.52,31.04,18.18,385.54
Sanstar,544217,SANSTAR,INE08NE01025,Agricultural Food & other Products,Other Agricultural Products,110.15,2205.96,49.44,158.80,102.28,19.89,19.90,64.18,9.21,2808.82,-0.34,20.49,-55.05,7.39,13.67,0.63,0.00,50.14,206.47,5.11,821.13,-0.13,21.51,9.21,44.00,5.69,5.09,63.20,4.47,3.67,89.90,38.74,102.20,10.90,0.37,49.46,214.28,-5.48,133.49,657.48,27.51,355.28,32.00,2.89,206.16,73384.00,82066.00,98828.00,0.29,0.27,35.24,133.49
Sapphire Foods,543397,SAPPHIRE,INE806T01020,Leisure Services,Restaurants,249.68,8024.29,501.51,401.00,213.33,28.23,1417.13,26.06,14.04,880.00,-1.80,-1.43,211.01,-9.22,-4.81,-12.79,0.00,3260.15,828.82,11.64,3239.45,10.17,14.69,14.02,2.46,3.98,-1.03,-85.80,1.57,1.43,507.03,508.00,212.97,124.87,-0.29,77.65,78.27,6.04,68.11,1326.33,3.10,335.30,17.77,5.77,890.96,58178.00,56668.00,51421.00,25.25,41.92,6.75,68.11
Sar Auto Prod.,538992,,INE002E01010,Auto Components,Auto Components & Equipments,3986.05,1899.25,3.05,4364.00,2592.17,8.66,25.89,74.49,0.37,208.33,0.12,0.20,85.00,-0.05,0.21,0.14,0.00,2064.40,5.24,117.57,17.40,39.87,134.80,0.37,0.92,2.14,3.80,283.33,6.94,1026.62,-3.49,0.35,2578.16,0.74,-0.10,59.30,15.95,-9.84,17.79,13.22,0.01,28.01,560.99,105.63,5.33,720.00,724.00,754.00,0.00,0.00,25.52,17.79
Sar Televenture,,SARTELE,INE0PUC01020,Telecom - Services,Telecom - Infrastructure,99.85,500.72,99.75,413.70,160.37,62.30,1.84,45.30,35.79,25.49,28.52,36.26,-0.08,,11.75,,0.00,6.97,,,522.11,49.22,35.30,36.23,71.82,8.84,7.95,53.76,12.92,-0.73,121.06,-183.54,160.98,,,32.44,22.73,-21.51,15.03,944.07,0.00,362.62,4.89,0.52,280.35,4159.00,4415.00,4408.00,2.85,6.45,45.40,15.03
Saraswati Commer,512020,ZSARACOM,INE967G01019,Finance,Non Banking Financial Company (NBFC),11261.00,1234.12,115.34,27775.00,11489.93,23.91,0.12,74.88,63.56,169.55,23.58,-16.31,489.70,,24.75,60.30,0.00,9.33,169.42,131.20,165.07,326.43,140.17,63.56,132.30,10.86,8.92,438.68,84.10,102.63,-114.17,8.74,11492.23,,,41.19,22.82,-2.27,2.05,1100.33,1097.12,4.31,7.70,1.12,75.58,2826.00,2905.00,3130.00,0.00,0.00,25.12,2.05
Sarda Energy,504614,SARDAEN,INE385C01021,Ferrous Metals,Iron & Steel,514.40,18126.49,2024.52,639.95,517.71,19.62,2631.92,73.16,458.25,5.50,434.36,157.99,208.17,380.11,189.88,327.77,0.00,16.15,1565.16,2.45,5665.38,5.90,-1.54,478.13,1122.41,17.39,16.09,19.96,29.73,1.46,1734.84,885.70,517.74,537.04,10.34,52.86,608.23,7.83,864.49,7334.76,1645.44,4417.49,9.52,2.46,1608.04,91188.00,90809.00,85676.00,3.51,3.47,19.84,864.49
Saregama India,532163,SAREGAMA,INE979A01025,Entertainment,Media & Entertainment,497.55,9593.24,379.60,688.90,438.70,13.45,72.58,60.84,51.56,40.64,36.66,76.50,-30.02,60.98,51.25,43.83,0.00,42.04,247.73,7.69,1041.45,-11.20,27.48,51.88,228.22,17.76,13.02,13.90,19.68,5.39,100.02,331.20,438.11,84.17,3.14,44.64,543.70,1.13,149.27,1673.40,378.56,892.52,23.42,5.67,263.60,71163.00,68640.00,70281.00,11.50,8.60,18.63,149.27
Sarla Performanc,526885,SARLAPOLY,INE453D01025,Textiles & Apparels,Other Textile Products,100.50,799.01,97.65,132.35,94.96,11.73,276.03,59.98,37.49,67.22,22.42,17.39,162.42,10.06,5.03,19.04,0.00,10.12,109.77,2.48,412.10,-1.58,10.62,37.28,78.97,10.47,14.40,15.91,32.92,1.04,74.21,62.40,94.91,19.53,1.27,50.19,2.84,5.79,3.08,428.15,367.94,231.84,9.16,1.92,113.26,33144.00,35180.00,37155.00,0.64,0.69,38.69,3.08
Sasken Technol.,532663,SASKEN,INE231F01020,IT - Services,IT Enabled Services,1863.00,2830.17,124.74,2785.05,1690.71,33.11,28.11,42.94,24.86,163.35,9.44,26.99,-18.90,19.25,9.14,10.50,0.00,38.36,434.21,69.95,1178.88,68.15,24.02,23.52,73.78,9.90,7.00,77.43,6.93,7.17,-22.83,-57.16,1688.98,35.93,12.67,44.71,38.76,-1.93,96.80,839.56,277.09,446.00,18.83,3.31,339.24,26777.00,24143.00,24721.00,19.11,1.39,36.49,96.80
Satani Bearings,505703,,INE498D01012,Industrial Manufacturing,Industrial Products,280.75,561.50,0.09,310.25,147.83,9.51,0.00,72.87,-0.21,19.23,-0.26,0.21,-200.00,,0.15,-0.04,0.00,5104.55,,,41.06,,,-0.21,0.11,1.00,0.56,127.50,-3.74,-12.09,-17.76,-0.20,146.49,,,61.83,0.01,-67.33,0.12,-2.06,0.00,25.05,3742.53,31.30,5.61,769.00,725.00,685.00,0.00,0.00,27.13,0.12
Sathlokhar Sys.,,SSEGL,INE0RFP01011,Construction,Civil Construction,433.55,1126.30,117.88,695.45,374.81,25.25,89.94,58.27,21.41,128.74,9.36,30.26,-29.25,,28.99,21.98,0.00,10.97,,,948.68,105.39,66.82,21.41,102.64,37.09,31.05,92.89,10.45,-1.88,-162.95,-90.85,374.22,,,75.48,40.03,-26.69,39.38,332.95,0.00,596.37,8.03,3.14,204.81,5583.00,5655.00,4644.00,0.28,2.02,39.43,39.38
Satia Industries,539201,SATIA,INE170E01023,"Paper, Forest & Jute Products",Paper & Paper Products,58.69,586.90,192.30,164.35,64.41,31.76,312.60,52.46,-17.12,-154.18,31.60,5.80,-395.17,-9.51,28.03,-24.52,0.00,,304.89,-2.01,1442.81,-2.75,-2.46,-17.12,-7.81,3.94,3.83,-107.88,-4.73,0.18,233.49,285.29,64.47,23.98,-0.95,46.27,80.14,8.86,26.55,1078.02,94.80,388.59,4.73,0.54,361.81,51017.00,52184.00,59141.00,0.52,0.07,46.94,26.55
Satin Creditcare,539404,SATIN,INE836B01017,Finance,Microfinance Institutions,227.06,2508.35,1773.88,671.34,199.61,17.19,10991.46,36.17,122.67,172.00,45.10,162.02,-24.31,212.48,71.91,53.16,0.00,6.12,973.12,23.51,3209.34,20.69,8.39,122.65,409.76,13.84,12.29,225.36,16.09,-0.24,-973.81,-563.40,199.33,534.64,19.23,43.86,1374.78,-9.70,2251.06,2753.35,151.23,2662.82,6.14,0.88,762.14,37727.00,44277.00,49904.00,4.88,6.32,52.23,2251.06
Saurashtra Cem.,502175,SAURASHCEM,INE626A01014,Cement & Cement Products,Cement & Cement Products,59.01,656.71,71.09,148.86,68.43,52.92,106.93,66.62,9.13,-45.82,16.85,21.62,-51.51,-7.47,-10.29,-10.98,0.00,40.94,407.02,5.54,1699.23,7.86,7.83,9.13,16.04,2.50,2.28,91.41,2.00,1.12,36.45,30.23,68.52,6.20,-0.67,49.32,235.72,1.31,223.59,850.35,0.02,597.37,9.44,0.68,456.75,49179.00,49335.00,52552.00,0.08,0.12,33.17,223.59
Savita Oil Tech,524667,SOTL,INE035D01020,Petroleum Products,Lubricants,694.95,4764.61,271.50,814.80,491.26,14.71,1.78,68.93,292.25,395.59,58.97,50.34,480.55,161.72,40.88,43.66,0.00,11.15,1430.60,32.97,4853.24,26.15,49.60,292.25,427.13,13.96,8.88,204.14,19.75,2.79,138.24,63.56,489.21,173.85,23.59,56.24,73.70,5.47,134.79,1827.31,474.61,2032.64,7.53,2.59,1479.77,33511.00,32524.00,34013.00,1.02,13.18,16.86,134.79
Sayaji Hotels,523710,SAYAJIHOTL,INE318C01014,Leisure Services,Hotels & Resorts,320.10,560.75,24.78,425.00,293.79,9.56,126.16,66.82,0.30,105.85,-5.13,-1.35,-95.05,-5.89,2.61,-9.85,2.56,,28.25,-10.81,133.26,-8.63,-43.71,0.30,-8.29,-0.49,-14.57,-91.45,1.50,1.18,44.05,28.13,293.53,2.41,-3.37,52.85,4.50,5.43,4.70,137.81,100.23,45.75,23.60,3.61,20.00,3585.00,3617.00,3767.00,0.00,0.02,33.15,4.70
SBC Exports,542725,SBC,INE04AK01028,Textiles & Apparels,Garments & Apparels,40.13,1910.95,41.40,45.04,33.96,10.90,220.92,50.28,9.43,269.80,2.55,4.58,105.90,8.46,9.44,10.50,39.98,56.29,99.65,53.75,346.09,46.75,72.82,9.43,33.95,16.67,33.56,139.59,8.89,-5.37,-72.82,-65.39,33.90,12.37,0.18,47.17,12.27,-23.69,17.05,27.75,0.00,295.80,40.43,25.35,106.04,121469.00,122113.00,136412.00,2.79,0.08,46.86,17.05
SBFC Finance,543959,SBFC,INE423Y01016,Finance,Non Banking Financial Company (NBFC),101.14,11208.40,1163.32,123.00,95.22,17.77,7161.71,52.31,130.12,28.97,100.89,122.77,5.99,197.51,118.04,109.14,0.00,23.35,521.53,26.96,1781.86,27.63,26.53,130.12,480.07,11.82,13.05,30.68,26.48,-0.69,-1892.70,-1415.26,95.17,356.19,1.78,72.71,429.36,-15.52,645.03,2619.45,192.44,755.70,14.45,3.00,491.47,134577.00,138467.00,142155.00,7.22,20.72,19.69,645.03
SBI,500112,SBIN,INE062A01020,Banks,Public Sector Bank,1052.00,971060.97,433862.51,1234.80,1010.58,14.80,6894110.87,55.47,24113.00,13.73,21201.47,19642.87,22.49,29878.90,22175.72,21860.59,0.00,11.56,135576.14,5.89,525747.06,5.52,8.36,25120.89,84014.25,6.13,15.38,5.76,18.44,5.05,38097.39,45484.01,1010.16,62966.47,31.07,51.15,227485.16,0.41,268681.74,621016.67,2400494.73,849579.05,17.65,1.56,136240.49,3898366.00,3763427.00,3754459.00,10.81,26.52,7.06,212013.35
SBI Cards,543066,SBICARD,INE018E01016,Finance,Non Banking Financial Company (NBFC),660.10,62817.96,6120.94,1165.00,699.79,31.60,44063.73,68.86,664.44,19.51,555.96,609.30,9.05,848.68,556.64,444.77,0.00,27.61,5280.97,6.45,20063.29,7.92,3.36,664.44,2275.15,10.10,14.69,21.16,13.18,-1.37,493.03,-2140.46,700.19,1425.32,8.92,57.69,2738.19,-4.20,2319.78,14773.90,6373.73,4292.49,16.88,3.99,5040.55,729862.00,705597.00,774642.00,8.98,18.13,4.02,2319.78
SBI Funds Mgt.,544829,SBIFUNDS,INE640G01020,Capital Markets,Asset Management Company,563.45,114765.05,4072.73,625.00,600.04,9.85,0.00,88.19,880.26,3.70,848.84,634.46,38.74,,,,0.00,37.04,,,4965.70,17.27,15.16,880.26,3067.33,56.50,43.02,20.76,76.36,5.65,2487.60,1992.38,600.40,,,45.63,92.35,26.93,108.40,5759.38,5704.37,324.88,28.15,,1152.73,2477778.00,,,1.43,2.97,7.40,108.40
SBI Life Insuran,540719,SBILIFE,INE123W01016,Insurance,Life Insurance,1768.20,177396.62,2812.27,2132.90,1855.07,17.10,0.00,55.32,724.93,21.97,594.37,804.64,-9.91,-542.94,576.74,494.59,0.00,68.21,34074.61,47.41,119655.76,-1.30,18.82,724.93,2600.90,14.95,13.70,4.53,1.56,0.51,34522.67,25546.65,1855.94,-543.39,-5.41,37.58,1846.63,164.09,3207.94,19117.74,524154.39,8401.62,62.06,8.82,46336.78,357321.00,354662.00,355321.00,20.95,19.67,4.06,1526.74
Schaeffler India,505790,SCHAEFFLER,INE513A01022,Auto Components,Auto Components & Equipments,4010.20,62680.90,1948.26,4951.00,4023.44,10.24,33.72,74.13,336.73,13.67,296.23,319.71,5.32,439.84,327.96,306.65,0.00,48.55,2819.74,19.47,10191.57,19.24,17.50,336.73,1291.05,27.90,20.80,22.02,12.56,5.77,1342.52,884.32,4023.57,538.10,28.14,42.81,1349.49,8.12,1840.84,6225.26,90.90,5680.60,29.33,10.02,2681.41,68487.00,66745.00,71705.00,4.36,16.21,5.29,1504.23
Schneider APW,544786,,INE155D01018,Industrial Manufacturing,Industrial Machinery,1897.75,2295.52,57.72,2718.75,883.59,30.20,1.29,74.12,4.47,-45.09,8.14,6.67,-51.04,7.83,12.14,8.32,0.00,66.13,93.08,-0.51,400.04,-9.76,16.88,4.47,34.71,23.88,17.71,-28.30,4.08,,38.42,38.56,873.40,9.13,6.47,39.29,74.29,8.45,106.32,225.62,0.00,282.47,41.39,9.66,109.53,2141.00,,,0.00,0.25,25.64,106.32
Schneider Elect.,534139,SCHNEIDER,INE839M01018,Electrical Equipment,Heavy Electrical Equipment,1174.40,28079.90,388.92,1548.30,1101.25,24.15,632.77,75.00,12.44,-69.84,41.24,15.49,-43.38,45.48,97.03,52.32,0.00,144.93,705.27,8.48,2920.36,9.56,4.78,12.44,193.75,29.65,38.22,-21.69,1.91,12.08,224.50,307.89,1100.51,69.44,1.90,37.47,258.43,13.80,357.85,642.08,0.00,1679.66,79.63,40.70,651.36,117705.00,106662.00,114958.00,3.42,4.65,16.91,357.85
Scoda Tubes,544411,SCODATUBES,INE090501011,Industrial Products,Iron & Steel Products,128.86,771.99,86.82,230.85,144.71,31.62,187.22,66.43,5.25,-25.85,7.08,6.32,-16.93,12.56,11.47,13.97,0.00,20.86,166.85,14.86,545.59,11.24,27.64,5.25,37.01,16.54,14.37,8.73,4.22,-15.73,-13.79,18.42,144.87,23.63,2.10,34.59,43.95,-13.14,74.24,330.40,0.02,444.50,10.00,1.98,124.35,25953.00,25111.00,27480.00,8.39,3.58,21.61,74.24
SEAMEC Ltd,526807,SEAMECLTD,INE497B01018,Transport Services,Shipping,1658.10,4215.72,447.22,1721.05,1361.03,3.66,352.92,72.72,81.22,7.19,75.77,103.48,-21.56,10.01,99.76,-25.73,0.00,16.41,159.00,63.21,1038.46,60.32,40.77,81.34,256.84,20.04,21.77,122.39,27.39,1.84,321.30,298.52,1358.05,47.87,3.93,68.98,140.15,2.27,188.30,1276.09,367.00,584.25,9.23,3.24,296.92,18049.00,16623.00,17128.00,5.93,4.39,16.95,188.30
Sedemac Mechatro,544723,SEDEMAC,INE00XB01019,Auto Components,Auto Components & Equipments,3065.00,13538.26,220.50,3368.90,2157.70,9.02,72.44,26.23,33.31,95.14,17.07,32.08,3.83,,24.33,,0.00,115.13,,,1058.38,60.76,42.51,33.31,101.35,35.31,26.93,116.56,10.75,14.76,128.02,90.91,2148.58,,,55.87,8.25,-3.57,64.39,405.04,0.00,415.54,61.43,30.13,309.77,25697.00,18127.00,,4.27,39.81,29.70,64.39
Sejal Glass,532993,SEJALLTD,INE955I01044,Industrial Products,Glass - Industrial,666.95,760.32,68.93,1037.80,696.60,35.73,202.46,69.96,7.14,63.39,4.37,11.33,-36.87,13.43,5.08,8.12,0.15,24.13,167.83,61.39,437.30,63.22,52.88,7.21,31.51,18.60,31.09,125.88,6.11,11.07,51.04,-5.70,696.90,25.17,11.67,37.17,7.48,-8.76,14.98,139.93,32.17,200.72,12.89,5.02,117.95,7194.00,6416.00,4794.00,0.19,4.54,25.31,14.98
Senco Gold,543936,SENCO,INE602W01027,Consumer Durables,"Gems, Jewellery And Watches",367.15,6017.62,1063.70,772.00,347.13,14.62,2699.11,64.48,101.14,-3.35,104.65,156.88,-35.53,112.59,264.00,48.78,0.00,10.54,2368.83,54.21,9659.79,43.10,67.34,101.14,570.80,21.24,25.60,168.38,3.31,-2.04,-789.27,-221.20,346.93,203.24,6.87,50.98,590.85,-8.39,516.64,2431.78,0.22,6477.77,7.63,2.39,3056.03,150103.00,158119.00,171162.00,6.88,13.54,15.11,516.64
Senores Pharma.,544319,SENORES,INE0RB801010,Pharmaceuticals & Biotechnology,Pharmaceuticals,1494.70,6883.63,215.38,1599.55,1060.54,6.55,342.03,45.82,30.72,55.70,19.73,31.61,-16.96,51.33,33.58,30.12,2.81,54.47,238.00,47.13,688.11,50.95,30.60,30.45,126.37,15.13,13.42,86.99,16.90,-130.50,62.05,-45.92,1056.18,70.78,11.15,58.68,385.50,-13.24,159.61,887.55,4.29,812.43,30.14,7.37,180.21,36498.00,34126.00,36389.00,6.62,9.77,37.78,159.61
SEPC,532945,SEPC,INE964H01014,Construction,Civil Construction,5.78,1106.88,108.92,338.16,7.98,57.90,353.50,11.67,-11.05,-166.77,16.55,14.10,-180.48,11.80,14.96,8.30,79.36,41.15,457.87,92.85,1126.02,80.42,35.36,-11.05,26.90,5.03,3.18,-41.59,-4.04,-0.78,-263.32,-132.51,8.01,25.39,0.06,42.31,49.25,-8.33,74.66,-24.36,1.69,2288.01,13.18,0.57,273.80,322629.00,317139.00,302036.00,1.04,13.91,73.39,74.66
Servotech Renew,,SERVOTECH,INE782X01033,Electrical Equipment,Other Electrical Equipment,81.44,1839.28,70.95,205.40,94.04,43.05,211.45,58.61,9.15,74.62,5.24,12.28,-28.10,3.49,15.51,0.39,4.24,49.10,145.87,36.98,750.68,7.39,57.81,8.06,37.46,12.82,12.79,11.82,3.74,-10.03,-1.94,-55.41,94.17,12.72,0.15,32.66,42.54,-16.55,70.71,265.38,13.01,472.08,24.43,6.39,215.79,195902.00,198824.00,206404.00,0.05,0.00,41.34,70.71
Seshaasai Tech.,544533,STYL,INE04VU01023,Financial Technology (Fintech),Financial Technology (Fintech),396.85,6421.26,397.87,437.45,322.92,9.28,82.45,81.80,61.75,68.35,36.68,82.56,-25.21,87.95,66.61,57.88,0.00,23.89,394.87,12.39,1505.90,6.58,21.02,61.75,268.80,27.98,23.57,23.06,16.41,3.66,225.19,165.49,322.18,102.25,5.44,55.69,123.71,5.76,410.44,1268.04,50.12,1008.25,14.50,4.49,376.22,80072.00,81803.00,,0.29,7.74,10.17,410.44
Seshasayee Paper,502450,SESHAPAPER,INE630A01024,"Paper, Forest & Jute Products",Paper & Paper Products,227.27,1433.35,160.20,421.85,244.07,26.92,0.00,43.27,31.91,106.80,15.43,26.05,22.50,18.84,18.64,22.41,0.00,14.48,398.73,15.13,1817.12,5.80,27.68,31.91,99.01,5.60,4.10,13.03,6.48,0.68,92.00,-61.28,244.24,29.76,2.99,47.00,672.93,1.29,146.07,2029.93,305.05,714.50,7.09,0.70,492.08,22671.00,22282.00,22199.00,12.60,0.09,29.76,146.07
SG Finserve,539199,SGFIN,INE618R01015,Finance,Non Banking Financial Company (NBFC),692.20,4561.25,306.75,748.00,536.96,4.93,2704.16,56.95,53.68,118.92,24.52,42.27,26.99,85.54,32.47,28.40,0.00,29.09,151.20,102.36,402.08,106.13,101.38,53.68,156.82,9.32,10.32,82.09,39.44,-0.50,-1571.48,-491.71,535.40,140.03,12.98,56.47,61.85,-27.36,204.11,1394.95,0.21,244.39,18.89,3.09,136.11,28150.00,26403.00,30921.00,0.54,2.18,40.34,204.11
SG Mart,512329,SGMART,INE385F01024,Metals & Minerals Trading,Trading - Metals,842.30,10615.94,205.77,861.35,550.11,2.21,267.92,57.90,45.58,41.07,32.31,41.47,9.91,42.14,10.74,26.54,0.00,85.39,1944.67,14.11,6480.09,10.46,14.41,45.58,124.33,10.24,7.92,13.61,3.48,,258.11,-391.01,547.18,54.69,3.34,78.94,1144.80,-10.48,984.13,1583.93,0.00,1721.04,45.42,6.65,1308.57,20309.00,22031.00,31450.00,1.90,4.11,36.09,984.13
Sh. Digvijay Cem,502180,SHREDIGCEM,INE232A01011,Cement & Cement Products,Cement & Cement Products,75.28,1113.50,74.60,123.90,75.55,25.46,513.93,63.71,6.83,-50.47,13.79,7.95,-14.09,0.27,-6.97,10.23,0.00,61.72,223.33,38.41,890.43,19.63,72.12,6.83,18.04,6.40,6.86,-34.92,2.03,-12.04,-410.85,135.01,75.55,21.04,0.02,61.68,49.94,-24.70,4.48,217.58,2.59,582.02,20.36,3.05,337.27,81126.00,83326.00,96395.00,0.50,1.42,34.37,4.48
Sh. Jagdamba Pol,512453,SHRJAGP,INE564J01026,Industrial Products,Packaging,680.70,596.16,65.62,1762.00,649.50,30.54,50.56,72.94,18.95,74.98,10.83,9.84,92.58,8.56,8.41,10.22,0.00,12.57,118.35,7.15,456.71,-8.73,28.63,18.95,47.42,15.34,12.57,-4.01,10.47,1.88,55.93,-18.89,649.18,16.35,9.77,59.23,27.66,1.61,30.63,332.34,71.04,254.65,7.85,1.79,180.92,6964.00,7114.00,7896.00,0.02,5.10,21.94,30.63
Sh. Rama Multi.,532310,SHREERAMA,INE879A01019,Industrial Products,Packaging,43.44,579.79,44.25,71.99,46.50,39.66,21.92,61.57,8.06,9.66,7.35,4.72,70.76,9.82,5.53,7.17,0.00,22.75,78.48,26.54,264.85,20.27,45.47,8.06,25.48,17.70,14.97,-53.25,10.01,3.57,32.44,19.83,46.53,12.93,0.74,54.78,10.01,1.61,8.59,110.80,0.00,111.49,13.09,3.27,80.52,27254.00,27375.00,27682.00,0.00,0.00,38.43,8.59
Sh.Pushkar Chem.,539334,SHREEPUSHK,INE712K01011,Chemicals & Petrochemicals,Dyes And Pigments,452.15,1462.15,113.08,476.60,372.12,5.13,129.57,69.36,22.93,9.40,20.96,12.87,78.17,20.43,18.07,18.20,0.00,20.29,285.08,11.76,1002.19,15.65,10.04,22.93,72.07,12.97,12.20,7.99,8.19,2.36,101.82,37.50,371.32,29.96,6.32,65.88,25.03,-2.62,0.71,577.77,140.68,482.50,13.59,2.40,280.07,16315.00,16723.00,16194.00,0.50,0.00,30.13,0.71
Sh.Renuka Sugar,532670,RENUKA,INE087H01022,Agricultural Food & other Products,Sugar,23.94,5095.60,155.70,123.61,25.32,28.54,7174.40,62.48,-251.10,4.52,-263.00,-122.20,-107.17,-314.50,-38.10,-369.30,0.00,,2354.31,-2.83,9364.90,-5.13,5.47,-251.50,-780.20,-3.12,,-96.38,-11.86,0.80,-121.80,950.43,25.33,-61.48,-1.48,54.85,79.00,9.48,60.50,-2889.50,50.00,3199.30,73.24,,2120.20,741824.00,742465.00,802293.00,2.16,9.14,26.18,60.50
Shadowfax Technologies,544685,SHADOWFAX,INE12UN01015,Transport Services,Logistics Solution Provider,246.14,14437.62,241.80,268.65,175.29,8.38,233.96,16.51,66.20,624.29,9.14,55.27,19.78,,36.53,14.23,0.00,83.83,,,4608.28,65.38,66.33,66.20,172.23,9.66,10.72,1751.77,5.00,18.09,342.36,50.08,174.58,,,52.09,183.68,4.87,673.08,1166.43,404.55,1617.15,43.97,8.20,1323.85,67373.00,78607.00,,8.78,19.10,55.62,673.08
Shah Foods,519031,,INE455D01012,Food Products,Packaged Foods,402.95,939.48,4.63,421.40,230.59,4.38,57.68,1.26,10.28,,,3.40,202.35,,,,0.00,285.56,,,3.98,,,10.28,3.29,,1.86,,15.80,,-54.29,,228.86,,,68.99,,,30.15,153.51,18.99,130.81,208.86,5.31,65.08,1049.00,1057.00,987.00,0.00,0.00,98.74,30.15
Shaily Engineer.,501423,SHAILY,INE151G01028,Consumer Durables,Plastic Products - Consumer,3238.30,14894.64,273.00,3615.20,2578.24,10.43,175.20,41.09,52.47,45.87,35.97,48.68,7.79,66.13,35.64,41.03,0.00,83.76,284.27,20.65,970.88,22.25,22.07,52.47,177.82,30.17,28.16,83.13,19.10,11.30,216.35,95.61,2571.61,83.59,14.38,53.01,8.46,2.20,7.37,640.27,11.49,395.70,50.74,22.91,274.78,56755.00,52325.00,23648.00,18.18,14.84,25.89,7.37
Shakti Pumps,531431,SHAKTIPUMP,INE908D01010,Industrial Products,"Compressors, Pumps & Diesel Engines",490.35,6050.82,446.88,1398.00,593.89,46.41,505.28,50.36,51.59,-46.72,96.83,38.33,34.59,91.31,31.70,90.71,0.00,28.50,830.42,24.62,2933.78,14.10,37.94,51.59,212.33,23.64,17.99,-48.53,6.01,9.69,124.05,20.48,594.93,114.77,7.40,32.43,169.42,-2.78,684.01,1582.16,0.00,2571.29,14.89,3.55,858.67,256595.00,247997.00,234697.00,5.08,2.39,42.15,684.01
Shalby,540797,SHALBY,INE597J01018,Healthcare Services,Hospital,156.92,1694.89,163.97,339.50,173.55,42.88,594.59,74.33,10.85,21.64,8.92,18.32,-43.12,10.00,1.28,7.28,0.00,43.09,308.24,7.99,1176.23,6.50,11.74,10.50,39.33,6.12,2.45,7663.46,3.17,6.65,-0.01,-4.34,173.72,39.59,0.93,45.06,34.86,-5.32,21.94,897.72,62.26,665.57,13.34,1.69,331.22,50770.00,51415.00,53437.00,4.47,0.30,20.26,21.94
Shalimar Paints,509874,SHALPAINTS,INE849C01026,Consumer Durables,Paints,81.55,682.66,-15.88,230.47,65.74,15.63,164.76,74.96,-21.26,-26.77,-16.77,-7.39,-187.69,-16.23,-26.65,-14.14,70.51,,118.86,-11.17,558.79,-10.68,-10.90,-21.26,-64.84,-7.93,-21.35,7.99,-15.44,-2.14,23.35,-58.65,65.58,-7.02,-1.94,55.60,45.47,-8.10,47.09,234.44,0.00,305.55,-37.95,2.72,137.72,31768.00,31826.00,31086.00,0.04,0.03,24.96,47.09
Shankara Buildpro,544517,BUILDPRO,INE24OJ01011,Retailing,Speciality Retail,1262.90,3062.45,228.32,1380.00,1046.81,8.49,60.81,40.17,35.61,11.04,32.07,41.36,-13.78,51.05,25.00,29.39,0.00,23.03,1996.76,25.19,7147.36,26.33,20.51,35.78,132.96,39.02,25.86,42.05,1.89,,89.53,68.48,1044.63,64.61,20.95,53.22,23.37,7.01,64.34,521.39,0.00,1542.37,12.90,5.61,1889.79,24246.00,25343.00,,9.27,13.24,36.88,64.34
Shankesh Jewellers,544882,SHANKESH,INE1WFC01025,Consumer Durables,"Gems, Jewellery And Watches",93.74,1378.27,158.01,111.00,94.81,15.55,167.84,70.22,,,,,,,,,0.00,12.92,,,1630.79,16.17,,,106.65,50.26,68.80,164.57,,,0.33,-23.11,94.82,,,,0.02,-4.06,0.03,150.65,0.48,386.17,9.78,,,88788.00,,,7.20,5.83,16.65,0.03
Shanthi Gears,522034,SHANTIGEAR,INE631A01022,Industrial Manufacturing,Industrial Products,561.50,4307.60,123.77,703.55,454.90,5.15,0.00,70.47,9.85,-56.59,22.69,18.62,-39.46,14.98,16.19,21.51,0.00,63.99,111.11,-15.77,499.32,-16.88,-14.38,9.85,67.32,25.55,19.00,-30.64,8.53,5.83,70.10,90.87,453.83,19.04,1.95,85.44,64.76,8.10,75.21,432.39,75.49,334.33,38.97,9.79,115.49,28529.00,28913.00,29010.00,3.13,0.23,26.16,75.21
Shanti Educat.,539921,SEIL,INE440T01028,Other Consumer Services,Education,211.66,3407.73,10.02,240.40,181.50,11.96,5.94,49.88,2.82,-2.76,2.90,0.98,187.76,1.22,-0.61,2.62,0.00,586.53,12.47,9.16,56.72,-11.82,7.52,2.82,5.81,10.31,7.99,-15.55,17.30,,-0.19,-3.11,181.20,1.92,0.08,54.37,3.28,-5.00,1.73,60.51,9.55,30.29,334.18,44.48,16.30,6931.00,6725.00,4010.00,25.67,0.00,24.44,1.73
Shanti Gold,544459,SHANTIGOLD,INE06ZD01017,Consumer Durables,"Gems, Jewellery And Watches",266.07,2041.81,208.78,280.75,217.44,5.23,216.24,74.89,50.48,104.87,24.64,51.93,-2.79,102.64,40.13,43.82,0.00,10.96,969.97,125.53,2442.32,110.66,144.68,50.48,186.36,33.49,37.34,206.97,7.05,-2.65,-260.63,-15.30,216.95,111.32,13.38,66.44,14.19,-17.03,49.18,526.30,0.00,780.64,8.19,3.41,716.38,30274.00,32844.00,,1.92,1.58,21.62,49.18
Sharat Industrie,519397,SHINDL,INE220Z01013,Food Products,Seafood,162.75,638.22,39.05,179.99,147.16,9.58,125.66,45.01,6.28,16.95,5.37,0.05,12460.00,10.86,4.74,5.74,0.00,37.97,187.37,25.14,529.81,30.53,4.43,6.28,16.81,12.92,10.91,37.00,5.22,-37.71,1.46,-25.72,147.00,15.41,2.77,52.69,25.91,-4.61,20.08,115.37,0.00,259.28,18.37,4.13,120.30,37282.00,37448.00,38187.00,0.07,0.59,54.33,20.08
Sharda Cropchem,538666,SHARDACROP,INE221J01015,Fertilizers & Agrochemicals,Pesticides & Agrochemicals,795.80,7179.75,1178.31,1297.80,903.34,38.68,0.00,74.82,88.04,-38.34,142.78,318.64,-72.38,107.58,145.11,74.35,0.00,11.47,1086.28,16.92,5356.54,18.52,9.03,88.02,626.11,30.25,23.17,49.11,8.20,1.31,655.69,603.62,904.42,186.23,11.92,43.73,220.35,5.17,219.89,3046.27,361.45,4076.65,6.03,2.29,1073.77,63572.00,61155.00,62030.00,3.12,9.18,12.88,219.89
Sharda Motor,535602,SHARDAMOTR,INE597I01028,Auto Components,Auto Components & Equipments,891.60,5118.47,508.61,1477.96,888.64,25.07,49.16,64.31,86.53,4.61,82.72,89.27,-3.23,98.16,81.35,74.70,0.00,15.27,1018.90,29.43,3651.59,25.60,33.70,86.53,335.20,35.96,27.94,4.49,8.56,2.06,362.90,270.56,888.61,117.88,17.10,49.95,201.40,23.57,94.85,1301.55,1136.14,1662.20,9.80,3.90,1011.07,38665.00,37220.00,35839.00,1.73,11.99,21.97,94.85
Share India Sec.,540725,SHAREINDIA,INE932X01026,Capital Markets,Stockbroking & Allied,171.02,3742.35,588.96,407.99,159.12,18.95,694.88,48.62,124.15,47.48,84.18,57.83,114.35,156.72,88.81,93.22,57.80,10.30,461.65,35.40,1576.93,14.62,31.25,124.41,363.44,18.41,13.02,17.62,27.76,-6.04,-182.40,5.85,159.00,198.74,7.15,47.87,2459.76,-5.47,3129.80,2591.17,228.19,4461.56,2.01,1.42,448.09,66409.00,67413.00,72772.00,1.87,0.48,49.03,3129.80
Sheela Foam,540203,SFL,INE916U01025,Consumer Durables,"Furniture, Home Furnishing",648.05,7076.92,442.83,2027.51,655.94,22.15,907.98,65.39,56.85,769.22,6.54,80.17,-32.07,47.67,52.57,9.96,0.00,34.77,1053.86,20.45,4031.37,16.82,25.63,62.34,203.54,6.11,4.80,261.53,5.59,1.92,409.32,247.39,656.02,109.72,4.30,32.21,47.48,-10.44,36.39,3197.36,587.88,995.12,16.30,2.18,1031.94,68569.00,66611.00,65046.00,4.17,18.52,11.92,36.39
Sheetal Cool,540757,SCPL,INE501Y01019,Food Products,Dairy Products,657.20,690.06,41.90,717.05,433.00,6.11,49.83,70.08,6.99,30.90,5.34,8.17,-14.44,3.70,4.01,1.59,0.00,33.24,70.87,26.75,385.74,24.25,17.48,6.99,20.76,16.00,13.28,43.47,5.27,2.20,34.26,38.08,430.75,8.05,3.52,58.94,10.02,8.05,0.52,146.41,0.00,210.97,16.28,4.40,132.64,7597.00,9337.00,10908.00,0.02,0.10,29.80,0.52
Shilchar Tech.,531201,SHILCTECH,INE024F01011,Electrical Equipment,Other Electrical Equipment,3947.80,4516.36,216.54,6125.00,4247.49,26.88,0.00,62.12,20.86,-49.72,41.49,28.39,-26.52,36.38,42.34,45.94,0.00,32.84,154.30,-9.92,627.80,-6.98,-15.21,20.86,137.53,50.74,37.78,-16.32,15.50,5.30,192.02,39.56,4250.50,37.59,31.80,39.99,36.74,20.41,43.98,479.41,201.97,300.65,23.66,9.20,134.61,43353.00,43953.00,42591.00,2.57,1.95,33.37,43.98
Shilpa Medicare,530549,SHILPAMED,INE790G01031,Pharmaceuticals & Biotechnology,Pharmaceuticals,860.75,16834.71,457.00,869.00,508.21,0.95,659.86,40.13,100.88,115.14,46.89,85.40,-6.41,94.18,44.58,44.07,8.73,59.20,498.74,34.81,1683.02,27.95,44.90,100.88,284.35,10.88,8.99,116.95,21.66,7.51,342.18,132.27,504.66,143.88,4.82,79.45,28.57,-2.02,45.18,2571.64,57.94,1109.77,34.23,6.50,465.78,60926.00,53410.00,48636.00,11.39,8.05,40.42,45.18
Shipping Land,544142,SCILAL,INE0PB301013,Finance,Investment Company,40.15,1870.18,41.75,108.56,45.07,27.00,0.09,63.75,14.02,-2.23,14.34,-0.84,1769.05,-12.62,11.13,4.19,0.00,65.62,7.78,26.97,25.45,23.96,37.65,14.02,28.50,1.31,0.96,115.24,178.37,,-60.77,-49.42,45.12,-11.74,-0.27,37.52,2.90,-5.60,1.61,2538.91,0.00,1146.82,45.50,0.62,7.86,216289.00,218024.00,236852.00,1.04,6.15,29.06,1.61
Shiprocket,544871,SHIPROCKET,INE0FOO01011,Transport Services,Logistics Solution Provider,132.50,9640.40,-13.30,156.90,143.11,15.55,344.78,0.00,,,,,,,,,0.00,,,,2024.14,24.03,,,-75.99,-2.68,-5.14,-2.08,,-11.26,52.64,1.90,143.21,,,,501.75,-3.80,188.15,888.06,15.59,1016.56,-736.62,,,120633.00,,,4.65,13.69,76.39,188.15
Shiv Aum Steels,,SHIVAUM,INE719F01016,Commercial Services & Supplies,Trading & Distributors,444.45,604.47,17.89,474.05,334.46,6.24,94.02,73.53,3.68,128.57,1.61,4.38,-15.98,,0.67,0.79,0.00,63.49,,,559.77,-2.53,22.50,3.68,9.52,8.20,6.29,-23.06,2.66,15.26,13.54,-5.03,333.35,,,58.16,7.50,0.65,9.81,107.25,14.91,213.86,32.92,5.00,138.56,861.00,936.00,1051.00,0.00,0.00,26.47,9.81
Shivalik Bimetal,513097,SBCL,INE386D01027,Industrial Products,Iron & Steel Products,1053.10,6066.30,146.66,1105.05,652.13,4.70,71.14,33.61,32.82,44.07,22.78,26.05,26.72,33.94,22.18,24.85,0.00,56.91,170.43,24.04,616.46,18.79,33.38,33.01,106.59,26.57,21.82,29.97,18.01,8.69,54.89,93.59,648.10,39.37,5.89,69.69,79.04,8.71,104.70,469.83,16.21,428.88,37.59,12.60,182.20,65391.00,60956.00,67484.00,2.04,14.54,49.81,104.70
Shoppers Stop,532638,SHOPERSTOP,INE498B01024,Retailing,Diversified Retail,386.00,4253.94,795.36,943.65,391.70,32.52,3316.68,66.06,-14.25,9.47,-15.74,-15.05,12.84,-22.82,16.12,-20.11,9.73,,1384.54,10.18,5173.64,9.62,11.22,-14.25,-18.81,7.03,-6.37,-205.38,-1.10,0.59,837.68,548.52,391.75,198.72,-2.07,39.30,14.02,13.45,12.71,235.95,0.01,2710.93,9.36,14.61,1291.41,26432.00,27006.00,28806.00,1.92,25.70,6.34,12.71
Shraddha Prime,531771,SHRADDHA,INE311M01018,Realty,"Residential, Commercial Projects",146.36,591.31,74.76,258.90,163.71,43.47,230.57,74.78,19.30,114.68,8.99,23.14,-16.59,76.00,13.15,8.74,23.17,9.19,359.88,239.19,403.62,252.29,222.51,19.30,64.33,27.98,51.21,100.72,17.92,-1.50,-36.32,-30.45,163.88,76.73,18.81,40.08,6.08,-12.91,26.04,89.73,107.95,416.56,8.82,4.48,107.72,3122.00,3051.00,2550.00,0.00,0.00,25.23,26.04
Shree Cement,500387,SHREECEM,INE070A01015,Cement & Cement Products,Cement & Cement Products,24865.00,89714.78,5249.56,32508.20,26039.93,19.48,1868.14,62.56,529.19,-17.66,642.66,525.69,0.68,349.65,267.65,309.82,0.00,55.04,5396.47,13.35,21895.72,12.63,18.03,531.12,1630.09,10.27,7.51,9.64,8.52,2.07,3794.07,4920.33,26051.74,1113.15,96.56,43.51,293.58,4.18,341.79,23231.45,10271.55,6749.89,17.50,3.86,6233.13,27345.00,29592.00,25592.00,8.21,16.42,12.57,341.79
Shree Ganesh Rem,540737,SGRL,INE414Y01015,Pharmaceuticals & Biotechnology,Pharmaceuticals,513.05,658.63,37.19,950.05,566.48,32.40,30.81,72.83,1.12,-67.54,3.45,6.27,-82.14,4.64,3.10,4.96,0.00,42.63,30.40,0.26,98.99,-8.75,-41.79,1.12,15.45,14.16,10.83,-29.45,7.80,2.28,23.75,30.66,567.02,8.79,3.61,37.86,9.99,2.46,13.45,150.18,12.62,73.37,19.66,4.04,14.36,7822.00,8058.00,9166.00,0.00,0.52,26.65,13.45
Shree Refrigerat,544458,,INE0FMZ01045,Aerospace & Defense,Aerospace & Defense,398.65,1427.02,34.32,431.35,267.91,7.58,37.46,44.60,19.96,343.56,4.50,1.57,1171.34,,,,0.00,66.28,,,153.55,55.53,116.00,19.96,21.53,13.84,13.04,69.39,19.35,-19.37,13.80,-24.98,266.59,,,63.74,5.94,-8.07,57.66,208.73,14.90,238.02,40.99,6.58,103.16,4461.00,3381.00,,0.12,8.74,46.56,57.66
Shree Vasu Logis,,SVLL,INE00CE01017,Transport Services,Logistics Solution Provider,780.05,896.57,60.50,897.45,668.55,13.08,203.12,73.67,3.25,73.80,1.87,3.37,-3.56,2.96,-0.68,1.22,0.00,125.22,80.46,43.75,238.99,47.40,30.15,3.25,7.16,14.36,15.59,116.97,5.02,3.27,32.02,17.50,667.43,20.33,2.58,60.79,12.68,4.32,2.64,28.38,0.25,68.80,16.89,22.49,64.75,1336.00,1174.00,1348.00,0.00,0.00,26.33,2.64
Shreeji Ship. Gl,544490,SHREEJISPG,INE1B6101010,Transport Services,Shipping,639.00,10410.48,243.03,704.90,451.97,9.35,278.08,90.00,44.29,19.06,37.20,40.32,9.85,47.51,32.47,42.70,0.00,65.15,203.61,25.54,757.04,23.06,29.57,44.29,159.79,26.35,27.46,20.59,21.21,,190.99,138.79,450.09,60.76,2.92,53.99,115.25,7.33,420.55,605.96,0.00,689.51,40.81,13.54,208.85,26167.00,27548.00,,0.46,1.08,8.46,420.55
Shrem InvIT,,SHREMINVIT,INE0GTI23014,Construction,Civil Construction,100.25,6123.71,1424.91,118.00,102.39,6.31,7594.99,,156.28,-33.14,233.75,280.56,-45.39,108.89,132.29,205.96,48.40,7.90,482.01,-15.38,2071.02,-15.38,-5.37,153.95,775.11,9.54,13.31,-24.75,30.36,-0.67,2221.09,385.60,102.41,273.13,1.78,46.47,247.07,2.83,347.02,-230.98,583.03,1960.36,9.76,1.02,507.14,,,,,,,347.02
Shri Ahimsa,,SHRIAHIMSA,INE0DM401012,Food Products,Other Food Products,458.00,1073.14,42.97,458.00,308.91,0.00,8.87,68.40,15.24,24.41,12.25,14.83,2.76,,,,0.00,35.68,,,123.32,28.71,14.00,15.24,30.08,22.96,17.24,35.92,24.27,4.47,12.22,43.36,307.41,,,77.93,81.32,9.17,43.36,170.87,34.80,116.25,24.17,5.52,62.80,1148.00,958.00,2332.00,0.41,5.84,25.35,43.36
Shri Venkatesh,543373,,INE0HLJ01013,Agricultural Food & other Products,Edible Oil,523.45,1157.84,74.25,559.70,315.64,6.48,313.40,73.52,23.80,118.95,10.87,14.40,65.28,4.49,4.16,3.94,0.00,30.31,138.57,3.06,1377.57,96.34,108.92,23.80,38.20,19.78,33.66,110.82,2.90,-4.22,-69.85,1.11,313.55,7.36,2.03,66.82,4.91,-17.05,8.02,109.36,0.00,476.69,19.71,8.81,821.71,1011.00,1052.00,604.00,0.00,0.05,26.42,8.02
Shringar House,544512,SHRINGARMS,INE1B3L01017,Consumer Durables,"Gems, Jewellery And Watches",220.78,2129.03,163.35,266.50,213.92,17.16,189.09,74.80,34.00,19.26,28.51,34.01,-0.03,63.47,30.13,22.85,0.00,17.60,935.90,76.99,2461.71,65.06,64.90,34.00,120.99,26.83,26.29,66.58,6.20,-2.67,-281.72,-7.09,213.85,67.28,6.58,42.38,3.10,-17.63,127.24,581.36,0.00,818.23,12.71,3.14,548.49,26966.00,26679.00,,2.92,2.72,19.53,127.24
Shriram Finance,511218,SHRIRAMFIN,INE721A01047,Finance,Non Banking Financial Company (NBFC),1117.50,262945.91,35590.47,1153.70,961.26,3.14,250691.96,20.30,3452.77,59.89,2159.45,3021.36,14.29,4657.50,2529.65,2314.16,0.00,23.23,13561.46,13.84,49997.06,14.20,16.16,3452.77,11318.03,11.49,16.39,33.03,25.77,-0.92,-13281.43,-43651.90,959.69,10048.00,19.79,55.33,21365.74,-9.74,7943.13,65542.28,14993.05,17029.71,13.65,3.19,13400.43,352550.00,334705.00,253512.00,54.75,19.90,5.03,7943.13
Shriram Properti,543419,SHRIRAMPPS,INE217L01019,Realty,"Residential, Commercial Projects",77.54,1323.25,174.29,147.60,84.55,22.07,616.06,27.89,11.04,-46.38,20.59,78.53,-85.94,-31.18,-6.88,8.57,0.00,14.50,284.06,38.36,1249.37,37.02,-7.44,11.04,91.26,8.04,7.16,13.58,4.92,1.08,-15.50,153.60,84.62,-6.27,-1.83,36.78,178.64,5.60,150.91,1289.27,62.55,3387.16,10.78,0.91,224.28,84665.00,81079.00,90747.00,6.85,1.43,63.81,150.91
Shukra Pharma.,524632,SHUKRAPHAR,INE551C01044,Pharmaceuticals & Biotechnology,Pharmaceuticals,44.18,1942.22,33.31,65.26,34.43,32.30,5.02,51.16,15.03,1359.22,1.03,-1.73,968.79,6.50,20.36,2.38,0.00,53.89,21.33,262.81,74.83,115.03,336.36,15.03,36.04,36.91,28.89,256.13,63.90,45.62,3.15,7.92,34.33,8.80,0.15,75.84,12.12,-5.91,5.92,46.04,0.03,83.75,36.88,21.54,23.52,28384.00,27173.00,20337.00,0.00,0.11,48.74,5.92
Shyam Metalics,543299,SHYAMMETL,INE810G01011,Industrial Products,Iron & Steel Products,1040.50,29043.67,2536.91,1090.00,919.99,4.54,1005.07,74.59,345.07,18.11,292.15,319.09,12.58,366.42,197.51,260.45,0.00,25.86,5511.87,23.38,19584.31,22.80,23.45,350.73,1123.16,13.01,9.70,21.54,6.43,1.35,2023.56,1713.43,918.77,711.02,12.92,61.97,68.25,-2.99,105.66,11244.52,1582.11,6834.63,11.03,2.52,5455.09,100443.00,101423.00,113869.00,2.97,13.75,8.42,105.66
Sical Logistics,520086,SICALLOG,INE075B01020,Transport Services,Logistics Solution Provider,104.81,836.23,115.20,510.95,85.37,15.65,485.05,73.50,4.56,203.56,-4.40,-9.95,341.91,-2.08,47.94,13.11,56.01,3388.83,131.54,46.46,420.72,51.67,35.92,21.24,0.25,9.85,2.05,100.85,3.64,2.17,52.29,20.01,85.18,25.42,-0.25,50.21,86.51,2.19,65.97,51.51,15.92,186.22,10.84,6.37,132.58,40121.00,40051.00,40721.00,3.09,0.10,23.30,65.97
Siemens,500550,SIEMENS,INE003A01024,Electrical Equipment,Heavy Electrical Equipment,4043.00,143979.52,3610.40,4662.04,3519.02,2.56,306.60,75.00,343.38,-18.59,421.80,354.91,478.59,493.75,277.80,485.40,0.00,95.78,5589.38,14.06,18062.30,13.21,14.75,2143.10,1503.29,21.44,19.22,-11.55,7.29,11.71,-535.40,1654.70,3513.76,596.42,13.86,62.25,9567.90,4.04,5611.80,13769.00,1.40,16578.70,59.55,10.40,4713.70,257203.00,258262.00,292881.00,6.47,9.10,9.45,5611.80
Siemens Ener.Ind,544390,ENRIN,INE1NPP01017,Electrical Equipment,Heavy Electrical Equipment,3325.90,118442.12,1637.20,3968.00,3200.89,16.18,215.70,75.00,440.90,67.83,262.70,374.60,17.70,,312.90,359.60,0.00,77.59,,,9436.30,,39.28,440.90,1526.52,67.75,50.47,368610.00,17.74,,3670.10,0.00,3199.64,,,42.76,0.01,,3462.00,4740.60,0.00,9081.40,52.12,24.61,2485.60,239615.00,237745.00,245890.00,7.72,6.44,10.82,3295.00
Sigachi Indust.,543389,SIGACHI,INE0D0K01022,Pharmaceuticals & Biotechnology,Pharmaceuticals,33.64,1285.44,62.00,95.94,26.87,28.01,139.35,36.69,6.76,-65.87,19.81,8.64,6.54,2.73,-0.01,10.53,20.04,57.18,101.75,-7.90,470.86,-9.58,-5.44,8.15,22.48,6.24,5.80,-70.50,6.72,6.51,4.30,26.93,26.80,10.12,0.06,75.44,72.02,-5.88,26.01,483.50,0.15,389.35,27.18,2.46,121.27,188986.00,194559.00,151206.00,1.25,0.00,62.05,26.01
Sigma Advanced System,532408,SIGMAADV,INE933B01012,Aerospace & Defense,Aerospace & Defense,727.30,13813.53,343.68,727.85,374.91,0.08,331.67,66.24,24.72,-81.87,136.40,129.81,-72.43,,-1.03,4.23,0.00,83.06,,,860.95,963.82,7083.88,35.41,166.30,60.82,90.63,20.42,9.79,-41.31,-224.69,36.74,371.37,,,63.63,9.55,8.54,24.42,292.17,10.49,645.25,59.63,27.36,374.28,49801.00,33623.00,32591.00,0.13,0.02,33.61,24.42
SignatureGlobal,543990,SIGNATURE,INE903U01023,Realty,"Residential, Commercial Projects",773.65,10884.17,135.02,1647.00,891.72,33.19,2978.58,69.54,-16.53,-148.02,34.42,98.61,-101.43,-99.77,-45.34,-46.86,0.00,,463.99,37.08,2282.19,-22.98,-36.24,-16.53,-10.12,2.60,2.79,-107.86,-2.99,6.74,125.72,500.66,892.91,-62.27,-7.09,40.28,1497.83,5.36,2736.70,1835.54,1293.52,15592.32,132.19,5.88,551.99,22303.00,21320.00,21540.00,9.45,5.46,15.55,2736.70
Signpost India,544117,SIGNPOST,INE0KGZ01021,Media,Advertising & Media Agencies,261.20,1396.11,151.21,466.00,263.10,26.63,202.53,60.38,18.69,22.32,15.28,21.01,-11.04,25.72,18.11,15.62,0.00,19.01,166.73,24.41,590.54,20.42,10.61,18.69,73.43,25.13,27.63,94.16,12.28,,21.81,31.42,263.12,41.20,4.81,37.58,42.99,-8.36,23.86,276.40,1.66,387.21,10.26,4.86,152.26,16455.00,16069.00,16643.00,0.23,0.02,39.35,23.86
Sika Interplant,523606,SIKA,INE438E01032,Aerospace & Defense,Aerospace & Defense,1020.40,2163.34,49.34,1624.95,1015.33,24.94,3.44,71.72,8.40,-18.84,10.35,7.83,7.28,9.97,9.49,8.94,0.00,62.42,49.86,-3.33,186.08,0.45,-36.98,8.40,34.66,34.56,25.13,9.68,19.60,9.94,46.91,7.62,1015.28,10.51,4.70,40.22,24.98,15.47,27.58,159.71,86.01,78.22,45.50,13.20,42.86,26959.00,25730.00,25534.00,3.25,0.04,24.98,31.85
SIL Investments,521194,SILINV,INE923A01015,Finance,Investment Company,483.75,512.78,53.95,920.00,464.03,37.35,0.00,63.79,20.22,155.30,7.92,-9.10,317.12,,19.64,19.80,0.00,10.23,78.70,174.68,73.76,22.44,87.35,20.54,50.12,1.75,1.32,41.70,87.22,1.01,47.77,9.87,463.83,,,70.10,78.78,0.61,20.10,2554.03,2674.96,22.35,7.66,0.20,23.55,9956.00,10151.00,10934.00,0.09,0.02,36.10,20.10
Silver Touch,543525,SILVERTUC,INE625X01026,IT - Software,Computers - Software & Consulting,178.96,2269.39,65.14,225.00,150.73,20.46,33.00,74.66,9.99,147.28,4.04,13.22,-24.36,16.02,11.02,7.46,4.08,54.45,104.18,21.82,360.41,20.90,23.45,10.00,41.68,29.78,24.36,81.93,12.82,22.33,17.15,-2.62,150.45,20.22,1.26,35.39,17.44,-3.39,12.39,144.27,0.97,194.04,32.01,13.38,78.02,10774.00,9873.00,1582.00,0.48,0.00,24.85,12.39
Simplex Infra,523838,SIMPLEXINF,INE059B01024,Construction,Civil Construction,251.41,1988.54,93.14,790.00,243.47,23.82,1641.66,35.99,10.44,125.00,4.64,18.58,-43.24,8.63,8.09,8.62,33.09,43.99,270.75,9.18,1069.15,4.58,19.77,10.67,45.20,2.40,5.26,194.67,3.67,-1.17,74.37,207.87,243.39,17.73,1.07,50.55,118.51,1.37,181.42,959.57,11.79,2897.63,34.51,2.04,290.55,14881.00,14642.00,15301.00,0.39,6.59,57.02,181.42
Sindhu Trade,532029,SINDHUTRAD,INE325D01025,Consumable Fuels,Coal,25.30,3901.08,129.68,55.40,24.19,22.96,559.34,73.93,38.74,106.17,18.79,13.96,177.51,-12.55,13.87,10.82,0.28,50.41,64.47,-48.15,487.95,-63.67,-21.85,38.74,77.39,4.44,3.42,12.35,29.98,2.22,43.30,-50.98,24.18,4.16,-0.08,57.32,21.93,7.36,45.01,1832.77,1976.83,860.96,27.42,1.96,129.21,39041.00,43754.00,40690.00,7.47,0.00,18.60,146.57
Sirca Paints,543686,SIRCA,INE792Z01011,Consumer Durables,Paints,436.05,2476.45,102.74,539.00,429.28,19.10,32.32,65.19,16.21,14.07,14.21,17.71,-8.47,27.41,15.03,18.10,0.00,36.93,161.76,23.32,508.26,24.19,13.80,16.21,67.05,20.28,15.77,26.25,12.47,6.30,44.45,54.27,429.21,31.97,4.83,54.12,54.16,-0.29,57.98,418.44,57.39,337.34,23.20,5.21,130.01,37017.00,37648.00,46029.00,6.08,3.53,25.21,57.98
SIS,540673,SIS,INE285J01028,Other Consumer Services,Other Consumer Services,421.10,5951.45,789.24,702.40,380.54,12.58,1789.30,71.86,101.66,9.37,92.95,102.50,-0.82,92.06,-138.37,80.73,0.00,14.82,4805.23,27.85,17036.62,25.20,29.73,101.66,401.68,13.68,13.93,26.64,2.21,1.03,769.85,742.29,380.14,216.59,6.51,46.94,1172.56,11.40,1040.43,2474.63,185.98,4667.96,7.92,2.34,4603.58,64694.00,69358.00,38350.00,13.27,6.25,8.63,1040.43
Siyaram Silk,503811,SIYSIL,INE076B01028,Textiles & Apparels,Other Textile Products,570.90,2590.18,394.79,1175.00,612.12,32.81,352.34,67.45,11.01,137.28,4.64,97.78,-88.74,53.06,41.77,86.70,0.00,10.92,805.88,14.21,2628.67,14.08,14.42,11.01,237.26,18.82,14.89,24.71,2.47,1.37,93.18,255.02,612.54,85.31,11.69,34.27,6.50,4.60,8.24,1451.03,272.69,1277.69,6.93,1.77,445.66,46029.00,47660.00,50614.00,1.96,2.51,28.09,8.24
SJ Corp,504398,,INE312B01027,Consumer Durables,"Gems, Jewellery And Watches",182.65,791.88,0.42,204.00,60.53,0.00,160.91,13.65,1.54,413.33,0.30,-0.61,352.46,,0.13,,0.00,791.88,,,24.50,60.03,831.60,1.54,-0.24,0.14,-0.84,-20.00,2.78,,-71.82,0.74,59.30,,,93.26,1.43,,1.96,44.09,1.04,80.88,2263.88,16.35,55.43,482.00,491.00,485.00,0.00,0.00,86.35,1.96
SJS Enterprises,543387,SJS,INE284S01014,Auto Components,Auto Components & Equipments,2485.90,7961.51,287.04,2590.00,1937.85,4.02,23.25,20.15,54.44,57.47,34.57,48.49,52.30,71.13,45.04,43.27,4.50,41.78,310.53,28.45,1006.41,28.78,24.49,74.43,190.57,28.58,21.98,53.02,20.93,4.95,223.88,163.01,1932.34,88.76,22.13,56.40,20.86,14.18,27.49,835.88,228.60,377.99,25.74,9.16,261.00,74050.00,75411.00,65021.00,14.67,34.04,31.15,27.49
SJVN,533206,SJVN,INE002L01015,Power,Power Generation,65.85,25877.70,3487.21,170.50,75.40,34.35,32278.49,81.85,224.93,-1.25,227.77,-117.98,290.72,571.97,224.31,307.80,0.00,40.48,2049.05,98.47,5005.22,60.47,51.98,224.74,639.24,5.57,4.52,-7.40,16.12,1.10,1859.63,2482.95,75.49,1447.00,1.46,29.32,3371.47,-9.40,2522.52,10309.04,51.97,6474.77,15.41,1.82,1394.38,1371708.00,1402728.00,1504915.00,2.79,3.74,11.62,2522.52
SK Minerals & Additives,544584,,INE13YH01017,Chemicals & Petrochemicals,Specialty Chemicals,416.00,509.18,33.49,495.00,295.99,15.96,100.27,73.53,3.70,124.24,1.65,8.26,-55.21,,,,0.00,25.24,,,317.89,50.18,88.62,3.70,18.12,26.15,34.78,65.63,5.74,-2.00,-74.61,-2.91,294.78,,,44.47,5.60,-29.06,1.91,68.29,18.14,152.62,18.14,6.32,64.45,446.00,707.00,,1.37,3.46,21.65,1.91
SKF India,500472,SKFINDIA,INE640A01023,Industrial Products,Abrasives & Bearings,1587.10,7846.30,325.50,3428.12,1709.44,33.76,2.91,52.58,61.84,32.31,46.74,-23.42,405.68,56.93,61.99,105.65,0.00,52.83,595.68,20.12,2254.88,17.89,27.09,61.84,148.51,13.33,15.06,-40.78,10.52,1.62,362.63,203.09,1710.67,74.24,11.52,53.90,718.82,11.89,299.90,1280.03,9.01,1460.19,21.76,5.90,587.79,69291.00,69931.00,66534.00,6.89,27.17,13.36,299.90
SKF India Indus.,544572,SKFINDUS,INE2J8701016,Industrial Products,Abrasives & Bearings,2864.80,14162.99,448.96,3041.00,2555.67,5.79,4.57,52.58,61.92,-13.84,71.87,118.97,-47.95,,-50.09,76.93,0.00,36.84,,,3590.50,377.42,18.30,61.92,384.42,29.89,26.65,206.22,6.38,,163.83,-17.75,2552.57,,,61.59,453.17,,569.17,1427.41,0.00,2078.20,30.73,9.59,970.77,55936.00,57325.00,,5.08,29.18,13.15,569.17
Skipper,538562,SKIPPER,INE439E01022,Electrical Equipment,Heavy Electrical Equipment,547.25,6180.49,585.68,665.00,485.91,7.72,931.49,61.48,56.47,26.44,44.66,75.61,-25.31,85.71,50.17,36.89,0.00,27.25,1478.48,17.17,5608.79,17.18,4.46,56.47,226.79,23.52,16.29,42.72,4.31,2.65,277.38,153.27,485.29,155.03,7.59,51.99,120.60,-1.13,31.94,1464.00,10.42,3004.80,11.85,4.19,1309.83,88286.00,86431.00,100294.00,10.64,2.24,25.65,31.94
SKM Egg Prod.,532143,SKMEGGPROD,INE411D01023,Food Products,Meat Products including Poultry,268.41,1413.45,164.17,372.00,218.43,27.85,142.06,57.47,23.85,46.50,16.28,32.68,-27.36,45.88,30.01,24.80,0.00,12.70,275.11,36.24,776.55,39.75,4.87,23.82,111.32,30.00,29.71,186.91,12.93,1.96,52.65,65.22,217.93,54.20,8.71,52.21,147.95,8.01,94.59,369.01,77.84,404.66,8.38,3.58,184.26,31227.00,29817.00,36615.00,1.29,0.21,41.02,94.59
Sky Gold & Diam.,541967,SKYGOLD,INE01IU01018,Consumer Durables,"Gems, Jewellery And Watches",848.10,13134.85,470.75,868.80,495.68,2.38,869.11,51.74,103.28,136.94,43.59,84.28,15.63,162.16,80.54,66.99,0.00,39.21,2669.07,79.80,7176.44,81.40,77.93,104.90,335.02,27.02,29.25,116.13,5.21,-10.72,-44.92,-273.19,492.13,192.95,10.31,72.78,175.13,-11.93,235.44,1043.63,44.04,1636.07,24.60,10.96,2012.79,81880.00,89118.00,90456.00,2.79,14.20,31.27,235.44
Skyways Air Ser.,,,INE0PX301025,,,,2189.74,154.02,,,,626.51,,15.30,,,,,,,,,54.06,,,2812.90,25.14,,25.46,40.51,13.22,13.97,3.33,1.92,4.84,113.62,2.01,,,,,193.58,-2.16,187.54,216.20,29.25,1049.92,17.07,,1328.20,,,,,,,187.54
Smartworks Cowor,544447,SMARTWORKS,INE0NAZ01010,Commercial Services & Supplies,Diversified Commercial Services,541.85,6197.74,1209.22,619.00,465.86,12.46,4778.35,58.33,13.15,413.10,-4.20,16.62,-20.88,10.49,1.24,-3.14,0.00,222.38,597.33,40.62,1962.84,36.32,44.05,13.15,27.87,8.30,3.30,162.83,2.41,0.69,1197.16,928.52,465.10,381.26,0.92,69.39,68.93,14.04,235.56,416.41,2.18,485.53,8.14,11.67,546.25,20263.00,20825.00,,0.28,8.92,32.47,235.56
SMC Global Sec.,543263,SMCGLOBAL,INE103C01036,Capital Markets,Stockbroking & Allied,79.26,1659.70,383.95,94.90,72.34,16.48,2035.58,66.71,36.57,22.97,29.74,21.08,71.16,39.03,30.84,21.00,8.38,15.25,515.69,17.13,1967.07,12.23,21.22,36.73,108.85,11.38,8.07,-11.08,7.13,-2.15,-72.91,23.54,72.27,101.70,1.86,51.46,1975.58,-3.65,2741.26,1262.10,174.26,3948.43,2.44,1.27,515.08,25147.00,25250.00,27562.00,2.14,0.00,31.14,2741.26
SML Mahindra,505192,SMLMAH,INE294B01019,"Agricultural, Commercial & Construction Vehicles",Commercial Vehicles,5190.50,7510.65,286.59,5987.90,4029.67,13.32,289.11,58.97,63.62,-4.99,66.96,54.20,17.38,41.95,17.54,21.05,0.00,48.02,665.94,19.96,2949.57,18.07,13.20,63.62,156.41,30.90,35.40,9.96,6.64,8.45,156.19,177.48,4018.00,59.69,28.98,55.90,19.84,5.05,20.70,504.86,0.00,988.73,27.69,14.46,957.54,41457.00,39068.00,28716.00,1.24,2.43,37.35,20.70
SMS Pharma.,532815,SMSPHARMA,INE812G01025,Pharmaceuticals & Biotechnology,Pharmaceuticals,357.70,3349.93,179.64,447.80,357.01,20.12,365.05,68.07,20.91,2.05,20.49,32.71,-36.07,33.72,23.47,25.31,17.99,32.71,260.35,7.39,897.79,10.25,5.56,20.91,102.40,13.30,14.31,39.99,10.10,5.18,59.22,81.71,357.00,51.01,3.60,41.12,41.59,-3.65,46.07,776.44,26.28,638.01,20.12,4.26,206.96,31489.00,32397.00,33652.00,0.65,2.83,28.45,46.07
SMT Engineering,538563,,INE673E01018,Commercial Services & Supplies,Trading & Distributors,369.40,667.51,40.99,594.35,344.17,37.85,82.09,67.44,3.81,62.13,2.35,12.06,-68.41,,2.32,6.35,0.00,27.20,,,166.04,248.09,14.01,3.81,24.54,25.22,25.17,425.48,12.32,-3.03,-48.25,-31.38,343.92,,,37.36,25.20,-25.01,11.23,102.47,3.02,190.02,16.79,5.54,30.93,807.00,634.00,107.00,0.00,0.00,32.56,11.23
Snowman Logistic,538635,SNOWMAN,INE734N01019,Transport Services,Logistics Solution Provider,37.13,620.40,94.52,134.70,40.95,37.91,312.36,50.01,3.50,37.80,2.54,5.51,-17.87,-0.46,-1.87,-2.91,0.00,264.00,167.57,7.66,619.36,7.71,9.21,4.55,2.35,3.77,1.04,-63.51,1.97,0.61,98.36,65.42,40.98,25.01,-0.03,43.61,6.18,4.75,14.19,235.02,0.05,127.50,9.30,1.54,177.68,98402.00,100470.00,107566.00,2.96,0.84,46.19,14.19
Sobha,532784,SOBHA,INE671H01015,Realty,"Residential, Commercial Projects",1292.20,13817.86,501.36,2178.32,1404.87,25.39,1057.39,52.88,50.85,273.35,13.62,91.84,-44.63,47.01,15.43,72.53,0.00,59.91,2037.61,44.76,5616.72,32.15,50.03,50.85,230.65,6.86,4.16,125.55,3.98,1.70,429.87,199.92,1406.00,128.19,4.40,37.40,1808.87,4.73,1503.59,4612.99,120.10,16261.40,23.89,2.93,1278.15,122305.00,124110.00,125548.00,6.12,25.99,15.00,1503.59
Sobhagya Mercant,512014,,INE754D01018,Commercial Services & Supplies,Diversified Commercial Services,1282.15,1333.31,35.65,1347.00,889.76,4.81,11.93,60.58,4.08,-27.40,5.62,5.67,-28.04,8.25,6.05,4.70,0.00,65.04,62.41,21.84,221.56,21.94,-20.93,4.08,20.50,23.44,16.15,8.12,9.86,-19.01,1.69,-17.31,885.81,8.86,7.93,65.95,1.37,-2.76,64.60,209.31,97.79,344.52,40.09,5.71,41.37,1342.00,1343.00,1303.00,19.22,0.00,20.19,5.84
Softtech Enginee,543470,SOFTTECH,INE728Z01015,IT - Software,Computers - Software & Consulting,422.15,584.35,35.83,612.05,379.11,13.83,38.84,18.89,1.04,9.47,0.95,2.41,-57.35,1.94,1.17,0.33,0.00,115.94,37.01,38.03,139.17,35.76,23.21,1.16,5.04,6.21,2.90,209.20,3.49,2.41,31.26,27.96,378.68,9.50,1.26,51.02,36.93,-1.94,33.00,157.92,5.08,132.19,15.94,3.40,33.28,2385.00,2552.00,2873.00,0.00,0.00,81.12,33.00
Solar Industries,532725,SOLARINDS,INE343H01029,Chemicals & Petrochemicals,Explosives,20097.00,181857.86,2844.20,20422.00,16232.96,1.59,1524.02,73.15,652.55,92.66,338.70,547.63,19.84,736.20,466.54,361.45,2.27,91.32,3155.63,51.55,11351.49,41.72,70.26,666.37,1991.40,38.08,32.64,57.84,18.17,13.35,620.87,2467.56,16194.13,857.45,79.67,63.42,725.48,6.13,584.14,6259.10,182.69,5037.46,56.80,28.97,3668.20,116877.00,115917.00,97712.00,6.39,13.36,7.10,584.14
Solara Active,541540,SOLARA,INE624Z01016,Pharmaceuticals & Biotechnology,Pharmaceuticals,617.30,2950.36,192.91,1713.95,542.54,13.30,686.56,41.93,16.31,55.04,10.52,8.74,69.90,-0.50,-17.43,-10.10,37.11,690.95,387.10,23.46,1431.43,15.49,19.57,16.31,4.27,4.86,-0.13,-82.59,4.27,3.04,152.91,212.82,541.79,52.03,-0.10,66.18,4.11,5.96,50.34,1208.37,4.62,858.10,17.97,1.78,381.60,70490.00,70400.00,74334.00,11.52,3.74,42.79,50.34
Solarworld Ene.,544532,SOLARWORLD,INE0TY101024,Construction,Civil Construction,149.27,1293.76,186.94,389.00,215.53,61.63,255.46,65.77,9.50,-26.41,12.91,49.06,-80.64,28.39,49.22,9.29,0.00,11.05,406.38,194.73,1476.34,150.04,146.81,9.50,117.07,23.80,20.83,34.09,5.64,11.54,-4.85,53.90,216.19,37.33,3.28,25.40,127.12,-4.44,571.97,804.46,0.00,1456.83,5.23,1.53,168.42,42850.00,38875.00,,0.77,9.25,24.20,571.97
Solex Energy,544862,SOLEX,INE880Y01017,Electrical Equipment,Other Electrical Equipment,781.45,844.16,173.55,1985.00,1109.38,60.63,323.60,66.15,7.15,-68.18,22.47,54.69,-86.95,17.00,8.23,3.40,0.00,11.46,380.83,156.26,1565.50,103.88,4.10,7.15,73.65,34.04,44.13,28.06,2.76,2.06,213.56,-48.85,1112.67,38.76,15.74,27.48,10.24,-7.73,120.06,232.61,0.57,784.28,6.30,3.47,259.42,10382.00,7027.00,2917.00,0.07,0.51,33.26,120.06
Som Distilleries,507514,SDBL,INE480C01038,Beverages,Breweries & Distilleries,72.62,1509.78,89.84,173.15,87.49,49.07,211.82,39.43,0.46,-98.91,42.06,-43.86,102.75,-2.55,5.49,19.50,0.00,,169.75,-37.03,969.58,-33.51,-49.16,1.56,-19.74,5.68,1.87,-119.23,0.58,1.73,210.90,42.22,87.63,9.47,-0.04,49.39,19.99,-6.31,17.26,736.99,0.00,511.35,47.33,1.94,268.63,113766.00,111075.00,105213.00,0.18,0.00,60.38,17.26
Somany Ceramics,531548,SOMANYCERA,INE355A01028,Consumer Durables,Ceramics,558.45,2290.36,267.35,977.60,478.98,1.15,374.32,55.19,35.54,242.72,10.37,40.24,-8.48,35.31,17.01,12.31,0.00,20.85,774.17,12.99,2934.96,9.32,24.01,34.23,109.84,12.80,10.35,85.40,4.57,0.84,246.76,141.17,478.18,76.03,8.61,67.15,77.68,13.20,147.60,834.18,16.01,842.09,8.15,2.72,749.56,31895.00,31674.00,31230.00,1.38,19.42,23.99,147.60
Sona BLW Precis.,543300,SONACOMS,INE073K01018,Auto Components,Auto Components & Equipments,795.00,49599.31,1147.90,844.00,609.60,5.81,363.41,28.01,220.11,73.37,126.96,207.34,6.16,279.40,152.70,166.25,0.00,63.79,1558.68,47.46,4513.61,42.68,50.82,220.11,777.48,15.11,11.67,37.36,19.02,6.88,614.59,732.56,607.74,380.20,4.48,57.26,1211.26,5.22,220.76,5219.65,1093.51,2396.21,38.16,8.46,1157.24,364057.00,378653.00,405414.00,23.61,41.60,6.77,220.76
Sonata Software,532221,SONATSOFTW,INE269A01021,IT - Software,Computers - Software & Consulting,299.45,8397.32,847.97,870.00,310.33,28.96,723.03,28.17,108.11,-1.12,109.34,153.39,-17.16,115.21,104.36,120.19,0.00,16.59,2237.60,5.58,11015.17,3.97,10.59,108.11,506.07,30.67,28.25,18.14,3.30,1.54,538.02,644.33,310.43,153.27,4.11,43.52,449.43,17.63,421.36,1876.95,186.22,2589.66,10.36,4.41,3279.10,201974.00,201519.00,205807.00,9.17,24.68,36.70,421.36
South Ind.Bank,532218,SOUTHBANK,INE683A01023,Banks,Private Sector Bank,46.32,12132.60,8479.27,49.90,41.14,7.17,129423.55,0.00,377.63,17.29,321.95,407.50,-7.33,557.94,374.32,351.37,0.00,8.03,2608.75,8.38,10111.87,6.88,11.23,377.63,1510.82,6.42,13.51,13.54,14.37,0.74,3906.64,-2352.95,41.08,1720.69,2.13,54.03,5097.70,2.09,6182.96,11538.83,26456.37,13628.45,16.07,1.03,2627.81,1143415.00,1167278.00,1197828.00,25.39,14.24,60.36,4779.95
South West Pinn.,543986,SOUTHWEST,INE980Y01015,Commercial Services & Supplies,Diversified Commercial Services,211.66,691.10,63.40,287.95,211.28,26.49,80.14,65.94,9.34,289.17,2.40,13.05,-28.43,15.37,9.22,8.36,0.00,17.29,86.79,39.00,264.49,39.23,53.36,9.34,39.97,20.02,17.66,135.81,15.14,3.92,12.07,26.67,211.28,21.21,4.71,40.55,41.01,-2.37,11.72,173.70,8.96,194.33,10.42,3.10,61.68,15133.00,10405.00,9892.00,0.41,0.00,33.64,11.72
Spandana Sphoort,542759,SPANDANA,INE572J01011,Finance,Microfinance Institutions,247.10,1761.95,-398.70,1331.38,260.46,22.71,3942.73,48.16,11.88,103.30,-360.21,5.27,125.43,-140.48,-95.00,-249.16,0.00,,161.40,-29.69,1007.42,-48.30,-5.51,11.88,-326.95,-5.78,-29.38,77.47,4.18,1.22,882.47,3681.31,260.60,-20.60,-15.84,43.34,1843.78,8.52,1274.70,2049.42,113.51,1530.78,59.69,1.03,283.91,108583.00,113071.00,123380.00,19.29,5.68,26.87,1274.70
SPARC,532872,SPARC,INE232I01014,Pharmaceuticals & Biotechnology,Pharmaceuticals,194.36,6307.40,1608.56,593.96,181.09,32.75,559.31,65.68,-20.98,59.68,-52.03,1760.70,-101.19,,-80.57,-75.97,0.00,3.95,,,1909.45,2855.80,314.11,-20.98,1595.54,164.99,281.12,631.12,-52.56,-1.93,-238.89,-362.41,180.96,,,35.91,1.19,-37.50,0.32,1301.13,0.43,1861.38,4.18,4.73,39.92,141957.00,140625.00,140724.00,3.90,0.09,30.34,0.32
Speciality Rest.,534425,SPECIALITY,INE247M01014,Leisure Services,Restaurants,149.04,718.90,95.63,287.25,121.88,11.00,139.94,50.71,6.89,21.30,5.68,3.83,79.90,4.69,8.67,4.76,0.00,27.15,125.15,14.02,472.16,12.68,18.01,6.89,26.48,8.58,5.94,32.60,5.67,0.82,84.33,73.21,121.60,23.30,0.97,58.88,7.68,7.70,5.27,298.77,174.70,45.25,8.09,2.07,121.62,20822.00,21379.00,22789.00,0.46,0.00,48.68,5.27
Spectrum Electr.,544386,SPECTRUM,INE01EO01010,Industrial Manufacturing,Industrial Products,2166.20,3403.93,83.15,2643.90,1689.40,18.07,213.74,72.72,13.29,118.23,6.09,19.58,-32.12,16.60,9.20,7.93,0.00,68.08,175.46,51.18,575.90,40.95,84.36,13.29,50.00,17.69,19.87,83.82,8.53,19.24,70.79,-18.14,1684.61,25.24,10.56,47.01,3.41,-10.74,30.44,225.61,5.64,291.48,37.83,14.11,155.88,2840.00,1808.00,1631.00,3.63,0.36,23.29,30.44
Spel Semiconduct,517166,SPELS,INE252A01019,Electrical Equipment,Other Electrical Equipment,143.61,662.33,1.16,268.40,153.57,45.35,20.87,59.18,-1.34,44.86,-2.43,0.50,-274.03,-7.98,-6.56,-12.47,0.00,,1.26,-17.76,4.42,-42.30,-95.85,-1.34,-3.94,0.06,-64.50,56.56,-1675.00,-11.57,12.94,-1.67,153.67,-5.43,-1.73,37.79,0.00,9.87,0.00,-43.07,0.00,39.84,785.29,217.14,0.08,110209.00,109999.00,98367.00,0.02,0.02,40.80,0.00
Spice LoungeFood,539895,,INE631E01024,Leisure Services,Restaurants,26.28,1832.04,16.45,72.20,28.40,63.60,117.82,64.36,4.81,507.63,-1.18,4.96,-3.02,4.87,2.47,3.44,0.00,116.84,61.49,33.06,166.28,20.89,24.31,4.81,15.68,6.42,8.36,250.78,11.98,,4.81,2.91,28.42,6.31,0.07,50.09,2.44,,1.44,53.27,47.33,102.17,91.01,14.90,40.14,6876.00,6721.00,1182.00,0.00,0.00,35.63,1.44
SpiceJet,500285,SPICEJET,INE285B01017,Transport Services,Airline,10.71,1634.45,987.52,156.90,18.33,73.61,4208.77,24.19,-250.71,-1104.04,24.97,-633.80,57.51,-419.48,-235.08,324.87,39.77,,1365.73,-5.58,4717.97,-15.10,12.45,-269.27,-794.72,9.10,,-437.70,-18.11,-0.67,-1665.07,-613.42,18.41,-166.20,-2.75,37.13,197.55,-19.91,237.49,-1601.42,190.60,2773.70,70.75,,1384.31,443166.00,435391.00,422935.00,1.98,2.25,71.59,213.44
SPML Infra,500402,SPMLINFRA,INE937A01023,Construction,Civil Construction,186.71,1584.12,84.79,599.50,197.78,38.18,358.07,40.51,22.68,87.13,12.12,27.18,-16.56,17.99,20.34,15.04,22.85,18.58,298.02,56.74,994.69,37.89,82.34,22.68,85.24,6.76,8.69,80.86,7.98,1.59,-112.53,-84.40,197.89,23.71,2.12,42.62,208.54,8.09,166.75,931.54,35.72,1328.05,18.21,1.55,284.28,26036.00,22166.00,15784.00,0.39,1.84,57.25,166.75
Sportking India,539221,SPORTKING,INE885H01029,Textiles & Apparels,Other Textile Products,224.23,2849.34,304.74,241.65,154.20,7.21,549.05,74.36,75.97,122.79,34.10,32.76,131.90,61.87,24.60,28.27,0.00,17.63,688.19,9.69,2613.74,5.56,20.12,75.97,161.60,13.22,12.13,37.12,10.80,1.05,291.97,414.62,153.49,95.68,4.87,61.53,0.75,4.59,1.09,1025.70,14.11,945.81,9.61,2.74,703.68,22449.00,23089.00,26347.00,0.36,0.00,25.27,1.09
SPR Auto Technologies,544344,SHRIPISTON,INE526E01018,Auto Components,Auto Components & Equipments,4610.00,21384.07,979.10,4808.85,3526.28,4.14,1968.47,41.55,144.40,8.00,133.70,157.70,-7.17,193.06,125.70,142.10,0.00,36.66,1457.32,43.37,4969.90,35.19,53.06,147.70,583.26,20.78,21.36,11.14,10.02,3.96,625.05,434.38,3515.38,277.24,40.69,60.35,1051.60,8.71,1035.82,2857.05,134.84,2684.51,21.29,7.00,1474.40,58035.00,49520.00,46039.00,8.39,16.00,34.05,1035.82
Sr.Rayala.Hypo,532842,SRHHYPOLTD,INE917H01012,Chemicals & Petrochemicals,Commodity Chemicals,470.95,808.38,143.27,951.90,503.97,26.65,11.61,61.84,27.06,7.18,25.24,24.41,23.28,24.04,23.75,23.29,0.00,8.20,199.67,9.47,697.65,7.42,17.03,24.73,98.54,13.99,10.47,2.05,12.94,0.73,39.18,65.48,504.30,26.71,13.88,38.13,373.68,7.57,438.80,953.94,306.81,660.48,2.69,0.83,210.95,40125.00,41806.00,43534.00,0.06,0.05,38.06,438.80
Sreeleathers,535601,SREEL,INE099F01013,Consumer Durables,Footwear,260.00,602.03,39.92,435.95,214.34,3.70,2.22,75.00,6.99,138.57,2.93,9.67,-27.71,12.61,7.53,8.61,0.00,18.33,87.57,17.21,257.93,16.69,19.74,6.99,32.85,8.00,6.00,57.18,11.72,1.81,30.98,27.27,213.89,13.18,5.44,69.34,7.87,5.84,10.12,474.57,357.90,19.34,13.14,1.21,59.63,11059.00,10997.00,11000.00,6.90,0.00,18.10,10.12
SRF,503806,SRF,INE647A01010,Chemicals & Petrochemicals,Commodity Chemicals,2583.00,76566.53,3516.42,3325.00,2721.28,20.25,5082.79,50.26,758.87,75.53,432.32,591.02,30.39,676.09,432.66,388.18,0.00,34.17,4292.59,17.92,17001.15,12.98,31.81,758.87,2240.89,14.61,14.27,56.61,15.08,2.52,2553.56,2487.49,2722.67,969.84,22.81,41.44,353.75,3.48,610.96,13745.32,687.37,6634.31,20.63,5.45,5033.26,177423.00,180341.00,192618.00,15.45,22.44,11.81,610.96
Sri Lotus,544469,LOTUSDEV,INE0V9Q01010,Realty,"Residential, Commercial Projects",184.99,9040.90,330.36,218.50,157.70,10.85,131.22,81.87,45.46,77.51,25.61,95.58,-54.70,105.93,70.23,46.36,0.01,35.19,318.25,80.71,839.99,71.31,115.83,45.72,256.94,21.15,16.68,20.65,34.54,-11.23,-325.85,-19.50,157.42,107.37,2.16,61.27,380.51,-6.47,848.60,1862.21,0.00,2326.57,23.39,4.73,132.35,96724.00,102268.00,,1.20,1.73,15.19,848.60
SRM Contractors,544158,SRM,INE0R6Z01013,Construction,Civil Construction,462.50,1061.17,177.00,652.25,482.78,29.09,134.74,72.59,19.71,54.59,12.75,54.10,-63.57,47.45,24.10,20.08,0.00,8.99,358.99,74.08,1079.44,75.33,37.82,19.71,117.99,37.14,34.34,86.75,10.04,3.06,92.27,1.07,482.98,61.42,20.68,36.32,92.95,-10.10,184.07,348.16,19.70,718.69,5.21,2.86,196.26,22179.00,20287.00,20528.00,0.10,0.25,27.07,184.07
Stallion India,544342,STALLION,INE0RYC01010,Chemicals & Petrochemicals,Industrial Gases,224.00,2600.32,61.35,360.64,181.26,37.89,34.47,47.80,18.57,79.25,10.36,10.93,69.90,16.73,11.13,11.42,0.00,49.96,111.64,5.76,441.65,6.49,9.94,18.57,52.05,11.76,8.93,51.93,15.29,-24.57,39.36,-13.43,180.83,17.41,1.44,44.18,75.01,-6.77,433.67,564.52,0.00,660.31,30.47,3.82,121.45,64152.00,62337.00,43405.00,0.82,1.53,49.84,433.67
Standard Engineering Technology,544333,SETL,INE0M4D01010,Industrial Manufacturing,Industrial Products,330.40,6591.20,137.95,330.45,196.81,0.02,82.69,60.47,26.35,26.26,20.87,19.80,26.90,30.58,20.39,20.45,21.38,77.06,250.91,37.28,848.72,31.60,43.12,26.75,85.53,14.68,10.70,21.41,10.80,-132.82,45.33,5.25,195.47,38.93,1.51,72.64,121.61,-5.51,114.94,589.28,0.00,1018.39,44.50,8.36,247.69,47340.00,51209.00,58957.00,2.78,0.20,36.56,114.94
Stanley Lifesty.,544202,STANLEY,INE01A001028,Consumer Durables,"Furniture, Home Furnishing",137.01,782.68,98.19,627.50,182.06,57.24,308.70,56.88,0.56,-92.91,7.92,0.75,218.18,-0.55,-0.20,6.00,0.00,113.25,97.76,-7.25,409.96,-5.58,-8.58,0.65,6.91,6.43,3.07,-79.20,0.76,1.12,70.00,68.30,182.52,18.33,-0.07,37.22,140.10,2.87,162.50,454.70,20.50,361.30,9.82,1.68,99.35,70340.00,70349.00,75493.00,0.95,10.29,31.89,162.50
Star Cement,540575,STARCEMENT,INE460H01021,Cement & Cement Products,Cement & Cement Products,191.16,7726.31,955.21,308.95,215.09,38.13,603.33,58.10,74.72,-24.10,98.45,152.22,-49.73,102.40,74.20,71.06,1.33,20.44,904.93,11.59,3807.38,14.53,3.39,73.91,377.97,16.68,13.24,59.87,7.84,1.33,764.86,296.47,215.33,205.97,2.53,26.47,52.43,-5.16,124.67,3150.78,258.36,1201.48,8.84,2.42,942.89,62529.00,62720.00,64011.00,2.29,2.38,37.23,124.67
Star Health Insu,543412,STARHEALTH,INE575P01011,Insurance,General Insurance,583.75,34360.90,833.61,940.00,521.38,6.59,0.00,58.01,549.73,25.46,438.18,111.34,393.74,323.37,128.22,54.90,0.00,40.70,4917.79,12.34,19114.19,11.35,13.15,549.73,844.19,9.69,7.61,10.33,9.96,2.33,1873.46,1378.61,520.75,324.24,5.49,51.45,668.43,18.32,1443.56,0.00,0.00,0.00,30.04,,5522.07,168763.00,179067.00,203563.00,16.04,19.41,6.55,0.00
Steel Exchange,534748,STEELXIND,INE503B01021,Industrial Products,Iron & Steel Products,10.85,1383.94,133.36,26.36,10.35,22.22,417.54,49.67,15.03,46.92,10.23,12.37,21.50,4.68,2.28,2.11,99.95,43.53,207.74,-10.36,1029.15,-12.78,-10.10,15.03,31.79,9.34,2.82,-5.30,5.57,3.60,-38.01,96.72,10.35,26.04,0.04,43.72,21.04,-1.35,16.24,643.14,0.00,714.46,13.04,1.76,269.71,288478.00,298388.00,311058.00,0.70,1.95,47.44,16.24
Steel Str. Wheel,513262,SSWL,INE802C01033,Auto Components,Auto Components & Equipments,290.40,4566.98,522.96,328.40,237.96,11.57,828.37,61.15,71.51,43.19,49.94,64.45,10.95,78.56,49.18,38.53,0.00,20.42,1471.43,22.56,5505.83,19.94,27.22,71.51,223.67,15.98,12.33,4.67,4.74,1.10,331.16,517.60,237.44,147.16,5.00,45.15,3.07,1.90,6.52,1719.07,16.09,1770.87,9.57,2.63,1509.82,59133.00,57836.00,60823.00,8.60,3.15,27.14,6.52
Steelcast,513517,STEELCAS,INE124E01038,Industrial Products,Castings & Forgings,343.65,3477.74,129.34,373.35,272.73,7.96,0.00,45.00,23.71,19.27,19.88,23.18,2.29,27.64,20.59,23.21,3.29,38.35,115.95,8.72,441.30,9.25,16.99,23.71,90.69,32.30,23.96,14.58,19.00,3.96,86.44,75.42,272.02,31.32,2.73,56.21,6.43,16.69,16.59,384.90,78.83,202.87,25.66,8.80,124.82,16225.00,14580.00,12411.00,0.29,2.55,52.17,16.59
STEL Holdings,533316,STEL,INE577L01016,Finance,Investment Company,619.70,1143.68,26.69,734.90,508.12,15.68,0.00,72.05,-0.13,-137.14,0.35,0.52,-125.00,,12.58,6.65,0.00,58.29,,,26.83,20.69,-85.92,-0.13,19.62,1.58,1.18,21.56,-130.00,5.90,-6.01,43.18,507.00,,,68.55,27.31,0.97,2.38,1591.03,1709.94,2.51,43.76,0.71,0.10,20877.00,21183.00,21938.00,0.01,0.07,27.88,2.38
Stellant Secu.,526071,,INE395F01023,Finance,Other Financial Services,1054.60,583.83,28.83,1104.60,573.47,4.53,0.00,45.25,17.07,904.12,1.70,-4.99,442.08,,-4.64,29.24,0.00,15.92,,,59.97,1348.55,408.19,17.07,36.68,71.73,53.02,1102.62,144.78,-12.92,-19.27,0.93,568.64,,,67.61,1.84,-15.00,37.54,72.45,0.00,81.85,11.01,7.47,11.79,2634.00,2475.00,1082.00,0.00,2.25,52.50,37.54
Sterling & Wils.,542760,SWSOLAR,INE00M201021,Construction,Civil Construction,200.12,4673.63,516.46,828.00,220.73,29.01,1191.43,45.73,54.22,69.60,31.97,134.57,-62.38,15.06,1.55,-477.62,27.62,14.97,1734.26,-0.82,7376.55,3.19,-9.74,53.27,312.26,26.78,40.07,185.88,3.35,-0.58,-257.35,37.88,220.94,56.82,0.64,43.88,710.94,5.37,533.90,626.40,0.50,4767.48,10.70,7.19,1590.13,329077.00,337694.00,353316.00,5.07,4.80,44.41,533.90
Sterling Tools,530759,STERTOOLS,INE334A01023,Auto Components,Auto Components & Equipments,224.70,816.66,87.97,744.30,253.63,37.92,146.70,64.86,5.86,-34.82,8.99,-1.59,268.55,8.89,1.56,17.19,0.00,42.40,210.78,1.38,849.80,-9.28,11.45,5.86,19.26,7.24,3.09,-60.59,2.74,0.89,55.95,123.50,253.92,21.18,2.45,41.86,147.94,6.44,158.67,518.98,0.00,452.75,9.13,1.55,214.07,39410.00,40263.00,43441.00,0.09,0.09,34.96,158.67
Sterlite Tech.,532374,STLTECH,INE089C01029,Telecom -  Equipment & Accessories,Telecom -  Equipment & Accessories,662.75,34059.47,624.00,685.00,378.69,3.25,1942.00,42.29,197.00,1870.00,10.00,42.22,233.90,93.95,-17.00,4.00,0.00,144.19,1626.81,57.33,5642.00,36.18,87.44,197.00,236.22,7.65,1.24,1489.53,10.31,5.51,520.00,348.00,375.84,246.01,1.83,63.01,468.00,9.14,323.00,2170.00,467.00,2659.00,40.31,14.26,1910.00,235524.00,212162.00,262629.00,19.71,13.27,24.74,323.00
STL Networks,544395,STLNETWORK,INE1VXE01018,Telecom - Services,Other Telecom Services,25.50,1244.67,45.55,35.40,24.52,27.97,934.46,44.14,-21.88,2.41,-22.42,-46.73,53.34,-36.10,-10.51,-19.29,0.00,,236.34,2.41,945.16,-6.87,-7.27,-21.88,-95.56,0.48,-11.29,-72.62,-12.42,,-111.43,-175.76,24.51,9.39,-0.74,50.64,212.13,2.00,87.76,702.77,0.00,2544.42,42.62,1.55,176.15,221161.00,224420.00,233638.00,1.11,3.27,51.48,87.76
Stove Kraft,543260,STOVEKRAFT,INE00IN01015,Consumer Durables,Household Appliances,816.60,2703.54,159.52,1134.85,657.55,3.91,117.11,55.79,17.06,63.57,10.43,6.05,181.98,29.08,4.15,21.36,15.70,55.61,605.28,27.58,1747.89,18.46,41.30,17.06,48.62,10.93,8.46,19.34,3.55,1.89,257.74,129.91,655.95,66.60,8.78,58.60,9.51,9.42,30.45,471.14,0.00,540.08,16.09,5.36,480.58,55318.00,59006.00,56939.00,1.22,7.09,35.89,30.45
Strides Pharma,532531,STAR,INE939A01011,Pharmaceuticals & Biotechnology,Pharmaceuticals,982.90,9059.66,1061.10,1231.45,978.18,20.18,1757.99,27.91,107.24,0.75,106.44,132.43,28.01,152.16,208.13,131.52,38.10,15.64,1340.92,9.84,5004.36,8.07,13.01,165.49,579.27,18.32,19.99,54.61,8.94,1.93,702.52,684.37,978.13,249.21,15.65,43.79,136.78,10.44,213.14,3015.39,291.36,3613.33,9.79,2.92,1265.41,94850.00,86616.00,92889.00,28.40,15.42,28.28,213.14
String Metaverse,534535,,INE958L01034,IT - Services,IT Enabled Services,7.15,872.24,121.88,26.54,9.53,73.06,6.03,74.95,37.01,104.48,18.10,35.24,6.40,46.98,27.89,21.64,0.00,7.19,512.15,120.28,1262.65,127.01,97.32,36.92,121.39,41.56,41.61,153.90,9.41,,143.93,49.33,9.55,55.87,0.39,50.00,10.05,-9.90,27.13,214.99,24.03,40.63,5.91,3.07,392.40,14997.00,5036.00,2520.00,0.00,0.00,25.04,27.13
Studds Accessor.,544599,STUDDS,INE00Q601028,Auto Components,Auto Components & Equipments,451.35,1776.22,134.65,600.00,485.92,24.78,8.16,61.75,12.30,-39.26,20.25,21.10,-41.71,22.14,20.69,20.62,0.00,23.77,172.42,11.64,654.70,10.40,13.71,12.30,74.71,22.93,16.97,0.90,7.25,2.72,86.42,62.88,486.27,28.04,5.63,54.31,72.19,6.81,84.59,503.29,0.01,217.94,13.77,3.40,169.68,73166.00,75013.00,,1.48,9.19,27.57,84.59
Stylam Industrie,526951,STYLAMIND,INE239C01020,Consumer Durables,Plywood Boards/ Laminates,3570.40,6051.14,224.00,4160.25,2727.23,14.18,29.09,56.86,48.15,70.38,28.26,37.90,27.04,58.62,45.99,37.33,0.00,35.73,324.22,10.88,1172.78,10.07,15.37,48.15,169.37,26.58,19.88,39.12,14.75,5.20,177.08,107.46,2718.75,65.39,34.59,54.01,49.60,4.05,67.46,798.32,1.00,527.40,24.70,7.50,326.47,31135.00,31776.00,35499.00,2.62,12.14,28.39,67.46
Styrenix Perfor.,506222,STYRENIX,INE189B01011,Chemicals & Petrochemicals,Specialty Chemicals,2064.40,3631.28,358.57,3523.95,2248.68,24.90,548.10,46.24,138.30,166.37,51.92,73.23,88.21,91.39,16.34,44.72,0.00,13.25,853.35,6.81,3505.38,8.62,7.14,138.30,274.15,13.85,14.18,22.16,13.68,,183.25,54.34,2250.53,124.06,51.97,27.16,100.40,-4.36,73.40,1348.72,97.28,1240.09,8.50,2.66,1010.86,44820.00,45090.00,46916.00,0.86,17.43,35.47,73.40
Subam Papers,544267,,INE0U6201010,Industrial Products,Packaging,212.15,582.97,45.91,244.00,195.15,13.05,169.29,58.93,-0.35,-107.58,4.62,-2.43,78.86,,-0.51,5.78,0.00,177.73,,,611.54,8.37,16.32,-0.52,3.28,5.02,3.00,-59.66,-0.30,1.32,35.39,32.28,194.98,,,43.09,36.82,-6.28,2.45,370.91,11.46,275.22,17.39,1.46,171.41,1446.00,1504.00,1919.00,0.19,4.96,35.92,2.45
Subex,532348,SUBEXLTD,INE754A01055,IT - Software,Software Products,17.62,993.21,56.40,803.25,12.16,9.18,28.27,0.00,14.22,11.01,12.81,10.05,43.20,6.73,2.93,2.86,0.00,30.70,74.55,8.19,292.11,2.91,19.65,14.22,32.35,12.76,9.90,448.98,17.90,5.38,71.51,9.50,12.10,10.19,0.12,70.15,61.37,6.12,100.63,61.81,31.92,263.43,16.03,2.90,79.45,333893.00,338483.00,359607.00,0.60,0.00,98.14,100.63
Subros,517168,SUBROS,INE287B01021,Industrial Products,Other Industrial Products,730.30,4764.17,362.80,1213.70,788.73,39.83,30.01,36.79,41.52,1.69,40.83,49.33,-15.83,46.66,34.75,40.74,0.00,27.72,1016.39,15.52,3909.38,13.78,17.52,41.52,171.89,19.75,14.66,9.93,4.02,2.59,105.33,174.84,789.32,81.55,7.15,31.28,76.57,1.75,37.99,1231.05,143.38,1229.72,13.14,3.83,1032.11,56225.00,54708.00,47450.00,32.68,10.70,19.81,37.99
Sudarshan Chem.,506655,SUDARSCHEM,INE659A01023,Chemicals & Petrochemicals,Dyes And Pigments,1234.30,9825.96,693.50,1604.00,997.47,23.05,2473.20,8.19,97.30,106.14,47.20,71.34,25.33,120.03,-116.00,19.30,0.00,96.75,4666.33,95.46,9922.40,90.13,5.39,103.40,101.56,5.46,0.54,-19.31,3.91,3.66,344.00,71.30,995.09,326.36,14.19,70.27,1511.20,2.58,1074.90,3434.50,566.40,5641.40,14.69,2.81,2642.10,57744.00,55044.00,64728.00,8.48,26.41,56.91,1074.90
Sudarshan Colorants,506390,SUDARCOLOR,INE492A01029,Chemicals & Petrochemicals,Dyes And Pigments,387.45,894.30,84.80,1185.00,400.25,36.31,22.98,70.26,20.36,19.13,17.09,6.40,54.83,10.89,-2.00,16.29,0.00,17.29,177.06,-3.32,792.30,-8.13,5.54,20.36,51.71,11.41,8.80,-26.89,9.16,1.24,34.24,110.59,400.38,15.98,4.72,47.73,190.61,10.73,235.37,547.00,4.23,588.08,7.65,1.57,222.39,36767.00,37254.00,39812.00,0.16,0.51,29.10,235.37
Sudarshan Pharma,543828,,INE00TV01023,Chemicals & Petrochemicals,Specialty Chemicals,40.14,1002.13,60.03,53.50,32.40,6.19,285.04,58.93,5.86,45.05,4.04,10.73,-50.79,6.93,4.15,3.87,0.00,39.88,222.14,31.54,732.22,32.87,20.07,5.61,25.13,15.13,16.26,12.89,3.22,63.43,-2.30,35.22,32.33,16.47,0.28,59.85,0.55,-1.66,1.13,131.03,0.00,490.26,19.81,6.23,174.42,1217.00,1346.00,1327.00,19.88,0.00,21.15,1.13
Sudeep Pharma,544619,SUDEEPPHRM,INE0QPI01025,Pharmaceuticals & Biotechnology,Pharmaceuticals,1129.10,12753.03,251.40,1189.35,786.26,5.07,150.42,76.16,40.55,31.61,30.81,48.88,-16.38,63.67,47.70,46.78,0.00,69.83,205.06,26.06,675.62,23.56,26.70,40.59,182.64,28.18,25.17,19.80,25.65,22.24,69.55,48.73,782.81,70.61,5.63,70.60,51.81,-2.00,114.65,872.04,0.00,623.96,48.85,14.44,158.27,35695.00,36503.00,,1.81,15.64,6.39,114.65
Sukhjit Starch,524542,SUKHJITS,INE450E01029,Agricultural Food & other Products,Other Agricultural Products,161.53,504.68,86.01,324.15,173.45,30.10,345.40,66.15,12.15,142.51,5.01,14.59,-16.72,6.94,3.13,4.30,0.00,14.77,327.57,4.12,1458.95,-0.88,7.18,12.15,34.17,5.88,1.47,9.73,3.07,0.60,3.79,67.77,173.57,21.41,2.22,48.45,15.88,3.28,15.58,551.72,74.48,455.34,7.58,0.89,395.65,9638.00,9627.00,10483.00,0.00,0.00,33.84,15.58
Sula Vineyards,543711,SULA,INE142Q01026,Beverages,Breweries & Distilleries,148.02,1249.99,107.99,699.75,184.58,50.16,332.93,24.62,1.06,-45.36,1.94,8.69,-87.67,6.21,9.10,6.02,0.00,48.22,131.48,0.44,559.08,-1.55,2.95,1.06,25.92,7.55,4.61,-54.93,0.94,1.09,100.75,58.38,184.95,23.13,0.74,42.61,8.37,4.55,9.37,570.51,0.00,546.90,14.64,2.13,112.87,262927.00,261232.00,266414.00,0.68,16.22,58.48,9.37
Sumeet Industrie,514211,SUMEETINDS,INE235C01036,Textiles & Apparels,Other Textile Products,13.00,903.17,60.77,35.72,23.08,63.61,161.26,68.06,1.14,-85.71,7.98,8.15,-84.80,5.34,6.67,9.86,0.00,36.52,293.52,8.99,1074.30,9.05,9.61,1.14,24.73,13.23,14.69,131.12,0.42,0.69,-35.37,410.06,23.18,13.39,0.08,19.72,40.42,36.57,38.65,78.62,13.54,356.67,18.57,4.26,272.36,36871.00,31676.00,28674.00,0.01,0.15,31.78,38.65
Sumitomo Chemi.,542920,SUMICHEM,INE258G01013,Fertilizers & Agrochemicals,Pesticides & Agrochemicals,530.45,26477.19,811.43,665.00,481.61,14.10,53.01,75.00,196.53,9.30,179.81,110.61,95.76,175.76,74.83,177.90,0.00,46.35,899.54,-1.63,3191.77,-3.47,0.57,216.53,571.26,23.48,17.65,3.23,18.64,4.66,443.40,458.42,481.11,196.99,3.52,49.77,35.85,16.00,119.07,2885.04,1225.77,2420.88,31.63,7.82,1054.08,110464.00,111892.00,124950.00,3.02,9.33,12.65,119.07
Summit Securitie,533306,SUMMITSEC,INE519C01017,Finance,Investment Company,1433.30,1562.55,139.60,3725.65,1665.24,43.99,0.00,74.64,35.29,74.79,20.19,-23.24,251.85,255.35,17.02,90.66,0.00,13.05,449.00,275.17,193.64,33.52,48.47,35.29,119.73,1.52,1.14,39.48,86.30,2.13,98.40,74.35,1667.57,255.76,234.23,39.01,3.03,0.76,2.08,8543.78,9807.29,3.55,10.22,0.18,40.89,53698.00,54046.00,53986.00,0.05,0.46,24.85,2.08
Sun Pharma.Inds.,524715,SUNPHARMA,INE044A01036,Pharmaceuticals & Biotechnology,Pharmaceuticals,1899.50,455753.68,19709.57,2047.55,1813.46,7.23,4627.32,54.48,3039.41,5.95,2868.60,2714.03,7.07,3922.10,3381.17,3124.95,1.65,36.08,16158.55,11.61,59910.52,11.41,10.46,2901.23,12632.59,20.53,15.95,10.17,19.91,3.47,12419.18,14072.09,1812.60,4834.84,16.31,43.30,11331.62,12.60,11603.08,83330.16,24722.52,42926.84,22.35,5.45,15299.88,710246.00,690957.00,723770.00,14.54,22.06,8.81,11603.08
Sun TV Network,532733,SUNTV,INE424H01027,Entertainment,TV Broadcasting & Software Production,465.15,18330.85,2748.66,1097.80,541.89,29.60,105.93,75.00,618.82,16.96,529.10,278.84,166.45,523.46,324.33,354.69,0.00,11.60,1431.64,10.14,4502.42,12.66,12.99,619.07,1579.83,16.51,12.30,-7.84,42.46,0.78,1801.64,1663.08,542.67,748.62,13.28,30.16,423.09,6.87,289.53,12446.32,7820.67,8454.62,6.35,1.45,1457.88,97091.00,94106.00,101793.00,5.80,11.30,7.90,289.53
Sundaram Clayton,544066,SUNCLAY,INE0Q3R01026,Auto Components,Auto Components & Equipments,1267.90,2795.23,121.28,2934.00,1400.17,36.29,1297.56,59.08,-59.33,-2.72,-57.76,-37.88,-113.91,-54.91,-51.92,-64.35,0.00,,501.57,1.38,2105.62,-3.88,15.64,-59.33,-207.23,-3.34,-16.97,-20.08,-10.03,4.92,-4.41,-45.00,1401.50,18.63,-24.91,46.90,32.68,-6.17,54.12,1284.38,31.42,948.77,32.58,2.16,591.65,22732.00,22755.00,22035.00,0.88,20.71,19.30,54.12
Sundaram Finance,590071,SUNDARMFIN,INE660A01013,Finance,Non Banking Financial Company (NBFC),4539.60,50436.71,7738.79,5642.00,4681.42,19.54,69636.30,37.21,636.19,33.88,475.21,560.76,14.80,825.64,541.36,488.12,0.00,22.15,2705.42,13.40,10104.09,13.75,12.57,636.19,2277.52,9.44,15.01,18.63,24.06,-0.72,-5892.22,-8985.25,4682.85,2123.75,74.32,50.33,2131.93,-9.86,1519.68,14783.44,9029.01,2049.75,14.77,3.39,2644.13,56309.00,57271.00,49279.00,18.58,8.00,35.43,1519.68
Sundram Fasten.,500403,SUNDRMFAST,INE387A01021,Auto Components,Auto Components & Equipments,1237.95,26012.84,1078.70,1505.95,953.68,1.35,624.57,46.94,168.39,13.51,148.35,161.40,4.54,201.68,130.80,152.75,0.00,41.89,1725.59,13.45,6601.50,10.19,20.39,168.69,620.93,17.60,14.93,13.80,9.14,3.83,837.04,423.27,950.83,273.99,9.58,78.06,48.73,4.78,96.81,4254.03,114.89,2984.32,24.05,6.08,1846.07,71664.00,77340.00,78115.00,11.40,22.30,19.34,96.81
Sundrop Brands,500215,SUNDROP,INE209A01019,Agricultural Food & other Products,Edible Oil,660.75,2490.82,61.34,1152.00,682.02,26.39,13.44,43.90,12.13,181.44,4.31,9.85,23.15,9.44,8.06,-2.09,0.00,89.12,541.69,41.32,1605.40,47.24,15.04,12.13,27.95,1.93,1.30,-30.16,2.83,5.85,30.75,84.42,682.24,21.04,2.50,51.16,48.32,2.32,40.04,1440.78,18.04,427.38,33.59,1.68,428.08,14778.00,14925.00,15441.00,0.20,5.79,50.12,40.04
Sunflag Iron,500404,SUNFLAG,INE947A01014,Industrial Products,Iron & Steel Products,350.45,6315.79,494.91,428.00,312.57,18.12,523.98,51.16,66.05,5.49,62.61,34.27,92.68,72.84,59.94,45.54,0.00,29.73,1055.40,8.47,3995.10,9.03,5.45,66.05,212.45,4.06,2.36,7.96,6.12,2.21,390.10,187.39,312.19,119.65,4.04,44.20,158.21,1.73,229.75,8692.30,7692.30,1734.10,13.29,0.71,1078.95,55328.00,56098.00,63231.00,0.86,0.21,47.78,229.75
Sunita Tools Ltd,544001,,INE0Q1S01010,Industrial Manufacturing,Industrial Products,1076.35,676.00,9.77,1123.85,832.11,4.23,42.57,62.75,3.42,103.57,1.68,3.04,12.50,,,,0.00,103.84,,,46.44,56.79,118.19,3.42,6.51,10.52,11.06,33.95,10.97,-17.63,-3.71,-8.10,829.65,,,68.49,0.83,-22.80,17.39,64.12,2.01,77.95,71.77,9.60,31.18,1733.00,1697.00,1327.00,0.00,0.80,36.45,17.39
Sunlite Recycli.,,SUNLITE,INE0U2N01013,Industrial Products,"Aluminium, Copper & Zinc Products",521.00,719.28,59.89,583.55,387.27,10.72,11.73,74.47,25.80,257.84,7.21,14.34,79.92,,,,0.00,17.91,,,2764.72,97.95,116.13,25.80,40.15,46.52,36.37,183.35,1.57,,-2.02,8.23,385.92,,,67.14,0.04,-0.07,0.22,146.93,50.00,151.27,12.20,4.47,1642.41,901.00,908.00,767.00,0.00,0.84,24.69,0.22
Sunrakshakk Inds,539300,SUNRAKSHAK,INE671K01027,Textiles & Apparels,Other Textile Products,369.20,1144.77,61.49,394.00,293.27,6.29,47.28,69.66,15.04,130.67,6.52,12.10,24.30,23.71,9.41,6.95,0.00,26.32,346.72,186.62,758.84,169.92,120.64,15.04,43.50,29.25,29.55,155.43,5.44,,-34.03,0.14,292.51,31.62,7.65,54.65,5.73,-22.46,15.38,178.78,0.00,209.83,16.24,6.19,276.33,3792.00,3619.00,3736.00,0.00,3.95,26.39,15.38
Sunshield Chem.,530845,SUNSHIEL,INE199E01014,Chemicals & Petrochemicals,Specialty Chemicals,1188.70,1045.44,55.30,1320.00,1017.62,9.95,0.00,66.54,13.49,97.80,6.82,10.66,26.55,14.51,4.89,7.23,0.00,28.82,135.27,10.51,454.50,13.14,11.93,13.49,36.27,19.90,17.02,108.69,10.58,2.85,9.53,47.98,1015.90,18.11,16.50,46.08,3.72,-1.75,14.13,243.39,0.00,139.56,16.47,4.15,127.47,5318.00,4838.00,4736.00,9.13,0.01,24.32,14.13
Sunshine Picture,544881,SUNSHINE,INE1B3O01011,Entertainment,"Film Production, Distribution & Exhibition",367.20,1143.78,58.19,395.90,369.18,7.25,9.45,,,,,,,,,,,28.90,,,74.44,-27.96,,,39.58,40.96,31.67,12.83,,15.31,-33.21,41.15,369.20,,,,11.64,2.40,0.48,118.79,0.00,151.68,19.81,,,,,,,,,0.48
Sunteck Realty,512179,SUNTECK,INE805D01034,Realty,"Residential, Commercial Projects",312.10,4582.94,349.81,699.00,344.69,34.02,774.18,63.14,42.28,26.47,33.43,63.75,-33.22,96.73,56.84,48.97,0.00,21.49,397.82,57.63,1127.09,55.42,1.72,41.96,213.22,7.54,5.95,32.46,21.90,15.16,-432.50,189.84,345.02,124.13,6.59,57.60,202.52,-2.85,94.98,3596.39,73.28,8901.56,14.39,1.27,191.56,60554.00,56492.00,62200.00,18.12,5.30,13.42,94.98
Suprajit Engg.,532509,SUPRAJIT,INE399C01030,Auto Components,Auto Components & Equipments,502.70,6896.01,501.47,639.95,462.79,10.11,992.62,45.26,52.23,8.61,48.09,71.11,-26.55,64.77,12.53,50.95,0.00,36.71,1131.09,20.20,4031.49,18.40,23.95,52.23,187.86,15.49,13.12,72.00,4.88,2.69,171.03,184.74,462.39,125.97,4.72,46.18,150.35,4.22,104.76,1423.22,248.11,1778.14,14.84,4.80,1069.58,68962.00,73587.00,76520.00,6.54,17.01,31.18,104.76
Supreme Inds.,509930,SUPREMEIND,INE195A01028,Industrial Products,Plastic Products - Industrial,3540.00,44967.51,1671.58,6482.40,3642.85,23.94,90.84,48.96,280.72,38.76,202.30,433.57,-35.25,247.19,153.37,164.74,0.00,43.56,2615.75,9.27,11326.13,8.71,4.16,280.72,1032.40,20.73,15.77,16.02,10.33,3.60,1224.77,1003.72,3643.88,361.44,19.46,52.13,952.45,7.77,658.48,6143.66,762.11,3118.89,24.42,7.29,2717.66,95613.00,85804.00,83346.00,17.08,18.98,14.88,658.48
Supreme Infra.,532904,SUPREMEINF,INE550H01011,Construction,Civil Construction,84.81,826.92,0.24,446.00,84.67,29.20,1460.21,47.32,-59.16,85.21,-399.91,-60.32,1.97,-64.71,-49.22,6305.92,0.00,,36.43,169.86,81.13,69.66,189.90,-59.17,-328.39,,,77.72,-245.32,-7.17,-7.77,10.97,84.67,-2.64,-6.64,48.05,3.66,0.53,2.67,136.00,1626.92,971.62,494.47,3.54,24.12,8181.00,7907.00,8038.00,3.02,6.20,43.47,2.67
Supreme Petroch.,500405,SPLPETRO,INE663A01033,Chemicals & Petrochemicals,Petrochemicals,708.30,13318.97,547.55,981.65,705.12,27.85,126.08,64.24,236.33,192.05,80.92,170.15,40.64,124.29,30.15,48.20,0.00,27.17,1179.55,7.22,5644.56,-3.29,22.08,236.33,490.18,18.79,14.11,40.25,13.96,2.51,246.33,341.61,705.09,149.16,6.61,49.03,461.80,3.37,432.78,2332.61,324.21,1579.43,16.76,5.62,1692.70,42429.00,41031.00,41968.00,3.80,4.14,27.73,432.78
Supreme Power,,SUPREMEPWR,INE0QHG01026,Electrical Equipment,Other Electrical Equipment,230.90,577.05,30.99,420.00,209.48,20.75,45.73,57.16,4.90,10.11,4.45,,,,3.38,4.96,0.00,27.62,,,190.08,31.27,33.56,4.90,20.44,21.51,19.40,9.89,9.60,3.72,27.73,37.02,209.26,,,58.22,5.78,-14.01,9.74,93.22,12.68,113.57,19.78,4.88,51.06,4785.00,4919.00,4866.00,0.58,0.04,42.22,9.74
Supriya Lifesci.,543434,SUPRIYA,INE07RO01027,Pharmaceuticals & Biotechnology,Pharmaceuticals,781.75,6291.74,305.54,1085.50,774.80,27.98,5.44,68.30,24.04,-30.90,34.79,74.23,-67.61,74.55,49.68,50.43,0.00,31.66,266.74,33.48,872.55,28.14,30.80,24.04,198.72,25.13,19.09,11.58,12.67,4.53,164.68,164.68,774.73,84.79,9.26,38.09,79.15,-0.84,78.87,1181.64,98.52,532.30,20.64,5.25,189.75,82082.00,81161.00,91928.00,6.18,5.30,20.21,78.87
Suraj Estate,544054,SURAJEST,INE843S01025,Realty,"Residential, Commercial Projects",196.01,936.41,222.89,847.00,231.43,40.95,645.29,69.80,22.83,7.28,21.28,10.75,112.36,31.98,25.17,33.10,0.00,10.20,148.78,2.92,568.10,3.69,9.24,22.85,91.83,14.54,9.52,0.49,15.79,-4.10,-53.55,-306.34,231.78,60.44,6.69,41.18,39.16,-8.45,49.78,969.90,4.14,1874.96,6.74,0.94,144.71,38247.00,38518.00,36016.00,1.31,1.02,27.87,49.78
Suraksha Diagno.,544293,SURAKSHA,INE877V01027,Healthcare Services,Healthcare Service Provider,338.75,1764.24,98.56,449.00,282.79,0.51,130.34,49.10,13.01,38.40,9.40,6.28,108.60,14.42,7.24,8.83,0.10,49.28,97.30,23.59,325.48,23.32,20.75,12.85,35.80,16.97,14.12,7.57,14.66,2.42,81.83,63.36,282.22,31.12,2.77,74.77,20.11,5.31,26.35,234.43,0.00,62.58,17.72,7.21,87.65,64866.00,67107.00,79670.00,13.47,23.22,14.20,26.35
Surya Roshni,500336,SURYAROSNI,INE335A01020,Industrial Products,Iron & Steel Products,219.62,4779.72,535.12,420.83,249.43,30.17,79.81,63.02,59.60,77.22,33.63,98.30,-39.37,91.68,79.69,74.19,0.00,15.33,2099.81,13.80,7982.38,11.69,27.54,59.60,311.78,15.60,10.90,8.34,2.91,1.00,400.66,394.75,249.73,132.15,4.21,32.46,296.39,12.83,452.95,2524.75,0.00,2580.46,7.61,1.81,2046.48,67798.00,66766.00,62983.00,3.81,1.90,31.27,452.95
Suryoday Small,543279,SURYODAY,INE428Q01011,Banks,Other Bank,158.43,1684.06,1328.56,296.35,154.49,27.33,17116.40,22.48,75.18,113.10,35.28,49.72,51.21,61.28,36.56,30.41,22.35,8.78,632.33,21.68,2287.48,16.66,25.69,75.18,191.87,7.33,7.58,139.27,12.08,0.27,652.33,1319.98,154.45,268.33,5.76,45.87,1466.14,5.04,1713.72,1972.03,3692.56,2930.05,12.43,0.81,622.36,89688.00,95026.00,104927.00,5.35,5.47,66.70,1713.72
Susan Electrical,544793,,INE2L0V01019,Industrial Products,Cables - Electricals,331.40,673.76,32.68,345.70,215.79,4.14,66.72,66.97,6.39,1621.43,-0.42,10.32,-38.08,,7.93,,0.00,26.90,,,268.91,98.55,279.01,6.39,18.24,37.00,64.61,222.83,6.70,-9.25,-9.71,-18.39,214.63,,,71.49,0.98,-17.12,0.85,22.89,0.00,109.25,22.63,,95.36,1247.00,,,2.12,13.46,17.45,0.85
Sustainable Ener,,SEITINVIT,INE0R8O23017,Power,Power Generation,124.00,4017.60,640.15,130.00,105.19,4.62,3281.43,,64.35,26.82,50.74,52.28,23.09,12.64,22.32,8.64,0.00,27.22,166.22,2.70,734.69,2.54,3.17,64.35,147.59,5.60,3.97,6.89,31.10,,616.74,638.48,105.00,135.40,0.39,57.40,55.28,6.80,252.46,-343.48,64.42,383.51,10.75,1.39,206.90,,,,,,,252.46
Sutlej Textiles,532782,SUTLEJTEX,INE645H01027,Textiles & Apparels,Other Textile Products,38.77,635.16,68.63,120.00,36.50,8.63,930.67,63.96,0.85,102.82,-30.10,-6.79,104.68,-21.47,-16.17,-21.86,0.00,,679.07,5.84,2668.44,1.71,15.37,0.85,-42.20,-2.32,-8.86,51.55,0.12,0.39,72.29,66.03,36.48,24.27,-1.31,55.75,19.43,3.66,15.49,798.99,0.83,997.47,13.40,0.78,697.84,25667.00,26541.00,27951.00,0.94,0.02,35.08,15.49
Suven Life Scie.,530239,SUVEN,INE495B01038,Healthcare Services,"Healthcare Research, Analytics & Technology",372.20,10516.98,-279.96,393.50,244.58,5.41,16.69,65.47,-127.61,-147.69,-51.52,-45.60,-179.85,-86.10,-101.92,-77.31,0.00,,1.53,65.94,8.82,17.29,90.91,-127.61,-352.44,-79.54,-81.52,-91.31,-3574.51,-5.17,-299.90,-155.31,243.29,-84.26,-3.05,63.30,37.73,-56.69,337.46,565.02,180.65,366.06,-29.52,16.60,3.57,66647.00,63915.00,66159.00,0.48,2.73,31.32,337.46
Suyog Telematics,537259,SUYOG,INE442P01014,Telecom - Services,Telecom - Infrastructure,755.80,885.58,161.83,1969.00,786.27,17.95,335.42,51.64,13.93,-18.11,17.01,14.14,-1.49,17.95,14.54,16.59,6.61,14.96,58.90,12.74,235.37,11.83,2.16,13.93,59.20,14.42,14.01,45.53,21.34,1.11,62.04,71.06,786.58,39.80,15.32,34.20,35.90,-3.82,15.57,477.11,12.90,208.96,7.44,1.81,65.27,12196.00,12796.00,14733.00,0.67,0.00,47.70,15.57
Suzlon Energy,532667,SUZLON,INE040H01021,Electrical Equipment,Heavy Electrical Equipment,46.94,64004.50,3126.96,431.21,51.90,23.67,555.78,11.70,305.22,-5.89,324.32,1114.35,-72.61,687.58,445.28,1279.44,0.00,20.36,5419.62,40.01,17429.21,45.24,22.27,305.22,3144.29,34.15,39.67,50.18,7.97,6.14,1202.06,1091.96,51.95,931.40,0.50,37.82,1112.83,4.87,1245.70,6718.53,216.79,13284.00,19.80,6.75,3829.09,5536345.00,5695354.00,5604610.00,24.15,11.12,53.02,1245.70
Swan Corp,503310,SWANCORP,INE665A01038,Chemicals & Petrochemicals,Petrochemicals,300.15,9408.41,56.92,809.80,359.12,40.71,2129.69,53.96,-31.42,-264.24,19.13,268.68,-114.32,-94.91,-1.18,-5.87,39.55,42.08,978.22,-14.07,4171.76,-16.72,-16.44,-36.00,223.57,-0.58,-4.50,-64.87,-3.55,-3.84,-14.49,-528.86,359.71,-33.78,-2.64,37.44,1576.48,1.93,822.20,7505.05,832.65,4914.52,20.84,1.25,1013.75,140601.00,137452.00,160674.00,10.35,12.90,22.78,822.20
Swan Defence,533107,SWANDEF,INE542F01020,Industrial Manufacturing,Ship Building & Allied Services,2407.80,12684.81,-151.76,2770.00,1641.98,13.08,2787.51,89.90,-41.68,-35.37,-30.79,-142.22,70.69,,-33.11,-19.87,0.00,,,,312.33,4092.35,7188.10,-41.68,-236.88,-7.60,-123.61,-49.74,-136.16,1.47,182.06,-96.21,1634.28,,,51.37,29.18,-2.77,288.86,16.96,258.21,1463.97,-103.25,182.15,30.61,84204.00,87730.00,98302.00,0.67,1.93,7.49,288.86
Swaraj Engines,500407,SWARAJENG,INE277A01016,Industrial Products,"Compressors, Pumps & Diesel Engines",3549.00,4311.99,288.70,4725.95,3729.02,21.91,2.05,52.11,55.53,11.13,49.97,54.56,1.78,75.27,42.10,49.68,0.00,21.10,618.01,22.61,2111.42,20.79,21.54,55.53,204.34,58.38,43.61,18.28,9.44,2.58,116.52,176.67,3730.83,82.25,61.95,34.99,174.30,21.66,121.83,476.77,19.26,554.95,14.09,8.82,588.39,41234.00,38470.00,36487.00,2.43,8.78,36.69,121.83
Swaraj Suiting,544861,SWARAJ,INE0GMR01016,Textiles & Apparels,Other Textile Products,373.15,985.80,120.04,399.95,287.65,6.70,326.72,64.68,16.42,83.26,8.96,24.68,-33.47,,11.06,8.96,0.00,16.13,,,683.32,38.45,138.83,16.42,61.12,17.92,21.74,60.62,8.95,5.73,-16.59,40.86,286.79,,,60.21,0.49,-13.58,10.58,313.81,5.07,434.99,9.80,2.89,183.37,1672.00,1907.00,1303.00,0.22,0.75,34.34,10.58
Swelect Energy,532051,SWELECTES,INE409B01013,Electrical Equipment,Heavy Electrical Equipment,605.55,917.94,179.09,1526.35,638.21,38.15,797.58,56.36,7.07,-65.58,20.54,10.28,-30.93,5.74,9.52,15.83,0.00,21.36,131.63,-5.21,610.68,-10.86,-26.21,7.66,42.98,8.00,5.34,60.07,5.86,0.68,95.49,130.09,638.54,32.06,3.49,42.98,191.75,-3.76,194.75,905.98,275.83,699.32,8.82,1.00,130.77,27232.00,27718.00,31523.00,0.58,0.00,43.06,194.75
Swiggy,544285,SWIGGY,INE00H001014,Retailing,E-Retail/ E-Commerce,286.55,79096.79,-2731.00,617.30,302.93,39.55,2551.00,0.00,-791.00,33.92,-1197.00,-800.00,1.13,-1407.07,-1065.00,-1092.00,0.00,,8019.05,44.20,24904.00,46.80,37.31,-791.00,-3738.00,-24.08,-29.07,-0.92,-11.61,-2.21,-2898.00,-2169.00,303.10,-956.72,-5.10,58.37,3300.00,-17.03,4043.00,18053.00,6034.00,13058.00,-33.76,4.32,6812.00,570439.00,536096.00,513632.00,13.96,27.38,53.57,4043.00
Symbiotec Pharma,,,INE899I01028,,,,7955.20,241.66,,,,390.99,,29.92,,,,,,,,,68.98,,,869.15,15.65,,29.92,115.32,12.99,11.74,18.93,14.73,6.41,174.59,47.26,,,,,26.47,-7.65,10.13,1137.18,4.48,485.54,34.49,,203.17,,,,,,,10.13
Symphony,517385,SYMPHONY,INE225D01027,Consumer Durables,Household Appliances,602.50,4137.45,186.43,2212.75,783.10,38.19,172.51,73.42,40.00,13.96,35.10,-78.00,118.35,16.65,19.00,19.00,0.00,1063.61,181.86,11.57,1112.00,-12.44,50.60,40.00,3.89,20.58,2.96,-98.20,10.58,3.18,-81.15,258.81,784.91,24.04,2.42,31.29,37.55,12.22,52.14,531.49,268.29,577.53,22.18,7.59,378.00,136586.00,137467.00,138810.00,2.43,8.47,15.65,52.14
Syncom Formul.,524470,SYNCOMF,INE312C01025,Pharmaceuticals & Biotechnology,Pharmaceuticals,17.03,1600.82,108.12,27.94,14.50,8.93,0.68,50.57,24.59,56.62,15.70,24.57,0.08,19.68,18.86,16.84,0.00,18.86,121.15,-0.24,494.69,0.24,6.96,24.59,84.86,26.84,20.20,49.06,19.73,6.25,58.29,23.31,14.47,21.66,0.21,69.98,0.69,4.04,5.12,318.30,109.08,326.03,13.30,3.88,124.66,422114.00,431690.00,471066.00,0.35,0.00,49.07,5.12
Synergy Green,541929,SGIL,INE00QT01015,Industrial Products,Castings & Forgings,586.50,911.60,49.23,660.00,547.20,11.14,250.40,69.50,-10.11,-399.11,3.38,0.40,-2565.85,-5.62,-1.49,2.36,0.00,,73.98,2.74,358.01,-2.47,-10.06,-10.11,-9.09,9.24,4.55,-152.45,-13.45,3.87,19.27,-16.39,546.81,6.98,-3.61,52.89,54.78,-21.83,11.97,95.55,0.00,174.43,27.74,8.21,75.15,10203.00,10897.00,12929.00,0.23,1.73,28.47,11.97
Syngene Intl.,539268,SYNGENE,INE398R01022,Healthcare Services,"Healthcare Research, Analytics & Technology",411.15,16596.86,982.60,960.60,482.21,39.44,458.40,52.59,4.43,-94.89,86.70,152.43,-106.09,45.79,15.00,67.10,0.00,56.04,864.91,-5.02,3600.20,-3.41,-15.84,-9.00,296.16,9.99,7.78,-41.61,0.60,1.47,915.20,1167.60,482.92,167.38,1.13,52.61,786.90,9.42,833.00,4436.20,741.10,1686.70,18.41,3.42,736.00,142277.00,135605.00,142310.00,11.82,28.01,7.15,833.00
Syrma SGS Tech.,543573,SYRMA,INE0DYJ01015,Industrial Manufacturing,Industrial Products,1474.10,28425.14,583.65,1543.40,1077.36,4.49,399.90,42.28,100.07,101.19,49.74,101.98,-11.36,151.06,110.32,66.34,0.00,76.53,1820.20,58.85,5463.70,53.01,68.29,105.69,371.41,16.78,13.96,84.00,6.65,41.50,289.57,176.46,1073.37,193.81,7.42,57.67,295.79,-3.67,298.80,2669.56,546.65,3640.50,43.46,9.93,1588.62,204149.00,178986.00,161089.00,7.51,15.90,34.17,298.80
Systematix Corp.,526506,SYSTMTXC,INE356B01024,Capital Markets,Stockbroking & Allied,58.00,791.92,32.46,335.90,82.49,67.72,19.09,70.58,-4.89,-146.75,10.46,-11.50,58.52,1.97,0.69,14.49,0.00,,68.87,23.60,169.08,14.44,43.63,-4.89,-1.32,8.49,4.62,-102.42,-8.69,3.34,-8.05,-20.13,82.74,6.01,0.14,43.14,263.86,2.15,233.27,300.20,43.96,329.02,33.83,2.52,56.26,10814.00,11140.00,10790.00,3.95,0.07,25.40,233.27
T B Z,534369,TBZ,INE760L01018,Consumer Durables,"Gems, Jewellery And Watches",305.80,2040.62,376.60,360.36,195.13,1.13,886.21,74.12,33.92,50.76,22.50,67.64,-49.85,65.02,80.63,31.53,0.00,9.55,928.71,35.02,3419.92,29.14,34.77,33.92,213.72,21.89,27.08,189.44,4.03,11.74,29.69,-26.85,194.02,92.50,9.74,66.57,98.21,0.17,101.83,771.42,0.05,1901.85,7.29,2.43,840.97,50689.00,54101.00,53830.00,1.47,0.00,24.41,101.83
T N Merc. Bank,543596,TMB,INE668A01016,Banks,Private Sector Bank,897.60,14213.63,5190.92,917.00,688.70,2.12,65948.90,0.00,411.51,34.97,304.89,373.65,10.13,519.12,341.50,317.51,0.00,9.84,1633.19,15.55,6095.61,12.96,19.92,411.51,1444.17,7.51,13.99,20.33,24.75,4.58,-100.87,1898.84,686.60,1196.79,32.78,64.61,2650.38,0.43,2520.62,10403.67,16202.27,6231.19,14.50,1.35,1662.43,117147.00,117065.00,125220.00,6.73,1.96,91.32,2704.05
T N Newsprint,531426,TNPL,INE107A01015,"Paper, Forest & Jute Products",Paper & Paper Products,140.67,973.59,556.66,499.00,147.07,20.19,1612.81,35.32,5.74,177.46,-7.41,240.30,-97.61,-0.24,6.77,8.10,0.00,3.73,1116.31,0.56,4649.43,2.94,0.40,5.74,260.91,6.40,11.25,1119.58,0.50,0.11,595.51,569.80,147.13,118.18,-0.03,39.71,25.90,7.67,15.68,2246.60,0.88,1795.14,4.50,0.42,1146.64,48969.00,49209.00,51290.00,5.01,9.53,46.07,15.68
T N Petro Prod.,500777,TNPETRO,INE148A01019,Chemicals & Petrochemicals,Petrochemicals,113.27,1019.09,163.94,150.75,95.98,12.80,464.75,34.54,80.11,125.98,35.45,1.96,890.23,46.75,19.88,34.24,0.00,7.47,629.31,37.60,1783.28,-2.43,68.50,80.11,136.43,10.91,9.55,90.54,10.27,0.87,-100.05,206.60,95.81,70.80,5.20,67.94,366.23,-10.93,343.60,927.71,10.40,705.67,4.83,1.00,780.15,96779.00,98207.00,131174.00,11.11,0.00,54.35,343.60
T R I L,532928,TARIL,INE763I01026,Electrical Equipment,Heavy Electrical Equipment,304.00,9125.04,444.03,650.22,328.06,44.93,456.65,64.36,61.52,-8.66,67.35,89.28,-29.65,54.89,75.97,37.35,21.84,35.29,531.47,15.53,2551.80,14.60,8.13,64.29,258.56,23.30,19.11,-0.16,11.23,32.99,-105.38,156.58,328.30,76.15,1.75,51.13,171.62,-5.17,141.02,1484.81,184.41,1873.87,21.21,6.02,572.34,215267.00,211907.00,181103.00,7.80,1.54,26.32,141.02
T.V. Today Netw.,532515,TVTODAY,INE038F01029,Entertainment,TV Broadcasting & Software Production,115.16,687.14,71.28,557.95,124.51,27.57,14.67,63.20,10.11,37.55,7.35,7.41,13.75,1.75,-0.14,-1.98,0.00,25.14,175.49,-5.49,817.73,-7.72,3.92,10.26,27.33,4.49,2.11,-16.70,4.90,0.65,10.43,121.59,124.60,9.02,0.29,49.45,282.79,3.51,36.83,861.03,0.10,612.60,8.76,0.77,206.22,51571.00,52917.00,57101.00,4.04,0.09,32.66,36.83
TAAL Tech,539956,TAALTECH,INE524T01011,Transport Services,Airline,4501.50,1402.82,66.43,4743.00,3389.72,5.09,0.91,50.80,19.43,41.72,13.71,17.16,13.23,18.34,11.58,14.27,0.00,22.56,62.51,28.02,216.47,18.32,41.60,19.43,62.17,27.48,18.33,20.16,29.98,3.85,18.74,41.02,3378.55,19.59,58.86,66.75,47.72,13.15,27.78,242.02,143.89,118.30,16.28,5.72,64.81,11382.00,11422.00,14810.00,2.28,0.24,46.69,27.78
TAC Infosec,,TAC,INE0SOY01013,IT - Software,Computers - Software & Consulting,414.95,872.53,30.74,899.65,503.64,53.88,0.93,56.66,7.79,182.25,2.76,6.04,33.72,,,,18.06,31.69,,,57.26,87.74,102.66,8.05,22.50,38.14,32.50,57.20,40.70,,12.06,19.39,504.53,,,36.47,33.84,10.14,33.23,62.23,0.00,68.41,27.33,10.48,19.78,5143.00,4377.00,1775.00,0.04,0.00,43.30,33.23
TajGVK Hotels,532390,TAJGVK,INE586B01026,Leisure Services,Hotels & Resorts,339.40,2128.09,163.76,539.95,356.53,37.14,128.13,71.00,31.66,21.86,25.98,47.36,-90.10,38.21,36.99,27.55,20.84,14.82,143.57,33.95,567.06,22.41,55.09,31.66,143.56,13.27,11.98,13.76,19.19,1.51,172.93,116.17,356.70,44.14,6.09,40.03,70.23,3.86,148.77,1011.71,0.02,235.58,11.63,2.08,165.00,84953.00,85156.00,83524.00,0.41,4.08,24.49,148.77
Talbros Auto.,505160,TALBROAUTO,INE187D01029,Auto Components,Auto Components & Equipments,407.10,2512.95,176.78,451.60,337.13,9.85,83.70,58.43,30.02,35.23,22.20,31.62,-5.06,26.01,27.20,23.10,0.00,22.45,238.62,11.95,901.70,8.71,15.31,30.02,111.94,18.56,15.14,16.59,12.59,2.96,84.67,80.02,336.42,37.73,4.21,46.67,63.04,3.61,113.78,730.61,246.52,576.02,13.29,3.38,238.41,55208.00,60911.00,68350.00,1.27,0.18,40.12,113.78
Tandhan Industries,512062,,INE896J01014,Commercial Services & Supplies,Diversified Commercial Services,141.10,702.29,19.17,164.00,81.92,13.96,107.13,65.06,6.02,,,6.47,-6.96,,4.37,,0.00,64.79,,,96.85,,,6.02,10.84,,6.23,,9.40,,-35.83,,81.32,,,54.55,,,31.05,124.28,31.06,155.62,40.60,4.03,64.01,193.00,100.00,37.00,0.00,0.00,34.94,31.05
Taneja Aerospace,522229,TANAA,INE692C01020,Aerospace & Defense,Aerospace & Defense,298.45,761.06,26.51,710.00,303.34,28.25,0.12,52.03,5.73,61.86,3.54,5.11,12.13,5.68,4.30,3.86,0.00,39.80,10.53,8.67,41.94,4.88,21.01,5.73,19.12,15.60,11.40,5.34,55.58,3.48,22.56,25.25,303.39,6.70,2.23,45.31,15.27,12.24,15.98,141.84,46.55,23.12,25.57,4.92,10.31,39886.00,39933.00,42209.00,0.00,0.09,47.86,15.98
Tanfac Inds.,506854,,INE639B01023,Chemicals & Petrochemicals,Commodity Chemicals,3076.30,6524.50,114.41,3648.00,2359.30,15.67,92.81,48.73,16.85,-12.92,19.35,18.04,-6.60,23.22,15.57,17.18,0.00,96.46,186.60,10.62,722.25,13.27,6.35,16.85,67.64,23.66,20.47,-29.69,9.00,13.22,43.40,32.84,2352.09,28.98,10.95,50.08,37.87,-8.51,29.21,363.19,18.51,258.58,57.84,16.45,187.18,16393.00,16344.00,18669.00,1.53,4.16,45.58,29.21
Tankup Engi.,,TANKUP,INE0Z7N01017,Industrial Products,Other Industrial Products,1280.00,677.76,7.98,1312.50,755.19,2.48,36.06,73.65,2.74,174.00,1.00,2.04,34.31,,,,0.00,141.79,,,57.25,182.02,162.73,2.74,4.78,18.95,26.30,214.47,7.70,-6.42,-34.36,-5.80,749.92,,,70.84,0.17,-35.39,7.38,24.39,0.00,69.21,88.53,22.83,35.60,286.00,215.00,,0.19,7.29,18.86,7.38
Tanla Platforms,532790,TANLA,INE483C01032,IT - Software,Software Products,526.05,6977.21,763.53,2096.75,548.23,31.33,52.71,46.17,142.17,20.07,118.41,134.32,5.84,168.43,131.37,125.05,0.00,13.09,1239.71,14.95,4603.45,13.21,17.85,142.17,532.91,26.32,21.41,10.00,11.59,1.10,574.19,642.10,548.45,204.33,12.70,32.24,880.66,19.50,1063.63,2474.74,25.48,2719.13,7.45,2.80,1226.39,264765.00,273754.00,307377.00,7.63,0.38,45.35,1063.63
TARC Ltd,543249,TARC,INE0EK901012,Realty,"Residential, Commercial Projects",119.45,3524.93,77.51,275.50,137.45,35.88,1894.94,65.12,22.65,-58.23,54.23,1.62,1306.21,,-21.03,-15.77,0.00,,,778.55,471.08,364.71,186.11,22.64,-12.52,2.26,1.81,91.44,10.43,6.14,190.73,42.96,137.63,,,37.30,85.67,3.16,81.09,1003.07,0.36,2656.98,265.48,3.32,217.13,53065.00,54264.00,59880.00,0.99,6.44,27.46,81.09
Tarsons Products,543399,TARSONS,INE144Z01023,Healthcare Equipment & Supplies,Medical Equipment & Supplies,342.65,1823.11,142.11,928.65,267.64,8.63,392.96,47.30,-1.44,-180.90,1.78,4.02,-134.45,-3.18,5.04,3.32,0.00,153.98,115.86,13.23,441.39,10.63,20.67,-1.44,11.84,4.56,2.38,-56.99,-1.31,,118.48,114.24,266.89,30.23,-0.60,58.48,25.65,-4.17,25.26,624.05,0.00,265.75,15.00,2.87,110.24,83453.00,84093.00,90891.00,0.15,0.10,52.44,25.26
Tasty Bite Eat.,519091,TASTYBITE,INE488B01017,Food Products,Packaged Foods,9911.50,2543.29,84.90,21487.00,8503.05,6.05,41.91,74.23,8.84,7.94,8.19,6.01,47.09,3.90,17.49,3.62,0.00,70.08,143.07,7.68,583.31,-1.17,28.60,8.84,36.29,14.03,10.93,-3.20,5.68,3.50,59.00,39.21,8488.89,12.97,15.21,57.34,15.39,10.97,27.33,339.44,0.00,242.53,29.85,7.44,155.75,18396.00,19212.00,19920.00,3.73,0.00,22.04,27.33
Tata Capital,544574,TATACAP,INE976I01016,Finance,Non Banking Financial Company (NBFC),370.65,157336.07,23126.08,390.20,339.87,5.01,236375.92,85.41,1547.38,56.32,989.89,1502.02,11.04,1902.27,1264.74,1118.97,0.00,28.95,8674.86,12.12,32695.45,11.09,15.10,1628.18,5435.41,8.58,12.36,29.63,18.46,-0.44,-37964.94,-30087.90,339.56,6422.45,4.26,59.04,10199.70,-13.76,3752.96,41644.80,9508.19,8808.32,16.08,3.43,8821.93,1211911.00,1269833.00,,5.17,3.57,5.19,3752.96
Tata Chemicals,500770,TATACHEM,INE092A01019,Chemicals & Petrochemicals,Commodity Chemicals,637.65,16244.77,2223.00,1349.70,739.42,37.89,8001.00,37.98,-17.00,-106.75,252.00,-419.20,102.84,6.25,-69.00,154.00,0.00,,4084.15,5.34,15120.00,2.04,14.41,60.00,-391.78,3.42,1.27,-192.92,1.41,0.61,1269.00,1761.00,740.45,496.08,0.25,34.54,615.00,1.26,442.00,20951.00,9886.00,6495.00,11.36,0.77,4255.00,637200.00,643078.00,677130.00,12.06,21.11,28.81,442.00
Tata Comm,500483,TATACOMM,INE151A01013,Telecom - Services,Telecom - Cellular & Fixed line services,1649.30,47019.18,5114.32,2175.00,1734.57,21.83,12248.90,58.86,182.19,-25.37,244.11,251.96,-49.97,327.73,364.23,183.21,0.00,45.19,6651.67,9.05,25425.69,8.30,10.45,129.72,1040.53,14.63,32.61,-0.07,2.70,0.98,4479.10,2910.81,1735.43,1273.92,11.50,35.33,587.41,8.27,695.34,3162.04,2297.25,6567.01,11.24,13.64,6582.82,172357.00,175946.00,191499.00,13.75,19.85,7.53,695.34
Tata Consumer,500800,TATACONSUM,INE192A01025,Agricultural Food & other Products,Tea & Coffee,1047.10,103630.44,2928.00,1282.70,1115.89,18.37,2819.51,33.83,426.98,27.78,334.15,416.96,0.75,567.57,384.52,406.51,0.00,62.83,5707.22,14.93,20860.40,15.60,11.93,427.19,1649.40,9.24,7.35,25.43,7.99,4.41,2421.85,2056.65,1116.58,783.88,5.73,40.45,2817.86,7.08,3420.49,21688.57,1442.62,9448.89,33.19,4.76,5348.88,790683.00,804698.00,875784.00,20.08,24.99,21.06,3420.49
Tata Elxsi,500408,TATAELXSI,INE670A01012,IT - Software,Computers - Software & Consulting,3650.00,22739.34,1032.12,10760.40,4429.26,38.66,162.28,43.90,170.60,18.17,144.37,220.35,-22.58,190.31,108.89,154.82,0.00,32.25,998.34,8.74,3886.43,5.19,14.46,170.60,704.99,30.00,23.58,-5.40,16.71,2.89,663.98,811.98,4437.09,217.82,30.55,44.68,1606.39,22.03,1668.64,2979.04,0.00,2968.15,19.97,7.48,1021.11,589805.00,566988.00,579310.00,9.85,11.03,35.20,1668.64
Tata Inv.Corpn.,501301,TATAINVEST,INE672A01026,Finance,Investment Company,644.45,32606.14,478.54,1184.70,675.03,45.60,0.52,73.38,143.51,-1.91,146.30,63.83,124.83,392.81,75.39,148.16,0.00,75.67,448.04,190.97,403.54,30.99,4.26,143.51,430.89,1.57,1.44,31.64,94.63,12.16,279.39,206.21,675.34,399.26,7.76,38.84,16.96,0.80,10.51,29170.56,32453.19,28.39,66.30,1.12,151.66,241568.00,245759.00,155346.00,2.66,0.56,22.96,10.51
Tata Motors,544569,TMCV,INE1TAE01010,"Agricultural, Commercial & Construction Vehicles",Commercial Vehicles,483.75,178150.63,8910.00,509.00,411.18,4.96,5615.00,42.56,2627.99,87.00,1405.35,2101.97,42.55,2222.67,705.00,-867.00,0.00,23.99,21853.57,17.59,87197.00,15.43,19.30,2556.00,7425.96,35.90,34.02,52.95,12.70,,14981.00,8547.00,410.45,2865.17,6.04,71.20,2266.00,,7776.00,11998.00,13283.00,17934.00,13.97,13.99,20667.00,5545816.00,5705074.00,,18.58,18.19,20.34,7776.00
Tata Motors PVeh,500570,TMPV,INE155A01022,Automobiles,Passenger Cars & Utility Vehicles,313.10,115311.33,25130.00,712.29,359.61,29.93,79109.00,42.51,787.05,-69.83,2608.66,5695.59,-85.39,-2852.20,-3483.00,76248.00,0.00,115.73,73324.01,1.35,343703.00,-5.62,9.26,859.00,996.40,2.73,75.66,-94.22,0.91,0.24,13041.00,63102.00,360.08,2332.61,-6.99,30.43,40834.00,6.73,29684.00,111331.00,26313.00,119272.00,7.18,1.03,95799.00,6215151.00,6378032.00,6752775.00,17.11,16.97,23.09,29684.00
Tata Power Co.,500400,TATAPOWER,INE245A01021,Power,Integrated Power Utilities,364.00,116310.36,16879.20,494.85,390.29,21.70,76141.27,46.86,1175.93,10.95,1059.86,1048.10,-1.04,507.60,1194.33,1245.39,0.00,29.71,15146.38,-2.56,63444.78,-4.19,5.63,1400.86,3915.45,10.53,10.21,-5.00,7.35,1.03,5993.33,12680.19,390.56,3102.28,1.33,29.25,11750.98,5.26,13644.00,39147.65,16574.54,29214.93,10.38,2.95,19051.26,3996318.00,4105019.00,4514496.00,10.03,18.12,24.66,13644.00
Tata Steel,500470,TATASTEEL,INE081A01020,Ferrous Metals,Iron & Steel,188.01,234702.79,35882.11,224.40,189.26,16.22,92381.68,32.94,2527.07,16.77,2164.15,3128.02,-19.55,4627.67,2730.37,3183.09,0.00,19.84,65566.58,11.72,239756.11,10.51,14.32,2385.24,11830.70,12.52,11.71,147.26,4.28,0.65,35064.46,23137.58,189.27,9926.12,3.60,52.12,11646.98,5.79,10057.53,100920.21,7088.85,71261.57,8.36,2.30,60794.29,5179576.00,5221338.00,5823942.00,18.90,26.44,21.52,10057.53
Tata Technolog.,544028,TATATECH,INE142M01025,IT - Services,IT Enabled Services,793.50,32220.21,1051.52,1400.00,703.01,10.94,937.98,55.17,180.75,6.15,170.28,172.52,-11.47,193.98,6.64,165.50,0.00,49.51,1617.36,22.22,5925.91,15.21,33.78,180.75,650.82,20.90,16.34,-5.02,10.86,6.05,775.70,699.25,702.10,253.66,4.78,48.85,902.57,12.41,715.17,3842.17,823.47,5009.87,29.58,8.21,1664.63,1239124.00,1299834.00,1411035.00,6.30,4.48,34.04,715.17
Tata Tele. Mah.,532371,TTML,INE517B01013,Telecom - Services,Telecom - Cellular & Fixed line services,37.41,7313.38,623.53,291.05,44.90,38.30,20868.92,74.36,-72.15,77.54,-321.18,-81.87,-112.42,-90.69,-150.43,-320.82,0.00,,278.52,-2.66,1177.55,-7.19,6.09,-72.15,-621.22,55.65,,51.20,-23.92,1.03,667.56,505.13,44.98,148.12,-0.46,32.81,42.45,55.07,15.63,-21938.31,23.13,161.20,43.26,,301.57,946056.00,961614.00,1038993.00,2.52,0.18,22.94,15.63
Tatva Chintan,543321,TATVA,INE0GK401011,Chemicals & Petrochemicals,Specialty Chemicals,1606.40,3757.70,96.71,2977.80,1329.63,12.64,120.37,72.02,16.98,155.34,6.65,10.32,54.84,18.77,15.17,9.92,0.00,71.73,172.97,40.03,556.05,41.09,42.96,15.98,52.39,7.14,5.53,631.70,10.16,7.43,31.49,24.67,1326.84,32.94,8.03,47.04,14.10,-6.51,8.79,758.37,4.00,349.51,34.15,4.81,167.06,64921.00,66842.00,76792.00,3.93,3.11,20.94,8.79
TBO Tek,544174,TBOTEK,INE673O01025,Leisure Services,"Tour, Travel Related Services",1706.50,18530.51,426.93,2001.00,1432.06,3.30,756.14,44.40,83.36,47.12,56.66,60.10,38.70,99.41,53.69,67.55,0.00,68.88,1013.66,78.62,3091.98,68.93,81.07,83.36,269.02,18.33,17.37,25.18,9.00,7.97,-20.77,288.80,1429.30,148.26,9.15,63.24,1285.06,6.04,1277.77,1539.80,263.16,7358.62,37.13,11.95,925.78,37774.00,37625.00,36588.00,28.93,21.09,4.02,1277.77
TCC Concept,512038,TCC,INE887D01016,Retailing,Internet & Catalogue Retail,235.15,1117.62,124.36,798.00,375.84,65.82,291.05,45.69,12.27,30.25,9.42,29.17,-59.17,21.64,14.01,10.43,0.00,16.98,117.76,337.29,285.56,205.31,480.19,12.65,65.82,5.65,5.35,42.81,9.86,,112.87,23.18,377.25,65.15,4.42,26.27,62.27,-3.47,79.58,1594.69,0.00,213.70,8.61,0.68,128.28,3907.00,3746.00,3425.00,2.63,2.26,49.42,79.58
TCI Express,540212,TCIEXP,INE586V01016,Transport Services,Logistics Solution Provider,549.85,2113.85,145.21,2572.00,568.78,29.51,30.19,69.46,22.38,6.37,21.04,20.77,7.75,28.04,22.88,25.15,0.00,23.18,328.61,6.51,1261.36,4.93,8.79,22.38,91.18,14.63,11.12,2.78,7.17,1.34,103.80,117.53,568.97,35.94,7.29,49.65,14.09,8.32,15.39,821.14,158.84,294.08,14.23,2.55,311.95,48357.00,48018.00,51187.00,0.79,8.86,20.87,15.39
TCPL Packaging,523301,TCPLPACK,INE822C01015,Industrial Products,Packaging,3877.10,3528.16,310.34,4909.55,3070.08,12.47,598.77,55.73,37.63,65.55,22.73,22.35,77.75,40.62,24.95,28.33,0.00,29.19,473.60,8.20,1800.65,4.98,15.75,37.63,120.85,17.88,15.47,-8.48,7.94,1.68,267.01,140.12,3061.97,76.92,44.64,57.48,19.72,4.38,19.06,710.97,60.30,742.68,12.81,4.90,473.97,15413.00,15717.00,16835.00,1.01,13.69,29.34,19.06
TCS,532540,TCS,INE467B01029,IT - Software,Computers - Software & Consulting,2270.00,821305.87,76450.00,4592.25,2574.83,32.24,11283.00,71.77,13838.61,8.45,12760.00,13718.00,-2.64,17538.28,10720.00,12131.00,0.00,15.30,72259.26,9.82,275859.00,7.70,13.93,13420.00,53690.47,63.03,51.81,8.97,19.25,1.45,52094.00,48908.00,2577.90,19283.05,48.22,44.88,15463.00,39.92,12908.00,106878.00,33988.00,101935.00,10.46,7.66,72275.00,2605182.00,2450090.00,2164289.00,9.07,13.41,5.69,12908.00
TD Power Systems,533553,TDPOWERSYS,INE419M01035,Electrical Equipment,Heavy Electrical Equipment,727.80,22740.61,356.77,798.85,512.45,8.89,18.11,26.87,86.29,72.34,50.07,72.19,19.53,125.06,56.32,60.19,0.00,82.70,733.45,62.10,2124.39,54.29,72.10,86.29,274.99,34.02,24.72,45.27,13.48,25.84,129.07,39.52,510.29,134.37,4.00,58.82,198.95,1.44,198.59,1040.52,0.01,1548.19,56.05,21.21,640.05,134081.00,115089.00,107425.00,26.18,23.88,23.07,198.59
Team Lease Serv.,539658,TEAMLEASE,INE985S01024,Commercial Services & Supplies,Diversified Commercial Services,1248.80,1908.34,226.57,5550.00,1437.42,35.77,116.27,33.29,34.87,31.39,26.54,43.91,-25.19,20.49,42.48,27.84,1.65,12.47,3153.99,4.02,11981.87,4.49,4.96,34.45,153.00,15.36,14.84,33.61,1.14,1.19,301.80,104.38,1439.32,38.94,13.41,39.99,178.58,13.34,301.84,1026.53,203.05,1912.50,7.29,2.01,3034.69,29208.00,27149.00,26303.00,8.05,44.25,14.37,301.84
Tech Mahindra,532755,TECHM,INE669C01036,IT - Software,Computers - Software & Consulting,1571.00,153971.32,9056.90,1854.00,1513.39,15.26,2186.20,34.96,1465.10,28.45,1140.60,1353.80,9.58,1990.76,1118.60,1201.70,0.00,28.94,15845.37,13.22,59176.10,10.95,17.68,1486.30,5320.57,23.12,17.53,17.18,9.46,2.11,6172.00,5785.70,1512.81,2617.40,20.02,44.63,4542.20,17.79,5105.40,29172.60,3425.70,24239.20,15.83,5.20,15711.90,744161.00,738055.00,748176.00,18.66,36.92,9.28,5105.40
Techno Elec.Engg,542141,TECHNOE,INE285K01026,Construction,Civil Construction,1004.25,11679.38,645.81,1824.95,1116.53,36.24,21.13,56.93,96.16,-2.03,98.15,143.44,-32.96,140.02,151.78,123.40,0.00,22.69,1098.60,31.00,3380.41,35.12,24.90,96.16,514.78,15.95,12.97,20.89,14.99,21.52,-574.91,837.28,1117.66,150.68,12.04,49.33,125.38,-0.97,127.24,4180.93,2890.40,4593.82,18.11,2.78,641.64,117238.00,111216.00,89544.00,8.08,21.61,13.39,127.24
Technocraf.Inds.,532804,TIIL,INE545H01011,Industrial Products,Iron & Steel Products,3386.60,7678.37,569.70,3939.00,2550.84,5.06,819.09,74.74,133.69,68.38,79.40,76.08,77.19,109.71,53.83,79.17,0.00,22.61,862.22,14.66,2931.10,12.39,27.20,137.75,339.60,16.10,15.04,33.10,17.11,2.87,243.48,276.29,2542.44,160.82,46.96,73.47,173.03,2.58,195.31,1999.57,467.86,1912.62,13.03,3.80,804.97,46501.00,47364.00,56049.00,0.40,7.18,17.66,195.31
Technocraft Ven.,544864,TECHNOCRAF,INE1D0W01018,Other Utilities,Water Supply & Management,343.69,1361.23,72.91,349.60,312.33,1.69,89.76,70.01,,,,,,,,,0.00,31.42,,,345.00,23.41,,,43.32,30.79,30.58,53.62,,,28.70,21.68,312.02,,,,14.04,6.30,45.10,133.27,0.21,279.45,19.28,,,61283.00,,,6.49,8.34,15.17,45.10
Technvision Ven.,501421,TECHNVISN,INE314H01012,IT - Software,Software Products,5129.20,3221.14,7.46,8123.90,5220.27,36.86,19.80,74.32,2.82,9300.00,0.03,-4.24,166.51,1.73,3.71,0.71,0.00,1073.71,95.02,33.39,286.30,23.39,29.95,2.82,3.00,12.87,1.93,248.51,3.83,25.95,8.17,16.36,5221.18,3.27,2.75,56.36,50.75,-12.12,30.79,-0.75,0.00,135.50,310.76,214.43,73.58,1159.00,1112.00,1482.00,0.00,0.00,25.68,30.79
Tega Inds.,543413,TEGA,INE011K01018,Industrial Manufacturing,Industrial Products,1652.10,12411.85,318.83,2328.90,1708.39,22.44,398.40,67.51,-108.25,-406.31,35.34,42.67,-353.69,-36.23,19.71,44.94,0.00,,1513.94,273.49,3059.28,84.88,383.99,-108.25,-0.93,8.09,5.94,-100.47,-6.28,5.02,350.34,195.03,1708.96,158.49,-4.82,48.64,121.16,7.97,2122.47,3332.05,226.93,3400.92,33.38,3.64,1723.44,53397.00,53867.00,53229.00,2.80,18.68,11.02,2122.47
Tejas Cargo,,TEJASCARGO,INE17WC01013,Transport Services,Logistics Solution Provider,398.00,950.94,117.13,435.85,305.31,8.68,220.22,74.71,8.32,-19.92,10.39,12.55,-33.71,,,,0.00,45.54,,,628.33,25.38,31.48,8.32,20.88,12.13,11.40,9.21,2.55,2.08,59.03,63.49,304.38,,,56.16,41.84,-14.76,18.77,169.30,29.74,200.71,9.84,4.92,326.84,206.00,233.00,478.00,12.13,0.00,13.17,18.77
Tejas Networks,540595,TEJASNET,INE010J01012,Telecom -  Equipment & Accessories,Telecom -  Equipment & Accessories,505.05,8988.58,-648.40,1495.10,522.77,21.67,4177.08,53.33,-202.24,-4.32,-193.87,-211.34,4.31,-328.71,-196.55,-307.13,0.00,,261.11,-0.27,1303.46,-82.76,99.11,-202.24,-917.26,-14.64,-26.82,-623.61,-50.29,-1.29,135.17,-491.49,522.95,-160.16,-18.47,41.17,339.64,-20.13,139.91,2749.86,364.89,6532.68,-21.22,3.06,402.16,344573.00,380284.00,345757.00,5.82,4.04,36.68,139.91
Tembo Global,,TEMBO,INE869Y01028,Industrial Products,Iron & Steel Products,58.40,1083.04,161.14,90.50,57.69,30.23,385.82,39.04,30.05,57.99,19.02,26.91,3.79,36.83,26.14,21.93,40.65,10.58,319.78,30.30,1144.42,34.06,21.86,31.21,102.36,22.84,27.53,58.53,10.32,-2.98,-90.22,-77.43,57.68,46.61,1.91,49.85,2.39,-16.47,124.77,433.73,30.98,1088.39,7.37,2.40,302.35,18491.00,17469.00,17965.00,8.25,1.56,51.15,124.77
Tempsens Instruments,,,INE1KZI01025,,,,3069.98,113.44,,,,77.95,,,,,,,,,,,45.99,,,444.88,17.53,,,66.75,17.84,14.39,9.77,,7.28,42.02,54.15,,,,,71.38,3.81,34.24,465.16,39.81,263.40,27.45,,,,,,,,,34.24
Tenneco Clean,544612,TENNIND,INE19RI01016,Auto Components,Auto Components & Equipments,539.60,21778.49,984.32,657.00,550.39,17.87,51.50,74.79,165.04,-1.66,167.82,166.58,-0.93,210.43,118.81,150.68,0.00,35.12,1501.23,17.22,5663.10,15.45,20.16,165.24,620.17,60.76,44.41,8.81,10.70,,1429.48,562.39,550.50,248.86,5.21,43.24,286.23,51.68,571.44,793.80,0.33,1727.70,21.69,18.19,1544.75,138042.00,136462.00,,9.69,11.45,4.09,571.44
Texmaco Infrast.,505400,TEXINFRA,INE435C01024,Commercial Services & Supplies,Diversified Commercial Services,110.13,1403.35,19.16,160.00,103.74,6.75,28.05,66.55,1.50,-55.49,3.37,0.61,134.78,-3.11,1.07,6.01,0.00,154.72,5.57,6.68,17.02,5.45,-10.86,1.62,9.07,1.35,0.91,315.95,44.88,2.84,15.70,184.37,103.68,-1.77,-0.23,48.04,3.28,4.30,3.03,1053.98,1108.11,89.79,80.25,1.32,3.61,35028.00,36089.00,41339.00,1.71,2.26,29.49,3.03
Texmaco Rail,533326,TEXRAIL,INE621L01012,Industrial Manufacturing,Railway Wagons,109.04,4436.45,450.08,296.60,116.37,28.73,894.71,48.34,50.04,66.86,29.99,57.75,-13.71,55.21,42.27,63.92,0.00,20.43,1065.97,-15.27,4223.35,-14.32,-16.90,50.08,217.14,11.38,7.63,-1.00,6.62,5.28,362.67,-46.58,116.44,93.14,1.36,52.15,210.53,-3.48,232.02,2333.45,372.74,3666.05,11.46,1.87,756.68,383307.00,376192.00,390700.00,5.01,5.13,41.52,232.02
TGV Sraac,507753,TGVSL,INE284B01028,Chemicals & Petrochemicals,Commodity Chemicals,105.42,1128.94,366.16,182.00,104.21,22.20,356.13,64.27,45.46,17.20,38.79,28.03,62.27,48.35,28.10,37.05,0.00,8.14,536.95,7.40,2002.38,7.60,10.62,45.42,138.72,12.67,10.67,18.18,8.37,0.35,337.98,195.23,104.20,97.17,4.51,49.51,96.15,-0.39,68.08,1190.19,35.37,570.03,3.83,0.87,543.08,50267.00,51649.00,55830.00,0.12,0.07,35.54,68.08
Thangamayil Jew.,533158,THANGAMAYL,INE085J01014,Consumer Durables,"Gems, Jewellery And Watches",5495.50,17081.12,579.12,7430.00,4404.70,26.04,913.21,61.61,85.09,86.15,45.71,142.66,-40.35,165.96,104.78,58.51,0.00,43.49,3226.02,88.56,9622.28,83.21,71.16,85.09,392.75,25.49,28.07,264.16,3.19,42.68,322.33,-423.97,4393.74,199.63,53.39,47.68,241.79,0.95,381.23,1384.92,0.00,3494.35,27.66,12.06,2666.38,51026.00,48097.00,48996.00,5.54,16.43,16.43,381.23
The Anup Enginee,542460,ANUP,INE294Z01018,Industrial Manufacturing,Industrial Products,1786.20,3578.02,179.61,3859.40,2079.81,30.66,109.89,40.92,0.57,-97.83,26.26,26.54,-97.85,25.44,25.53,32.05,0.00,41.68,225.72,-2.82,772.31,1.38,-28.52,0.57,85.84,21.00,17.10,-28.79,0.46,,2.16,-7.15,2082.76,36.36,12.70,28.74,15.68,,12.61,670.98,0.00,564.47,25.42,5.18,125.25,98401.00,99220.00,98011.00,2.88,16.52,39.67,12.61
The Bombay Burmah,501425,BBTC,INE050A01025,Food Products,Packaged Foods,1426.20,9950.87,3744.70,2975.00,1614.83,33.20,1590.43,74.04,282.76,17.47,240.70,400.14,-25.38,809.42,654.82,565.97,0.00,8.03,5299.29,7.21,19915.40,6.63,8.00,582.67,1238.93,32.98,18.66,9.81,11.24,0.38,2418.61,2239.13,1616.72,931.33,57.37,33.13,542.80,19.26,842.81,7028.03,6751.42,3712.56,2.79,1.41,5088.69,48630.00,46776.00,44823.00,9.46,1.04,15.46,842.81
The Hi-Tech Gear,522073,HITECHGEAR,INE127B01011,Auto Components,Auto Components & Equipments,541.00,1018.16,115.32,1280.45,626.13,39.72,182.53,56.12,4.76,-20.67,6.00,8.11,-41.31,5.80,0.86,6.01,0.00,51.58,258.99,7.58,930.57,5.52,10.27,4.76,19.74,6.90,4.13,-38.56,2.00,0.88,86.08,149.04,626.99,28.73,3.08,35.95,35.74,20.83,35.15,503.83,0.68,382.07,10.37,1.95,237.69,9484.00,9571.00,10551.00,0.00,0.00,43.86,35.15
The Invest.Trust,530023,THEINVEST,INE924D01017,Finance,Other Financial Services,96.34,503.30,92.17,410.00,108.80,39.52,55.93,72.12,12.40,35.52,9.15,6.14,103.28,4.89,12.80,5.61,0.00,15.44,64.58,-18.31,273.80,-22.28,-15.32,12.38,32.59,8.54,4.08,-17.06,20.86,-3.23,-182.79,125.36,108.93,10.84,0.94,45.79,390.23,-9.73,229.62,683.36,356.02,593.20,3.85,0.68,59.36,6859.00,6721.00,7014.00,6.55,0.00,21.34,229.62
The Ramco Cement,500260,RAMCOCEM,INE331A01037,Cement & Cement Products,Cement & Cement Products,940.65,22226.84,1478.02,1214.50,963.45,22.55,3871.10,42.55,21.54,-74.66,85.03,87.93,-79.27,71.25,385.63,77.88,3.43,116.63,2434.24,8.73,9227.79,8.58,9.60,31.24,190.58,6.13,0.38,38.18,0.95,1.19,1611.06,1398.78,963.68,364.92,3.01,57.58,209.15,4.59,227.29,8069.88,59.94,2387.13,18.65,2.75,2273.05,53616.00,52680.00,56972.00,7.52,29.50,17.04,227.29
Thejo Engg.,,THEJO,INE121N01019,Industrial Manufacturing,Industrial Products,2043.90,2217.12,89.67,3707.90,1833.56,10.61,40.84,53.61,16.17,71.66,9.42,15.84,-8.14,19.63,8.39,14.11,0.00,38.33,189.01,23.45,674.14,20.86,31.02,15.24,57.85,19.40,15.71,16.37,8.58,3.56,38.94,72.70,1831.44,25.69,18.10,50.52,77.95,5.84,66.52,343.57,0.00,359.42,22.19,6.26,177.61,8000.00,7909.00,8045.00,0.85,3.38,42.17,66.52
Themis Medicare,530199,THEMISMED,INE083B01024,Pharmaceuticals & Biotechnology,Pharmaceuticals,126.26,1162.86,23.81,317.00,108.05,14.69,100.09,67.10,-54.36,-282.28,-14.22,8.89,176.83,-21.34,10.09,-3.62,43.39,,72.81,-6.64,331.61,-12.76,-10.88,24.61,-38.16,2.74,0.41,-320.73,-62.51,4.47,-3.27,34.71,107.87,-16.11,-2.32,66.35,12.84,1.14,9.15,389.37,108.84,304.98,-78.41,2.92,86.96,21267.00,21818.00,19335.00,0.01,0.01,32.87,9.15
Thermax,500411,THERMAX,INE152A01029,Electrical Equipment,Heavy Electrical Equipment,3968.50,47287.18,1224.46,5839.95,3955.19,24.81,2352.53,61.99,25.24,-83.44,152.38,242.48,-91.08,76.92,205.01,119.40,0.00,85.92,2655.09,7.32,10839.35,4.74,6.73,21.79,550.37,13.94,10.55,-17.98,0.95,7.13,541.55,1079.79,3955.06,167.18,6.46,37.34,1147.04,-3.16,1190.66,5527.44,1783.52,5832.06,42.51,8.52,2302.73,91857.00,89964.00,62986.00,11.46,15.22,5.88,1190.66
Thirumalai Chem.,500412,TIRUMALCHM,INE338A01024,Chemicals & Petrochemicals,Commodity Chemicals,160.97,1940.54,-16.88,395.00,198.13,51.04,2174.71,37.13,-43.67,27.17,-59.96,-20.02,-55.96,-67.04,-46.57,-33.38,0.00,,455.15,2.20,1832.14,-5.80,21.47,-43.67,-143.64,-3.15,-11.80,-29.23,-7.99,1.56,-130.73,-65.88,198.51,7.53,-5.56,48.22,357.35,-19.76,262.03,1551.54,154.22,798.02,87.67,1.24,546.67,57101.00,56739.00,59356.00,1.46,10.07,51.34,262.03
Thomas Cook (I),500413,THOMASCOOK,INE332A01027,Leisure Services,"Tour, Travel Related Services",110.71,5207.58,588.06,264.00,115.60,39.02,539.37,64.77,72.04,-0.01,72.05,39.51,107.66,30.20,45.49,70.75,0.00,23.15,1930.63,-6.91,8082.10,-4.26,-13.13,63.71,224.99,14.87,9.21,-12.01,3.05,0.77,643.04,717.24,115.65,93.52,0.64,58.03,1003.56,22.03,1093.80,2499.30,286.65,3480.75,8.14,2.05,2091.89,111875.00,109061.00,117383.00,6.18,6.53,21.49,1093.80
Thyrocare Tech.,539871,THYROCARE,INE594H01019,Healthcare Services,Healthcare Service Provider,605.20,9632.68,272.36,662.00,481.86,8.58,50.69,60.92,52.19,34.06,38.93,47.12,5.40,65.25,28.05,47.81,100.00,53.30,263.27,21.58,876.03,21.09,24.34,51.33,180.74,35.38,28.40,69.85,21.39,4.73,213.23,191.32,480.62,85.08,4.10,55.22,54.48,24.88,68.16,426.33,176.64,220.79,32.06,16.45,240.02,73064.00,73377.00,54566.00,5.43,20.92,12.71,68.16
TIL,505196,TIL,INE806C01018,"Agricultural, Commercial & Construction Vehicles",Construction Vehicles,242.80,1996.96,19.83,427.57,229.99,33.66,382.38,61.30,-5.04,18.97,-6.22,-4.39,52.36,-11.36,-6.85,-7.73,0.00,,111.17,42.04,377.47,21.29,86.19,-4.75,-24.01,2.90,-25.95,-943.91,-3.71,-2.47,-88.44,-130.67,229.86,4.28,-1.38,55.68,7.98,-21.57,16.67,40.67,4.55,464.95,92.58,18.02,117.13,14873.00,10944.00,10685.00,2.88,3.05,32.77,16.67
Tilaknagar Inds.,507205,TI,INE133E01013,Beverages,Breweries & Distilleries,560.90,13880.81,445.32,594.55,454.95,5.66,2301.21,31.67,61.71,-30.28,88.51,47.63,311.87,50.37,-105.41,52.68,12.40,61.41,938.56,135.69,3016.36,100.02,155.67,31.59,226.03,11.78,13.09,-18.70,5.90,-615.56,-444.59,178.42,453.89,149.88,2.04,66.26,102.83,-39.66,360.40,2734.54,32.32,2190.43,30.42,4.65,1046.03,129086.00,131914.00,122619.00,16.88,6.28,45.16,360.40
Time Technoplast,532856,TIMETECHNO,INE508G01029,Industrial Products,Plastic Products - Industrial,185.30,9147.06,901.33,256.78,190.09,25.63,733.45,47.57,116.22,22.21,95.10,131.84,-12.25,182.73,128.52,117.23,0.00,18.67,1783.94,18.06,6445.26,15.51,25.14,117.86,489.84,16.71,13.43,21.33,6.96,2.11,233.24,430.52,190.13,252.61,3.65,38.13,177.87,3.01,579.52,4038.94,5.84,3791.99,9.99,2.24,1692.71,140298.00,136962.00,137345.00,8.54,17.56,26.33,579.52
Timex Group,500414,TIMEX,INE064A01026,Consumer Durables,"Gems, Jewellery And Watches",629.00,6349.76,116.30,647.80,413.69,2.90,71.41,51.00,25.02,70.55,14.67,28.84,-8.49,51.85,3.20,30.23,0.00,71.17,352.98,44.86,848.55,41.81,29.57,25.02,89.22,82.85,157.63,104.35,11.43,22.58,90.99,-3.15,411.52,54.78,5.14,68.90,0.02,28.41,33.97,65.29,0.00,313.85,49.14,84.23,218.90,63477.00,59586.00,47812.00,2.50,1.37,45.11,33.97
Timken India,522113,TIMKEN,INE325A01013,Industrial Products,Abrasives & Bearings,3098.70,23308.03,639.86,4817.90,3280.96,21.05,14.56,51.05,115.13,10.47,104.22,154.79,-25.62,127.19,49.85,89.47,0.00,56.95,876.89,13.44,3539.60,11.56,14.87,115.13,409.24,18.26,13.69,-10.12,12.39,6.06,437.43,387.30,3282.79,157.61,16.91,38.46,397.48,2.67,224.44,2898.29,180.26,1940.84,34.48,7.84,929.09,69808.00,71023.00,77827.00,7.32,30.26,11.33,224.44
Tinna Rubber,530475,TINNARUBR,INE015C01016,Industrial Products,Rubber,1016.40,1831.12,95.14,2179.20,892.24,23.12,129.14,67.21,20.57,75.21,11.74,16.53,24.44,20.59,12.81,11.77,0.00,29.69,140.75,17.76,571.71,14.43,19.89,20.57,61.68,22.31,22.09,38.20,13.17,3.61,57.49,35.88,890.99,26.92,11.43,43.52,3.85,-8.36,3.78,282.41,34.03,188.43,18.06,6.10,156.18,42896.00,43012.00,43649.00,0.49,4.18,27.82,3.78
TIPCO Engineering,544740,,INE1U6D01014,Industrial Manufacturing,Industrial Products,248.45,515.97,38.90,248.85,137.18,0.16,40.68,57.79,16.73,156.99,6.51,8.58,94.99,,,,0.00,20.39,,,145.28,9.12,65.51,16.73,25.31,36.23,37.95,63.29,17.62,,16.30,16.30,136.06,,,85.12,1.43,-13.69,60.23,79.53,0.00,162.51,12.76,,94.97,472.00,,,1.63,22.16,18.42,60.23
Tips Music,532375,TIPSMUSIC,INE716B01029,Entertainment,Media & Entertainment,650.25,8312.25,285.66,950.00,620.26,12.25,5.10,64.15,43.70,-4.67,45.84,59.06,-26.01,72.28,58.66,53.19,0.00,38.73,110.32,23.64,393.95,21.28,20.94,43.70,214.61,118.47,87.56,27.11,41.03,5.03,196.99,120.23,619.96,73.35,5.65,45.02,41.21,75.28,8.01,247.17,149.88,152.38,28.48,31.98,106.51,62003.00,62106.00,70726.00,7.99,5.36,22.49,8.01
Tirupati Forge,,TIRUPATIFL,INE319Y01024,Industrial Products,Castings & Forgings,69.65,905.73,19.33,83.90,50.76,16.98,41.54,49.42,1.22,-13.48,1.41,1.52,-19.74,1.88,2.02,1.34,0.00,148.48,57.44,44.78,168.28,42.34,17.96,1.22,6.10,7.53,5.24,-8.41,3.20,9.54,16.09,5.85,50.57,5.64,0.14,53.55,33.13,-20.98,6.56,108.07,0.00,73.25,47.68,6.61,38.10,59423.00,59422.00,66427.00,0.76,0.00,49.82,6.56
Titagarh Rail,532966,TITAGARH,INE615H01020,Industrial Manufacturing,Railway Wagons,825.40,11115.97,379.29,1896.95,823.07,14.99,623.12,40.46,52.60,67.47,31.41,52.02,-1.72,54.95,45.28,37.00,0.06,57.24,771.79,-3.41,3271.59,-10.22,12.63,52.58,194.19,10.60,6.47,3.05,6.88,10.94,322.43,-97.41,823.04,83.02,4.08,44.91,467.40,-4.85,317.19,2428.83,279.10,2183.87,28.96,4.53,765.07,524155.00,559860.00,617505.00,10.87,15.38,33.28,317.19
Titan Biotech,524717,,INE150C01029,Chemicals & Petrochemicals,Specialty Chemicals,378.75,1564.94,44.01,555.65,347.60,31.84,5.71,55.78,10.86,58.31,6.86,6.73,61.37,12.18,8.53,7.76,0.00,46.19,73.59,35.40,218.86,36.92,27.25,10.86,33.88,22.76,17.85,54.00,18.35,5.45,30.42,20.12,347.29,14.15,2.95,34.50,5.56,8.76,1.87,173.28,60.36,85.24,32.11,8.62,59.17,18671.00,17457.00,16328.00,0.00,0.01,44.21,1.87
Titan Company,500114,TITAN,INE280A01028,Consumer Durables,"Gems, Jewellery And Watches",5100.00,452770.94,8910.00,5168.55,4310.72,1.33,30621.00,52.90,1777.00,62.88,1091.00,1141.03,50.72,2467.84,1684.00,1120.00,0.00,77.58,28048.09,49.79,92417.00,45.05,29.25,1777.00,5836.01,20.54,37.69,57.18,8.32,24.51,5590.00,-541.00,4302.78,3103.21,27.80,67.14,1584.00,4.00,1917.00,15614.00,3506.00,48532.00,48.09,28.83,21356.00,733428.00,735599.00,792131.00,15.39,15.15,16.31,1917.00
Torrent Pharma.,500420,TORNTPHARM,INE685A01028,Pharmaceuticals & Biotechnology,Pharmaceuticals,4890.00,185999.88,4416.28,5250.00,4352.99,6.86,15025.50,60.78,579.72,5.79,548.00,409.29,55.49,817.58,635.00,591.00,0.00,83.36,4687.33,41.95,15723.00,32.85,54.85,566.00,2231.18,15.19,27.43,10.49,11.78,5.70,3022.71,2585.11,4347.59,1553.18,21.49,48.30,579.46,11.28,1165.20,8219.20,948.36,8526.15,39.02,19.73,4921.00,140599.00,83811.00,81856.00,17.97,12.77,8.39,1165.20
Torrent Power,532779,TORNTPOWER,INE813H01021,Power,Integrated Power Utilities,1258.40,63411.22,5759.53,2037.35,1410.46,31.01,13970.56,51.09,638.85,-12.66,731.44,318.20,99.66,795.89,654.74,741.55,0.00,27.29,8101.56,2.86,29184.09,4.09,2.75,661.85,2323.84,13.66,12.47,-15.43,8.15,1.20,5464.17,4804.91,1411.99,1547.32,15.25,30.20,380.00,-0.98,831.43,18571.43,1531.29,7732.23,12.99,3.32,8124.15,155488.00,160566.00,165738.00,8.53,22.69,9.37,831.43
Tour. Fin. Corp.,526650,TFCILTD,INE305A01023,Finance,Financial Institution,140.99,6527.52,249.45,143.74,79.51,1.91,1077.61,3.85,61.21,100.29,30.56,32.02,91.16,52.41,31.82,29.07,0.00,42.35,78.76,18.53,291.00,14.77,27.17,61.21,154.12,11.13,9.75,41.43,75.55,597.48,-46.28,55.34,78.89,70.05,1.13,86.65,142.00,0.21,67.62,1222.54,248.66,94.77,25.62,4.96,81.02,74382.00,76029.00,72945.00,5.46,0.00,90.69,67.62
TPL Plastech,526582,TPLPLASTEH,INE413G01022,Industrial Products,Packaging,77.60,605.30,48.39,136.35,72.31,14.09,18.92,74.86,6.54,19.56,5.47,8.06,-18.86,11.40,8.69,6.85,0.00,20.08,137.87,29.01,456.54,25.92,37.59,6.54,30.14,22.28,18.37,22.57,5.26,2.91,16.32,16.32,72.26,14.49,1.46,48.22,5.43,2.10,5.71,153.30,1.17,156.66,12.44,3.58,124.38,29037.00,29630.00,32903.00,0.47,0.04,24.63,5.71
TransIndia Real,543955,TREL,INE0O3901029,Transport Services,Logistics Solution Provider,26.39,648.39,65.48,60.50,26.81,23.22,0.00,71.36,11.48,12.33,10.22,9.73,16.43,5.56,10.86,8.80,0.00,16.95,20.64,2.46,84.63,0.71,4.25,11.48,38.25,3.81,2.94,21.01,52.54,0.81,43.26,85.17,26.82,10.39,0.23,53.66,44.31,3.91,1.49,1230.12,138.54,149.11,9.80,0.51,21.85,59273.00,60606.00,65250.00,5.85,1.34,21.46,1.49
Transpek Inds.,506687,TRANSPEK,INE687A01016,Chemicals & Petrochemicals,Commodity Chemicals,1379.60,770.59,118.99,2695.00,1171.53,9.24,74.43,57.28,8.93,-42.68,15.58,6.58,35.71,9.19,10.85,12.64,0.00,19.76,151.64,-5.39,618.03,-5.24,-2.06,8.93,39.00,8.37,6.14,-29.13,5.91,0.66,78.47,135.07,1169.44,22.30,16.44,65.60,101.48,8.62,115.15,761.86,316.50,336.53,6.86,1.00,151.06,13246.00,13243.00,13270.00,0.02,1.05,41.65,115.15
Transport Corp.,532349,TCI,INE688A01022,Transport Services,Logistics Solution Provider,903.15,6939.00,647.60,1309.00,981.61,27.46,312.40,68.66,105.70,-0.75,106.50,123.60,-14.38,98.30,115.80,113.50,0.00,15.20,1326.55,10.10,5026.00,9.59,9.58,106.60,456.60,19.45,19.22,6.68,8.54,1.52,444.39,359.19,982.39,140.88,12.69,43.29,84.90,1.24,113.25,2550.64,486.58,1398.89,10.85,2.70,1248.50,48535.00,48190.00,50827.00,3.04,12.69,15.61,113.25
Transrail Light,544317,TRANSRAILL,INE454P01035,Electrical Equipment,Heavy Electrical Equipment,462.25,6205.98,869.05,855.80,535.79,43.83,678.13,71.12,107.88,1.95,105.82,96.50,11.79,129.59,109.74,90.98,0.00,14.86,1730.31,10.85,6956.29,14.95,4.59,107.88,417.71,29.18,19.99,9.71,6.21,2.15,642.92,287.31,536.53,203.36,9.65,40.26,620.92,8.36,763.26,2254.44,1.34,6425.87,6.98,2.72,1736.03,155661.00,158376.00,127752.00,2.49,6.51,19.87,763.26
Travel Food,544443,TRAVELFOOD,INE103V01028,Leisure Services,Restaurants,1287.80,16957.68,809.77,1470.90,1252.36,12.45,244.79,86.19,126.73,38.10,91.77,120.80,5.02,94.72,136.85,97.90,0.00,35.63,413.74,16.25,1724.96,4.36,20.58,128.76,475.98,42.37,35.34,19.14,28.47,4.17,392.97,514.79,1252.00,155.94,7.08,39.80,37.53,23.22,59.36,1429.54,776.22,1341.42,20.05,11.75,452.22,52997.00,54057.00,,1.65,10.02,2.15,59.36
Trent,500251,TRENT,INE849A01020,Retailing,Speciality Retail,2908.20,155074.62,3839.30,5563.90,2938.91,23.12,2561.25,37.01,519.01,20.79,429.69,400.33,25.41,595.69,510.11,373.42,0.00,84.81,5658.31,17.45,20945.44,16.92,17.84,518.07,1828.53,28.34,27.74,15.45,9.00,9.80,2667.62,1660.90,2939.21,1043.29,11.17,41.78,339.84,10.24,283.00,6949.13,1384.91,3410.77,38.92,22.20,5754.71,520340.00,512623.00,421038.00,15.14,23.07,24.57,283.00
Trident,521064,TRIDENT,INE064C01022,Textiles & Apparels,Other Textile Products,24.44,12454.52,946.70,70.90,25.96,21.01,1828.53,73.68,158.09,12.95,139.96,101.98,55.02,131.42,44.24,90.93,0.00,31.51,1748.05,-2.19,6780.99,-2.45,4.68,158.09,395.24,9.79,7.91,-9.37,8.85,1.15,760.18,945.00,25.97,237.84,0.26,41.33,681.25,4.29,632.64,4261.82,258.09,2523.39,14.28,2.61,1786.83,1968758.00,2003394.00,2113910.00,3.18,0.25,22.89,632.64
Triton Valves,505978,TRITONV,INE440G01017,Auto Components,Auto Components & Equipments,1123.70,575.57,40.74,1393.62,947.55,15.57,131.83,46.11,9.79,535.71,1.54,3.60,171.94,4.85,2.64,1.94,0.00,29.53,166.22,26.30,630.29,21.86,38.50,9.79,19.49,11.41,8.99,285.18,5.25,6.14,18.14,-12.58,945.78,11.33,9.47,54.42,2.27,-0.45,3.54,127.03,0.96,217.11,15.89,4.49,186.60,6608.00,6249.00,6129.00,0.00,0.00,53.89,3.54
Triven.Engg.Ind.,532356,TRIVENI,INE256C01024,Agricultural Food & other Products,Sugar,285.76,6297.09,624.30,323.21,241.39,9.25,2161.01,60.58,3.65,155.14,-6.62,138.34,-97.82,35.55,77.78,21.38,0.00,24.05,1739.26,1.94,6172.99,3.98,2.11,3.65,261.85,9.02,8.68,27.55,0.23,6.21,187.92,-106.37,240.94,105.66,1.61,60.05,54.73,-4.09,70.34,3320.94,7.18,3926.24,14.57,1.87,1580.52,96867.00,95071.00,106714.00,7.69,7.64,24.10,70.34
Triveni Turbine,533655,TRITURBINE,INE152M01016,Electrical Equipment,Heavy Electrical Equipment,574.40,18260.09,501.60,885.00,582.46,27.09,35.86,55.84,51.10,-20.78,64.50,101.90,-49.85,98.67,91.70,91.40,0.00,52.60,613.67,21.23,2252.50,17.70,19.23,51.10,347.16,34.12,25.23,1.60,11.54,6.10,110.95,186.73,582.54,109.55,3.10,38.63,326.47,10.29,277.83,1414.23,304.18,1708.99,35.36,12.63,442.70,153675.00,158560.00,175934.00,20.58,15.99,7.60,277.83
TruAlt Bioenergy,544545,TRUALT,INE0MWH01014,Agricultural Food & other Products,Other Agricultural Products,442.20,3791.98,376.20,550.00,455.17,19.60,1651.51,70.55,57.15,1108.25,4.73,67.87,-13.90,-36.55,69.19,-37.94,36.85,24.24,173.82,51.33,2050.50,1.80,106.29,59.27,156.41,10.44,8.38,-9.56,9.45,,-295.63,342.03,455.30,20.02,-4.11,43.63,149.78,-12.54,89.77,1434.58,4.07,1474.68,11.40,2.49,626.88,62478.00,73790.00,,0.57,8.36,20.51,89.77
True Green,533407,,INE672K01025,Textiles & Apparels,Other Textile Products,235.65,776.64,61.03,255.00,144.42,7.59,340.33,61.27,21.85,5702.56,-0.39,28.67,-23.79,,2.19,0.86,57.50,14.50,,,504.25,1764.83,3141.74,21.85,53.57,13.89,22.80,4189.31,9.60,-5.73,-46.82,-31.14,143.50,,,70.03,3.14,-28.49,30.63,125.96,0.00,197.40,11.27,4.89,227.57,7353.00,7480.00,6892.00,25.15,0.08,13.50,30.63
Tsf Investments,,TSFINV,INE202Z01029,Finance,Investment Company,410.65,9120.70,218.27,701.50,431.08,41.46,234.61,54.99,122.24,-22.82,158.38,161.07,-23.92,224.44,104.73,102.87,0.00,18.73,1185.84,374.22,1111.68,282.57,70.92,124.95,486.86,3.38,8.23,5.81,40.89,5.09,266.25,188.28,431.28,249.87,9.89,37.47,15.92,3.25,141.56,5921.97,5780.76,537.42,37.66,1.51,305.58,37327.00,35782.00,37271.00,3.27,4.27,36.83,141.56
TTK Healthcare,507747,TTKHLTCARE,INE910C01018,Diversified,Diversified,1090.60,1541.05,98.33,1923.00,1006.39,13.10,24.37,74.57,21.28,63.69,13.00,19.18,-2.21,6.68,10.53,20.39,0.00,20.12,225.73,10.89,888.41,8.34,13.75,21.28,76.59,8.04,6.30,13.58,8.26,-62.39,-21.15,-3.98,1005.55,9.46,4.73,54.41,786.49,-1.00,633.47,1100.72,8.66,1217.90,8.53,1.38,257.56,22809.00,23686.00,16112.00,1.86,2.19,21.39,633.47
TTK Prestige,517506,TTKPRESTIG,INE690A01028,Consumer Durables,Household Appliances,610.15,8357.00,335.05,1269.60,590.37,21.05,173.53,70.52,54.31,103.94,26.63,37.98,63.44,73.43,31.78,63.20,0.00,40.38,1004.83,20.53,3178.12,16.15,33.57,58.97,206.95,12.10,8.97,37.86,6.63,2.91,209.73,157.24,590.17,104.21,5.36,50.02,583.13,7.29,616.53,1966.19,252.99,1716.10,20.61,4.22,813.85,85265.00,89284.00,89741.00,7.85,14.70,6.94,616.53
Tube Investments,540762,TIINDIA,INE974X01010,Auto Components,Auto Components & Equipments,2860.00,55361.68,2665.88,4810.80,2876.47,16.37,754.01,43.93,168.55,-15.25,198.87,86.60,25.62,407.37,278.97,302.05,0.01,88.33,6538.56,18.40,23753.70,17.62,17.07,293.96,626.73,17.14,9.95,-3.12,4.73,4.18,1161.01,1185.09,2876.64,616.75,12.07,49.95,2035.21,-1.24,1468.87,7732.05,1023.57,11276.26,20.34,7.14,6215.33,100623.00,106178.00,106311.00,22.35,21.01,12.26,1468.87
Turtlemint Fintech,544799,TURTLEMINT,INE0OC301013,Financial Technology (Fintech),Financial Technology (Fintech),146.86,4324.72,-119.39,158.50,134.49,7.34,18.50,13.21,-37.78,19.08,-46.69,3.14,-1303.18,,-62.24,,0.00,,,,1098.28,65.73,39.71,-37.78,-129.34,-35.65,-36.23,33.17,-12.85,-1.56,-182.21,-215.81,134.37,,,60.53,183.42,-56.55,125.04,299.82,0.00,342.75,-35.33,,294.08,52588.00,,,6.34,13.33,67.02,125.04
Tuticorin Alkali,506808,TUTIALKA,INE400A01014,Chemicals & Petrochemicals,Commodity Chemicals,58.88,717.37,67.74,117.00,58.48,27.28,120.00,75.00,6.73,-31.88,9.88,8.02,-16.08,7.22,9.15,9.56,0.00,21.44,86.80,8.51,342.32,9.25,5.99,6.73,33.46,21.99,22.74,-6.74,8.34,1.88,124.27,-7.63,58.48,14.20,0.59,53.52,0.58,-11.95,0.40,58.94,15.61,98.24,13.20,3.97,80.71,25961.00,26198.00,27084.00,1.37,0.00,23.62,0.40
TVS Elec.,532513,TVSELECT,INE236G01019,IT - Hardware,Computers Hardware & Equipments,443.15,826.49,24.92,740.85,460.16,40.18,53.67,59.78,-6.62,-86.48,-3.55,2.85,-332.28,-3.69,0.41,1.55,0.00,,139.70,9.57,464.50,11.68,9.61,-6.62,-1.07,5.75,1.71,82.43,-6.24,7.49,5.67,6.64,460.33,2.82,-1.98,35.31,5.79,-3.43,4.79,77.30,8.34,198.53,42.47,8.61,106.04,40751.00,41112.00,39680.00,0.34,0.03,39.85,4.79
TVS Holdings,520056,TVSHLTD,INE105A01035,Finance,Investment Company,13542.00,27398.32,9176.56,16297.00,13843.49,16.90,36156.34,74.45,610.25,81.87,335.55,424.11,35.62,1899.31,969.39,880.08,14.62,13.78,19322.18,32.81,62488.49,31.68,34.01,1173.58,1987.61,16.95,30.61,55.82,6.87,-5.91,1137.30,3534.91,13846.52,3064.46,488.92,30.22,5135.11,-1.69,5402.94,6455.61,1216.51,14659.73,5.84,4.23,17076.18,30197.00,30722.00,33799.00,3.25,9.79,12.50,5402.94
TVS Infra. Trust,,TVSINVIT,INE1JNC23012,Commercial Services & Supplies,Diversified Commercial Services,119.00,2346.68,136.49,119.00,105.20,0.00,1042.41,,17.74,,,7.88,213.43,,13.89,12.23,0.00,45.36,,,236.48,,,17.74,51.74,,1.80,,28.18,,125.90,,105.06,,,76.33,,,115.72,-11.42,40.73,175.80,17.61,1.25,62.95,,,,,,,115.72
TVS Motor Co.,532343,TVSMOTOR,INE494B01023,Automobiles,2/3 Wheelers,4464.00,212078.89,8354.68,4484.70,3656.61,0.46,32791.01,50.27,1019.43,67.11,610.04,771.52,29.05,1718.84,891.26,832.76,0.00,61.31,18517.07,31.78,60154.99,30.52,33.46,1057.61,3459.30,17.37,33.62,45.93,6.49,-45.53,1866.59,3502.92,3648.49,2730.89,34.87,69.00,4386.24,-2.12,4501.12,9516.74,1146.64,30949.43,26.61,22.17,16295.52,331196.00,324891.00,299644.00,20.45,21.12,8.12,4501.12
TVS Srichakra,509243,TVSSRICHAK,INE421C01016,Auto Components,Tyres & Rubber Products,5311.80,4068.84,293.96,5359.30,3966.87,0.89,767.45,45.70,34.77,2114.65,1.57,35.54,-5.74,32.66,11.18,10.96,0.00,39.72,1133.77,22.37,3891.55,18.56,30.29,34.02,102.44,7.54,5.89,364.93,3.26,1.88,296.99,197.33,3953.35,87.01,42.65,78.86,17.21,12.03,23.27,1182.52,414.49,1243.83,14.21,3.42,1067.61,23926.00,23894.00,26552.00,0.92,6.18,47.19,23.27
TVS Supply,543965,TVSSCS,INE395N01027,Transport Services,Logistics Solution Provider,132.16,5831.21,1010.25,258.00,124.11,9.79,2755.36,43.03,20.85,-84.26,132.45,21.11,22.44,12.74,11.19,16.31,31.87,82.28,3231.77,21.38,11745.88,16.89,28.66,22.48,70.87,10.06,9.70,-36.93,0.67,0.81,746.34,671.97,124.03,223.97,0.27,53.17,612.03,7.69,723.95,1989.35,280.48,3759.43,8.95,2.87,3335.22,119325.00,122833.00,123570.00,2.38,2.17,52.42,723.95
U P Hotels,509960,UPHOT,INE726E01014,Leisure Services,Hotels & Resorts,1320.00,712.80,49.44,2110.00,1479.81,31.96,0.23,88.38,2.70,-17.18,3.26,14.37,-81.21,1.56,16.60,-1.99,0.00,22.50,26.02,2.63,162.84,1.45,3.74,2.70,31.68,21.87,16.34,-6.02,9.02,1.72,75.77,36.38,1481.42,2.72,2.88,39.32,66.91,11.79,32.37,207.85,43.76,101.88,14.12,3.34,29.94,1224.00,1234.00,1208.00,0.00,0.00,11.61,32.37
UCO Bank,532505,UCOBANK,INE691A01018,Banks,Public Sector Bank,26.19,32841.10,20830.45,152.40,27.67,23.42,357182.97,90.95,656.32,8.05,607.44,801.15,-18.08,1499.51,739.51,619.76,0.00,11.66,6883.41,5.30,26841.34,5.35,8.70,656.32,2816.74,5.55,8.61,12.60,9.38,-45.56,-10584.18,1912.54,27.68,4656.98,1.20,51.15,10358.92,-0.79,10405.06,21488.91,97485.81,31033.28,17.10,0.97,6996.00,847182.00,849084.00,843992.00,0.06,4.30,4.68,9594.52
Uflex,500148,UFLEX,INE516A01017,Industrial Products,Packaging,650.45,4697.00,1983.42,859.90,474.38,0.96,10152.30,44.58,423.33,629.63,58.02,202.06,115.82,166.57,36.10,26.85,0.00,6.79,4569.18,19.24,16865.99,10.36,37.57,423.08,691.66,7.03,4.27,142.92,7.88,0.37,992.37,1134.95,472.61,607.72,23.07,81.39,1153.54,-4.80,1071.87,8050.21,116.45,8988.21,5.70,0.58,5366.03,43889.00,42767.00,44972.00,10.03,0.59,44.80,1071.87
Ugar Sugar Works,530363,UGARSUGAR,INE071E01023,Agricultural Food & other Products,Sugar,54.97,618.41,111.06,135.90,42.97,11.48,667.95,44.54,1.49,110.85,-13.73,45.76,-96.74,-5.01,13.76,-32.17,0.00,21.44,500.50,19.91,1605.80,17.18,34.11,1.49,28.84,9.00,6.05,258.90,0.31,0.48,43.73,21.31,42.85,24.90,-0.45,66.66,18.93,-6.81,15.75,222.43,5.08,915.05,9.53,2.65,477.88,72174.00,72687.00,62151.00,0.09,0.00,55.35,15.75
Ugro Capital,511742,UGROCAP,INE583D01011,Finance,Non Banking Financial Company (NBFC),87.05,1351.78,1131.49,352.61,118.23,54.81,9207.88,2.88,60.71,77.88,34.13,29.55,105.45,78.91,6.38,43.31,0.00,9.66,515.08,13.11,1769.65,16.54,0.82,60.71,139.95,10.12,4.64,-5.25,14.54,-0.08,-347.93,-2474.03,118.54,320.14,5.08,32.46,544.40,-14.18,1581.46,2691.89,1665.07,2223.41,7.66,0.48,417.41,38742.00,38788.00,42370.00,5.45,1.85,88.23,1581.46
Ujaas Energy,533644,UEL,INE899L01030,Power,Power Generation,171.74,2290.97,4.80,292.20,140.47,41.23,24.00,74.96,3.25,30.52,2.49,0.42,673.81,-1.55,0.16,0.10,0.00,582.94,4.06,-16.47,17.02,-26.92,14.34,3.25,3.93,3.89,3.12,-47.74,107.26,6.76,4.38,2.78,140.16,-1.38,-0.12,43.58,2.11,38.54,3.87,75.33,13.56,60.50,353.38,25.84,3.03,48601.00,49696.00,51663.00,0.00,0.00,25.04,3.87
Ujjivan Small,542904,UJJIVANSFB,INE551W01018,Banks,Other Bank,68.99,13442.98,4117.16,73.94,58.96,6.69,49404.34,0.00,316.54,206.67,103.22,281.97,12.26,319.95,185.72,121.72,0.00,14.84,1998.03,18.77,7337.51,14.72,25.08,316.54,905.95,7.73,10.75,71.50,15.63,0.59,1843.20,2028.20,58.86,879.66,1.64,47.98,3133.37,3.16,3109.67,4872.97,12724.25,4334.65,13.79,1.97,2024.92,767649.00,787997.00,984265.00,16.81,33.45,49.73,3109.67
Ultramarine Pig.,506685,ULTRAMAR,INE405A01021,Chemicals & Petrochemicals,Dyes And Pigments,432.75,1263.63,113.34,613.95,413.33,13.28,23.38,40.49,27.97,68.19,16.63,13.80,125.75,25.99,23.32,19.99,0.00,15.47,210.25,16.24,757.17,13.39,29.76,27.97,81.70,10.09,7.64,16.02,12.78,1.45,103.92,68.80,413.14,31.97,8.90,67.56,56.85,5.34,56.26,843.84,463.95,260.46,9.56,1.49,218.87,18494.00,18689.00,18804.00,1.42,0.64,57.45,56.26
UltraTech Cem.,532538,ULTRACEMCO,INE481G01011,Cement & Cement Products,Cement & Cement Products,11717.00,345275.58,17457.54,13110.00,11738.12,10.63,23755.09,59.33,2609.17,15.75,2254.24,2990.96,-13.21,2567.23,1729.44,1237.98,0.00,40.03,22782.09,16.19,91884.28,17.18,15.85,2603.72,8624.55,12.66,11.10,26.72,10.60,2.50,15315.86,10673.43,11738.34,4212.40,86.97,50.16,1673.32,3.14,1384.35,76328.86,6739.51,21366.13,20.26,4.51,24648.20,416693.00,409350.00,406118.00,12.36,19.69,8.42,1384.35
Uni Abex Alloy,504605,,INE361D01012,Industrial Products,Iron & Steel Products,4839.40,955.78,61.04,5750.00,3905.53,15.84,12.52,63.63,7.25,30.40,5.56,22.18,-97.19,10.89,5.47,11.20,0.00,20.73,65.55,17.51,220.63,17.18,4.72,7.25,46.10,19.25,16.95,44.60,17.67,3.02,25.28,34.71,3896.15,12.63,55.15,54.64,26.48,8.65,74.87,412.62,238.59,423.39,14.13,2.31,41.03,6037.00,5914.00,7214.00,0.01,0.02,36.35,74.87
Unichem Labs.,506690,UNICHEMLAB,INE351A01035,Pharmaceuticals & Biotechnology,Pharmaceuticals,530.30,3733.62,251.75,949.85,460.82,22.83,500.15,70.22,41.47,496.08,-10.47,18.09,280.11,24.60,264.29,-11.89,0.00,30.54,631.41,9.06,2307.87,7.13,20.13,41.47,122.24,4.13,3.17,-2.19,6.56,-4.47,3.64,-7.02,460.13,66.57,3.49,51.87,117.63,0.23,294.70,2703.36,0.02,2197.34,13.11,1.37,632.62,25347.00,23386.00,23010.00,0.90,10.46,18.41,294.70
Unicommerce,544227,UNIECOM,INE00U401027,IT - Software,Software Products,85.40,959.72,39.51,264.00,100.24,45.22,9.47,36.01,4.68,20.62,3.88,3.40,37.65,7.20,7.39,5.78,0.00,45.16,68.17,32.67,210.77,38.44,14.33,4.68,21.25,21.09,15.55,17.73,9.11,,47.00,27.96,100.39,10.06,0.64,46.75,2.58,17.24,6.75,181.73,31.19,74.70,25.90,4.97,51.37,97663.00,98355.00,108562.00,0.02,2.38,61.60,6.75
Unified Data,544406,,INE1ABX01018,IT - Services,IT Enabled Services,363.95,731.18,54.09,495.00,369.18,26.47,0.00,60.39,23.48,94.05,12.10,17.27,35.96,,,,0.00,17.94,,,288.00,30.75,21.47,23.48,40.75,45.25,34.46,38.14,16.90,3.34,2.09,49.41,369.23,,,44.01,1.23,16.97,2.37,118.55,123.98,173.75,13.47,5.27,138.97,2979.00,3015.00,,0.57,5.89,33.15,2.37
Unihealth Hosp,,UNIHEALTH,INE0PRF01011,Healthcare Services,Hospital,707.50,1124.92,58.50,820.00,480.87,13.72,32.74,69.53,10.72,18.98,9.01,15.11,-40.31,,,,0.00,43.88,,,131.99,33.23,17.06,17.09,25.64,24.48,21.46,81.44,26.16,18.62,5.69,3.31,478.59,,,46.53,15.61,-6.11,10.45,121.91,0.46,155.87,19.61,8.07,65.32,1162.00,1058.00,985.00,0.00,0.48,29.99,10.45
Unimech Aero.,544322,UNIMECH,INE0U3I01011,Aerospace & Defense,Aerospace & Defense,1500.20,7636.32,116.42,1555.00,1106.57,3.52,126.73,79.82,27.86,45.71,19.12,26.10,6.74,10.10,2.39,15.67,0.00,106.03,87.26,40.79,285.12,15.57,70.85,27.86,72.02,11.15,7.96,-12.11,25.89,15.93,60.56,81.41,1102.62,26.93,1.98,66.24,142.52,-0.62,123.39,711.96,479.55,227.42,55.58,10.35,107.62,73718.00,75769.00,74641.00,0.43,5.60,14.16,123.39
Union Bank (I),532477,UNIONBANK,INE692A01016,Banks,Public Sector Bank,187.52,143145.37,94958.67,426.95,167.90,8.74,1359639.02,74.76,5641.52,27.41,4427.94,5503.61,2.51,5857.11,5072.69,4425.95,0.00,6.93,25956.09,-0.95,107127.36,-1.33,1.21,5641.52,20643.77,6.30,15.70,9.73,20.57,0.93,-357.98,-203.87,167.70,17585.21,7.67,63.24,89508.50,0.40,66476.64,131892.86,346737.69,128396.57,15.38,1.03,27427.10,915787.00,907910.00,961173.00,8.63,11.97,4.64,43255.93
Uniparts India,543689,UNIPARTS,INE244O01017,Auto Components,Auto Components & Equipments,806.20,3640.88,264.80,844.90,587.40,4.58,154.69,65.87,56.61,64.28,34.46,51.15,10.67,62.60,33.32,39.39,0.00,19.90,358.51,29.51,1244.14,27.45,26.94,56.61,182.98,21.60,18.31,87.52,16.30,1.63,173.64,181.99,585.20,79.54,13.86,58.05,33.07,15.28,47.27,825.30,205.04,868.06,12.63,4.18,347.38,66920.00,74368.00,80487.00,3.38,4.94,25.71,47.27
Uniphos Enter.,500429,UNIENTER,INE037A01022,Chemicals & Petrochemicals,Trading - Chemicals,95.08,661.28,21.51,196.00,113.92,41.31,0.00,73.79,-1.19,-60.81,-0.74,-0.70,-70.00,,-1.01,23.16,0.00,32.64,0.00,-64.14,26.14,-77.14,-100.00,-1.19,20.26,0.80,0.80,6431.25,,-25.10,-3.40,-2.72,114.10,,,39.12,16.07,-0.12,15.83,2432.86,2372.40,42.06,30.68,0.27,0.00,12317.00,12356.00,12987.00,15.82,0.00,10.39,15.83
Unitech,507878,UNITECH,INE694A01020,Realty,"Residential, Commercial Projects",3.96,1036.05,48.91,546.80,5.11,50.06,7519.48,5.14,-570.57,3.58,-591.77,-441.08,-24.25,-714.76,-975.09,-738.72,3.72,,190.49,40.01,513.24,45.65,0.96,-702.85,-2157.35,,,-2.27,-663.00,6.60,-116.27,-73.40,5.12,9.24,-2.22,35.72,590.29,2.67,319.30,-9889.24,2141.90,22492.35,122.34,,106.01,615910.00,618456.00,630123.00,0.46,0.75,93.64,319.30
United Breweries,532478,UBL,INE686F01025,Beverages,Breweries & Distilleries,1353.70,35792.53,850.72,2299.70,1505.72,28.07,1316.53,70.84,166.33,-9.54,183.87,40.66,63.23,75.26,81.15,46.34,12.40,103.56,2113.38,2.95,9442.48,1.49,7.07,166.28,345.63,10.68,7.69,-25.79,5.42,9.56,434.95,213.54,1507.24,168.20,2.85,42.49,435.61,-1.01,571.56,4495.66,7.74,6226.16,42.39,7.92,3066.86,93908.00,79464.00,71177.00,4.87,17.79,5.37,571.56
United Foodbrands,543283,UFBL,INE382M01027,Leisure Services,Restaurants,756.30,2958.47,207.77,1949.70,475.36,11.34,885.27,34.62,3.09,118.83,-16.41,-13.41,115.26,-17.93,-7.67,-22.50,0.64,,391.80,28.56,1467.63,19.87,43.41,2.30,-39.64,1.52,-17.57,-0.79,0.54,1.28,222.96,193.35,472.54,56.82,-4.58,49.99,17.11,9.70,27.66,290.76,0.00,146.82,16.53,9.53,425.90,31896.00,36426.00,39860.00,10.55,17.22,37.62,27.66
United Polyfab,544756,UNITEDPOLY,INE368U01029,Textiles & Apparels,Other Textile Products,36.85,845.76,53.60,51.16,30.64,27.97,106.36,51.51,7.83,32.04,5.93,7.06,10.76,8.67,4.88,7.60,0.00,30.90,217.79,17.59,712.20,16.62,23.03,7.82,27.37,17.75,21.12,37.88,4.35,5.38,14.36,19.46,30.58,14.86,0.38,69.57,4.86,1.09,8.44,109.69,0.10,188.63,17.95,6.38,179.85,7418.00,7527.00,5205.00,6.04,2.16,40.28,8.44
United Spirits,532432,UNITDSPR,INE854D01024,Beverages,Breweries & Distilleries,1538.50,111902.93,2658.00,1700.00,1387.72,2.36,413.00,56.68,339.33,-20.54,427.05,595.77,-14.10,456.12,418.00,464.00,1.18,60.38,3187.07,0.44,12626.00,3.12,-10.36,463.00,1853.22,26.39,21.43,15.37,12.53,7.32,1459.00,1947.00,1386.20,581.18,6.27,59.51,2030.00,16.17,1977.00,8808.00,1171.00,8705.00,39.56,12.50,2708.00,293859.00,292661.00,288900.00,12.89,17.14,13.29,1977.00
Univastu India,,UNIVASTU,INE562X01013,Construction,Civil Construction,157.89,568.20,41.62,178.98,93.41,11.78,33.57,64.24,9.96,281.61,2.61,10.24,-2.71,19.22,6.03,5.01,0.00,18.72,137.38,184.20,317.66,106.68,252.67,10.06,30.35,29.96,25.42,163.23,9.70,5.78,11.99,-4.78,92.76,21.20,5.29,59.93,13.58,2.66,20.65,67.40,0.39,272.99,11.88,5.50,103.72,8627.00,8530.00,5976.00,0.01,0.00,35.76,20.65
Universal Cables,504212,UNIVCABLES,INE279A01012,Industrial Products,Cables - Electricals,1578.70,5477.36,371.21,1774.90,1051.33,11.05,1177.31,61.89,70.14,108.75,33.60,55.01,27.50,51.66,27.19,47.68,0.00,27.38,1136.58,39.58,3367.54,33.64,57.46,70.14,200.02,11.68,8.90,70.37,7.42,5.44,63.48,175.62,1046.03,102.63,14.89,56.35,8.11,-2.58,6.30,1856.31,1654.21,1999.79,15.60,2.90,945.06,22213.00,17751.00,18069.00,1.11,3.30,33.69,6.30
Uno Minda,532539,UNOMINDA,INE405E01023,Auto Components,Auto Components & Equipments,1260.00,72760.87,2529.70,1382.00,1156.10,8.83,2740.12,68.36,295.83,1.76,290.70,325.81,-10.31,385.34,300.48,322.79,0.00,59.53,5792.50,20.33,20725.35,18.80,23.79,315.51,1222.33,19.65,19.33,18.84,5.68,5.87,1720.35,1071.47,1155.05,634.10,6.26,60.84,203.59,-1.51,358.13,6714.08,951.21,5992.51,29.38,10.65,5556.85,191019.00,187375.00,198442.00,8.15,17.52,5.96,358.13
Updater Services,543996,UDS,INE851I01011,Commercial Services & Supplies,Diversified Commercial Services,222.07,1486.83,154.16,438.60,195.88,16.18,44.91,59.09,29.72,3.95,28.59,28.04,10.63,23.51,6.61,19.80,0.00,16.30,787.14,7.92,3003.55,7.88,9.15,30.28,91.23,9.92,8.83,-25.24,3.96,1.34,143.65,50.84,195.61,37.42,3.45,67.99,233.07,7.03,253.94,985.38,78.42,979.91,8.12,1.41,764.29,47531.00,49007.00,48144.00,3.50,9.41,27.99,253.94
UPL,512070,UPL,INE628A01036,Fertilizers & Agrochemicals,Pesticides & Agrochemicals,589.30,49731.32,9705.00,829.51,636.65,27.44,23576.00,33.50,-6.51,92.63,-88.36,1069.97,-105.64,401.98,490.00,612.00,0.00,25.17,13662.66,13.68,52804.00,12.86,10.47,-73.00,1976.20,10.11,5.64,36.49,-0.88,0.58,7855.00,10151.00,637.12,2153.39,4.76,54.07,9537.00,7.70,6086.00,34527.00,2666.00,41528.00,6.88,1.43,10181.00,272868.00,276989.00,306975.00,42.39,14.32,9.77,6086.00
Urban Company,544515,URBANCO,INE0CAZ01013,Retailing,E-Retail/ E-Commerce,167.53,25836.15,-118.73,201.18,136.63,16.73,135.79,19.02,-87.38,-1359.08,6.94,-161.16,42.84,-123.88,-21.26,-59.33,0.00,,536.16,41.08,1716.61,39.46,43.86,-92.12,-329.13,-7.82,-12.01,-240.58,-16.54,-15.14,-98.63,54.56,136.32,-104.93,-0.80,76.42,590.68,-3.01,531.93,1997.37,1261.85,1057.07,-130.60,12.05,528.34,200993.00,205238.00,,55.28,11.42,9.74,531.93
Usha Martin,517146,USHAMART,INE228A01035,Industrial Products,Iron & Steel Products,496.15,15119.76,768.64,527.50,458.23,5.94,228.57,40.28,141.98,40.67,100.93,157.54,-4.05,163.50,107.67,109.80,0.00,27.74,1008.29,11.10,3836.87,8.54,16.44,142.04,544.99,19.47,15.10,34.83,13.75,3.13,655.34,421.76,457.85,199.62,5.36,48.75,274.75,8.44,477.80,3271.42,79.32,2280.03,17.51,4.58,1033.00,104425.00,101177.00,114349.00,15.10,15.26,29.24,477.80
UTI AMC,543238,UTIAMC,INE094J01016,Capital Markets,Asset Management Company,897.20,11532.52,825.44,1494.95,1006.02,37.04,140.93,0.00,293.86,24.07,236.85,-66.80,671.27,195.46,137.81,132.20,0.00,21.60,448.47,7.15,1909.47,1.63,6.70,293.86,533.93,15.57,10.33,-25.24,50.36,2.31,406.53,536.35,1007.12,212.52,15.21,44.44,504.47,7.35,444.03,4376.11,3987.62,646.11,12.95,2.56,583.51,164544.00,159484.00,162002.00,6.89,59.62,33.51,444.03
Utkarsh Small F.,543942,UTKARSHBNK,INE735W01017,Banks,Other Bank,14.94,2658.61,472.94,58.00,15.13,32.18,24483.42,42.67,-33.92,85.84,-239.48,-188.02,81.96,-282.92,-375.02,-348.46,0.00,,797.33,-5.08,3381.43,-8.11,0.30,-33.92,-945.42,1.46,-40.03,-167.70,-3.84,0.19,780.69,875.58,15.13,76.22,-1.59,63.50,2638.28,2.80,1692.15,996.08,6914.05,2954.45,39.08,0.96,883.56,279233.00,282993.00,248311.00,11.90,9.54,35.88,1692.15
Utssav CZ Gold,,UTSSAV,INE06IJ01010,Consumer Durables,"Gems, Jewellery And Watches",448.15,1082.19,93.70,568.00,333.74,21.10,186.22,72.55,29.64,95.13,15.19,29.42,0.75,,,,0.00,18.32,,,1154.90,78.69,87.81,29.64,59.06,28.82,36.38,131.43,4.36,-2.76,-60.72,-89.17,332.59,,,34.18,56.26,-15.03,51.57,173.75,0.00,398.67,12.99,5.47,679.49,1587.00,2301.00,2414.00,0.01,0.00,27.43,51.57
Uttam Sug.Mills,532729,UTTAMSUGAR,INE786F01031,Agricultural Food & other Products,Sugar,312.82,1193.04,237.50,535.80,246.67,12.94,721.92,74.71,1.23,-91.55,14.56,55.76,-97.62,15.45,30.35,0.98,0.00,13.56,599.91,3.16,2179.25,7.83,-3.56,1.30,87.96,11.53,12.17,-9.38,0.21,,270.41,101.90,246.01,42.55,3.83,66.10,12.28,3.67,16.61,838.39,0.00,1041.65,8.90,1.36,606.37,29632.00,29238.00,29932.00,0.04,0.00,25.25,16.61
V I P Inds.,507880,VIPIND,INE054A01027,Consumer Durables,Plastic Products - Consumer,310.90,4416.45,-218.57,774.60,334.64,34.31,737.77,42.35,-53.56,-259.70,-14.89,-129.43,58.45,-100.32,-52.87,-143.14,0.00,,383.97,-5.51,1875.06,-10.75,3.02,-53.56,-451.89,-28.89,-92.37,-375.47,-9.26,3.59,180.95,291.88,334.88,-57.63,-7.06,53.90,47.91,6.25,45.54,261.09,72.97,900.37,-20.06,15.26,578.36,121764.00,122978.00,137162.00,5.17,16.63,35.85,45.54
V-Guard Industri,532953,VGUARD,INE951I01027,Consumer Durables,Household Appliances,329.65,14402.90,546.22,577.45,325.92,15.96,165.26,53.22,130.25,76.37,73.85,112.13,16.16,115.08,57.06,65.29,0.00,37.90,1565.76,16.77,6310.35,13.36,23.50,130.25,380.03,18.38,14.39,31.69,7.19,3.36,458.55,476.96,325.88,145.98,2.63,56.64,64.50,12.61,59.30,2329.37,276.29,1783.81,23.25,6.07,1810.65,133376.00,133257.00,133000.00,12.01,23.24,11.52,59.30
V-Marc India,,VMARCIND,INE0GXK01018,Industrial Products,Cables - Electricals,381.20,5585.50,205.46,406.00,200.75,6.11,213.66,64.87,28.55,163.62,10.83,43.53,-34.41,,,,7.19,47.93,,,1797.00,100.55,102.42,28.55,98.81,41.32,41.26,174.32,5.14,10.19,109.22,22.53,198.94,,,64.57,1.55,-1.78,8.83,265.10,0.05,768.84,28.18,19.29,555.51,3420.00,2642.00,2040.00,0.25,0.02,34.86,8.83
V-Mart Retail,534976,VMART,INE665J01013,Retailing,Diversified Retail,852.35,6782.61,528.63,1212.20,720.85,4.01,957.59,44.15,47.21,40.51,33.60,10.70,318.53,25.13,87.99,-8.87,0.00,48.91,971.79,20.44,3992.95,19.09,23.00,47.21,138.67,13.23,14.20,161.10,4.34,1.94,500.54,349.40,719.53,121.95,3.16,66.08,39.42,15.70,19.53,871.64,18.38,1221.39,13.72,7.12,1088.81,31182.00,30027.00,23901.00,16.47,30.90,8.48,19.53
V2 Retail,532867,V2RETAIL,INE945H01021,Retailing,Speciality Retail,219.79,8014.37,484.24,259.45,212.90,15.29,994.59,51.43,41.90,50.99,27.75,20.41,130.35,62.34,99.32,18.08,1.79,48.93,1132.53,60.67,3427.53,63.28,58.36,41.90,163.78,19.53,23.67,97.83,4.20,9.96,-96.24,191.43,212.83,158.13,1.71,48.50,7.94,-4.46,6.23,865.85,5.45,1314.71,17.18,8.88,997.20,52967.00,45025.00,37446.00,3.11,10.65,34.82,6.23
Va Tech Wabag,533269,WABAG,INE956G01038,Other Utilities,Water Supply & Management,2155.30,13465.92,572.50,2253.50,1633.67,4.36,228.40,19.08,90.10,36.93,65.80,128.30,-29.61,85.18,91.30,84.80,0.00,33.80,1008.74,20.88,4097.00,20.45,20.82,90.10,398.44,21.33,15.89,30.17,10.16,6.80,206.70,355.20,1628.42,104.24,13.63,64.17,944.60,8.48,1059.20,2556.00,72.10,5088.60,20.97,5.23,886.80,205590.00,200388.00,192972.00,18.25,6.33,56.33,1059.20
Vadilal Enterp.,519152,VADILENT,INE693D01018,Food Products,Dairy Products,9795.00,842.37,40.50,14620.55,9904.75,14.41,62.18,51.03,23.30,15.92,20.10,-4.22,652.13,3.13,-16.12,10.69,0.00,61.71,346.66,31.12,1404.25,25.07,36.18,23.30,13.65,24.85,28.54,534.71,3.31,2.74,42.12,32.10,9905.85,12.13,36.28,45.49,22.26,-15.89,21.67,32.23,0.37,167.33,18.35,25.54,703.66,1292.00,1274.00,1357.00,0.54,0.00,48.43,21.67
Vadilal Inds.,519156,VADILALIND,INE694D01016,Food Products,Dairy Products,7423.00,5337.14,267.74,8447.00,5697.30,12.12,229.64,64.72,130.91,95.45,66.98,54.86,138.63,62.21,-0.15,33.42,7.52,24.37,462.86,35.62,1675.87,30.83,34.24,130.91,219.03,21.96,19.62,56.57,19.25,4.12,143.07,111.47,5679.96,83.06,86.55,59.14,40.34,7.15,42.79,843.12,20.57,619.46,15.36,6.27,680.06,19041.00,22133.00,20622.00,1.02,1.26,33.01,42.79
Vaibhav Global,532156,VAIBHAVGBL,INE884A01027,Consumer Durables,"Gems, Jewellery And Watches",223.60,3747.93,402.07,1057.70,235.17,23.75,415.84,57.33,56.38,49.83,37.63,91.01,-38.14,65.62,89.80,47.55,0.00,13.16,972.49,10.85,3795.13,10.41,12.70,56.38,284.74,16.43,17.87,74.33,6.15,1.55,310.22,164.78,235.29,97.04,3.91,37.36,129.26,12.05,371.39,1614.53,19.04,1669.40,8.88,2.27,917.07,129789.00,133255.00,143742.00,16.66,2.22,23.76,371.39
Vakrangee,511431,VAKRANGEE,INE051B01021,IT - Services,IT Enabled Services,6.05,655.33,34.26,466.34,7.18,38.08,3.81,40.05,2.62,-17.87,3.19,2.10,38.89,1.82,3.15,3.03,0.00,61.39,60.90,-11.84,241.84,-8.79,-18.77,2.25,10.68,7.51,5.40,40.28,4.04,5.09,61.13,-20.58,7.19,6.74,0.02,57.15,81.88,5.47,56.93,105.42,51.51,118.52,17.95,3.07,55.92,393406.00,400734.00,416787.00,0.35,4.05,55.55,56.93
Valiant Commun.,526775,,INE760B01019,Telecom -  Equipment & Accessories,Telecom -  Equipment & Accessories,1105.55,1292.62,35.20,1359.80,969.65,18.70,2.52,39.65,7.79,65.04,4.72,8.14,-4.30,11.65,6.04,5.27,0.00,47.45,33.75,67.34,91.97,65.65,38.76,7.79,27.24,39.73,30.60,143.00,30.65,14.67,32.45,0.79,968.28,12.84,9.97,49.51,18.26,9.80,56.68,85.06,5.70,96.25,31.28,13.11,25.42,9281.00,7950.00,6339.00,0.96,3.28,56.11,56.68
Valiant Laborato,543998,VALIANTLAB,INE0JWS01017,Pharmaceuticals & Biotechnology,Pharmaceuticals,107.87,585.87,8.71,210.79,72.74,2.61,46.21,74.94,21.10,1059.34,1.82,1.76,1098.86,5.90,-7.06,0.20,0.00,36.62,95.20,106.07,305.93,89.64,146.24,21.10,16.00,0.75,-1.20,12207.69,18.30,,-10.43,1.31,72.39,9.54,1.09,92.93,75.99,-18.80,7.06,256.57,28.50,228.32,17.46,1.88,115.29,14341.00,14657.00,14432.00,0.00,0.00,25.06,7.06
Valiant Organics,540145,VALIANTORG,INE565V01010,Chemicals & Petrochemicals,Specialty Chemicals,297.00,832.63,93.98,1991.00,285.82,25.19,255.90,37.87,29.05,254.27,8.20,15.72,86.13,9.68,3.65,5.67,0.00,16.48,166.33,5.73,765.90,1.41,13.27,29.26,50.53,5.47,3.91,894.69,12.64,0.76,91.99,56.43,285.71,23.85,3.43,50.75,7.65,3.52,2.14,731.36,150.54,352.23,9.09,1.10,231.54,40526.00,40928.00,44293.00,0.21,0.00,61.93,2.14
Valor Estate,533160,DBREALTY,INE879I01012,Realty,"Residential, Commercial Projects",106.34,5767.95,96.04,469.01,120.30,42.52,746.76,47.17,-1.25,-127.70,4.51,-103.92,97.74,14.40,62.24,9.96,44.72,,517.53,278.18,863.73,-49.50,-86.82,-1.33,-32.95,1.55,-0.19,70.90,-1.20,1.49,938.79,540.45,120.44,52.81,0.25,41.24,121.68,8.83,76.82,3549.31,365.33,2796.37,65.39,1.41,110.79,86800.00,89122.00,90359.00,4.79,0.39,47.65,76.82
Vardhman Hold.,500439,VHL,INE701A01023,Finance,Investment Company,3428.90,1093.82,229.31,6200.00,3509.83,20.07,0.00,74.90,98.08,56.73,62.58,53.62,82.92,4.11,53.71,46.12,0.00,4.35,6.99,154.10,19.67,0.46,217.60,98.08,251.53,6.28,5.91,1.65,905.63,-24.51,-5.75,-5.50,3510.64,4.14,12.87,46.17,1.52,-0.13,1.50,3762.49,3758.02,7.94,4.10,0.29,10.83,10446.00,10688.00,11239.00,0.05,0.07,24.99,1.50
Vardhman Special,534392,VSSL,INE050M01012,Industrial Products,Iron & Steel Products,367.75,3556.19,208.83,375.95,282.44,2.18,93.00,51.06,41.19,106.98,19.90,33.98,21.22,38.34,33.59,34.56,0.00,24.81,458.83,6.14,1806.74,1.31,12.06,41.19,143.32,15.38,11.76,64.91,8.48,2.80,105.88,126.91,281.58,50.24,3.96,70.11,11.32,-1.49,58.56,1180.63,158.15,955.38,15.10,2.78,486.01,36365.00,36854.00,35856.00,0.55,3.27,45.12,58.56
Vardhman Textile,502986,VTL,INE825A01020,Textiles & Apparels,Other Textile Products,602.90,17452.50,1512.15,688.00,558.58,12.37,1854.98,65.08,309.83,49.55,207.17,184.71,66.21,233.01,168.50,187.76,0.00,20.58,2621.06,5.68,10186.47,3.29,13.31,314.56,847.91,8.86,7.30,-0.47,11.64,1.40,1108.12,1643.80,558.13,380.52,7.93,47.95,89.02,-3.48,83.35,10456.82,1828.22,6973.43,11.50,1.66,2703.08,84595.00,88129.00,77197.00,6.07,14.69,14.15,83.35
Varroc Engineer,541578,VARROC,INE665L01035,Auto Components,Auto Components & Equipments,812.15,12408.55,849.84,1178.70,619.24,7.17,924.64,75.00,77.27,27.94,60.39,69.32,10.28,110.04,-11.31,63.26,0.00,43.47,2628.96,19.10,9497.18,14.66,29.92,77.70,285.45,18.98,15.13,51.42,2.95,1.53,536.80,736.72,617.30,234.71,7.16,67.22,163.34,11.86,180.84,1765.06,88.36,2255.61,14.94,6.97,2634.24,83288.00,84692.00,91287.00,4.29,11.18,9.53,180.84
Varun Beverages,540180,VBL,INE200M01039,Beverages,Other Beverages,421.25,142486.33,5338.21,682.84,474.85,24.21,2508.18,59.43,1520.80,15.47,1317.02,872.36,73.59,968.03,260.01,745.19,0.00,42.08,5757.17,17.57,24126.49,14.46,20.43,1525.36,3386.14,19.71,16.21,18.88,18.05,4.63,3509.31,3381.10,475.39,1378.50,2.85,36.48,2450.05,-0.58,1998.49,18902.30,174.28,7889.41,23.67,7.28,8451.23,813548.00,877604.00,968419.00,19.03,15.16,6.33,1998.49
Vasa Denticity,,DENTALKART,INE0N5801013,Healthcare Equipment & Supplies,Medical Equipment & Supplies,423.45,734.41,15.93,840.00,456.27,33.38,0.00,60.19,4.19,45.99,2.87,1.36,208.09,4.42,1.56,4.99,0.00,60.70,87.63,20.50,298.77,17.15,36.90,4.19,12.10,9.21,7.02,-26.89,5.10,-7.24,-26.55,-4.57,456.60,5.09,2.55,58.82,4.12,-14.65,3.44,157.29,45.02,166.99,41.04,4.21,82.17,2597.00,2495.00,3113.00,6.93,2.19,30.70,3.44
Vascon Engineers,533156,VASCONEQ,INE893I01013,Realty,"Residential, Commercial Projects",31.11,720.81,70.15,195.76,38.60,58.30,299.67,30.38,2.01,-91.05,22.47,5.72,-64.86,1.39,9.28,11.43,0.00,25.34,171.61,-23.94,880.05,-20.20,-31.30,2.01,28.44,4.68,2.22,-63.76,1.32,-90.95,-122.49,4.75,38.67,8.57,0.06,43.44,227.74,-3.66,203.33,917.13,99.04,1964.25,12.89,0.63,151.94,93670.00,94466.00,96349.00,0.33,0.00,69.28,203.33
Vedant Fashions,543463,MANYAVAR,INE825V01034,Retailing,Speciality Retail,546.60,13281.19,721.84,1512.00,502.08,29.83,457.59,74.94,80.61,14.73,70.26,114.30,-29.48,71.15,134.90,56.08,0.00,34.42,273.85,4.07,1455.66,1.95,7.18,80.61,385.89,23.55,20.03,-2.61,26.75,2.47,481.44,388.60,501.64,118.38,2.93,75.44,17.23,19.07,11.09,1940.04,1214.39,1389.68,18.65,6.76,301.37,83016.00,84119.00,75621.00,7.95,13.19,3.92,11.09
Vedanta,500295,VEDL,INE205A01025,Diversified Metals,Diversified Metals,286.50,112032.62,24655.00,360.70,256.05,20.57,32947.00,54.72,3659.27,143.61,1502.10,3056.07,-15.33,5770.08,7807.00,3479.00,0.00,10.18,25877.95,38.04,88898.00,2.02,53.64,7918.00,11003.29,16.08,38.15,36.95,21.87,0.25,39499.00,39562.00,255.74,7934.62,10.20,60.82,6970.00,16.40,3739.00,49261.00,15418.00,12675.00,4.84,2.26,24205.00,2601130.00,2110601.00,2087745.00,15.78,10.83,18.45,3739.00
Vedanta Aluminium Metal,544780,VAML,INE1CDF01017,Non - Ferrous Metals,Aluminium,462.60,180894.55,26150.00,538.00,478.33,14.01,,56.38,5629.00,216.06,1781.00,4349.60,33.06,,,,0.00,11.43,,,66891.00,,45.99,6597.00,11979.57,,,,30.84,,,,478.49,,,56.27,,,,,,,,,21393.00,2115856.00,,,12.55,13.90,16.93,
Vedanta Iron & Steel,544784,VISL,INE1CLE01013,Ferrous Metals,Iron & Steel,38.78,15164.48,1926.00,44.78,26.32,13.40,,56.38,112.00,168.48,-163.54,-960.94,106.24,,,,0.00,,,,13587.00,,18.32,121.00,-1960.88,,,,3.03,,,,26.20,,,62.94,,,,,,,,,3662.00,2284228.00,,,5.38,12.09,25.92,
Vedanta Oil and Gas,544782,VOGL,INE704J01044,Oil,Oil Exploration & Production,41.21,16114.71,3899.00,47.67,36.27,13.55,,56.38,385.00,2691.59,-14.86,-257.83,297.29,,,,0.00,74.96,,,9606.00,,8.48,945.00,-184.89,,,,15.36,,,,36.22,,,62.26,,,,,,,,,2507.00,2223728.00,,,7.68,8.63,27.10,
Vedanta Power,544781,VEDPOWER,INE694L01019,Power,Power Generation,37.49,14660.04,1587.00,52.49,39.89,28.58,,56.38,64.00,-27.27,88.00,180.70,-404.32,,,,0.00,23.88,,,8799.00,,31.27,-423.00,638.00,,,,2.45,,,,39.92,,,54.40,,,,,,,,,2607.00,2285786.00,,,8.51,13.01,21.89,
Veedol Corporat,590005,VEEDOL,INE484C01030,Petroleum Products,Lubricants,1510.10,2631.20,273.50,3693.75,1491.09,25.79,15.89,64.58,77.92,56.88,49.67,57.46,35.61,63.15,43.55,40.94,0.00,11.97,584.65,14.81,2262.80,12.89,18.49,77.92,219.87,24.09,19.47,17.22,12.80,1.82,193.79,29.72,1490.90,72.78,36.24,58.51,44.54,8.65,204.60,1032.21,82.42,946.68,7.80,2.54,608.57,54979.00,55526.00,59920.00,1.02,1.17,30.76,204.60
Veefin Solutions,543931,,INE0Q0M01015,IT - Services,IT Enabled Services,238.70,609.63,82.31,753.90,313.33,44.38,101.47,34.73,6.72,,,8.52,-40.55,,7.78,,72.12,26.76,,,345.13,339.10,,9.50,22.78,9.85,4.35,73.13,8.34,2.86,76.95,0.89,314.08,,,21.43,43.00,-11.84,15.24,571.32,8.11,208.43,8.45,1.02,113.97,4833.00,4993.00,4893.00,2.83,0.04,62.39,15.24
Veljan Denison,505232,VELJAN,INE232E01013,Auto Components,Auto Components & Equipments,1785.10,803.30,40.36,2100.00,1327.50,9.84,0.87,74.98,7.46,4.92,7.11,6.57,13.55,8.10,4.64,6.64,0.00,31.74,36.51,2.22,148.53,1.42,1.40,7.46,25.31,14.89,10.86,3.01,19.09,3.81,28.06,16.37,1322.90,9.58,18.01,55.17,44.50,4.69,58.52,235.96,13.90,168.26,18.19,3.34,39.07,4383.00,4549.00,4758.00,0.00,0.01,25.02,58.52
Venky's (India),523261,VENKEYS,INE398A01010,Food Products,Meat Products including Poultry,1597.00,2249.75,239.69,4725.00,1488.79,12.01,166.51,56.11,49.99,215.79,15.83,101.37,-50.69,18.77,48.58,-26.53,0.00,12.97,992.47,23.92,3979.87,18.28,29.17,49.99,173.41,11.89,9.07,202.79,4.47,2.09,191.32,66.33,1487.71,32.20,13.32,65.09,188.65,3.98,90.93,1582.00,213.34,1418.29,8.10,1.41,1118.38,52179.00,54117.00,54182.00,1.27,0.13,42.49,90.93
Ventive Hospital,544321,VENTIVE,INE781S01027,Leisure Services,Hotels & Resorts,594.60,13886.38,1298.07,844.75,655.73,25.53,2574.43,88.99,80.75,199.85,26.93,233.04,-52.09,97.81,140.50,64.24,36.36,28.65,585.39,19.63,2496.42,24.99,6.97,124.19,484.72,10.79,8.33,295.16,22.88,,949.90,677.46,656.34,231.95,2.72,46.91,522.32,6.05,421.27,5482.72,117.55,854.02,11.59,2.52,542.80,28026.00,28574.00,35235.00,1.20,5.21,4.61,421.27
Venus Pipes,543528,VENUSPIPES,INE0JA001018,Industrial Products,Iron & Steel Products,1636.60,3390.40,202.09,2489.95,1423.07,12.71,287.10,48.41,26.41,6.66,24.76,25.36,3.57,37.95,25.61,26.09,0.00,32.62,349.11,19.75,1210.98,21.73,15.97,26.41,103.95,21.27,17.04,15.37,8.24,7.45,112.42,68.66,1420.92,56.69,18.32,54.53,12.99,-6.80,28.94,647.76,0.81,738.10,17.57,5.07,320.54,53604.00,57317.00,58344.00,2.63,17.81,31.15,28.94
Venus Remedies,526953,VENUSREM,INE411B01019,Pharmaceuticals & Biotechnology,Pharmaceuticals,1606.90,2147.94,159.86,2044.30,1185.31,21.40,12.41,41.76,22.97,139.27,9.60,47.50,-51.64,37.30,25.58,20.13,0.00,18.49,240.57,24.81,811.27,19.52,30.38,22.97,116.18,21.67,16.79,148.57,12.84,2.41,155.77,86.44,1181.08,45.35,27.90,43.82,80.10,11.36,29.61,650.38,237.62,395.20,11.98,3.24,178.86,21905.00,18403.00,19307.00,2.92,0.89,54.44,29.61
Veranda Learning,543514,VERANDA,INE0IQ001011,Other Consumer Services,E-Learning,243.30,2344.22,203.18,380.00,218.68,10.72,382.32,33.75,29.12,854.40,-3.86,10.31,115.87,28.97,12.54,95.64,30.45,36.34,175.34,38.35,525.47,32.02,41.52,33.87,64.50,12.83,3.84,129.38,22.65,6.71,105.75,31.65,218.43,61.65,2.59,49.05,75.73,3.70,29.87,862.19,393.82,139.13,12.87,2.44,149.54,12470.00,13218.00,11383.00,2.83,0.56,62.86,29.87
Vertis Infra.,,VERTIS,INE0KXY23015,Transport Infrastructure,"Road AssetsToll, Annuity, Hybrid-Annuity",116.00,17515.81,2918.32,125.00,107.26,7.20,11573.98,,306.14,186.09,107.01,221.71,48.67,501.25,111.44,188.20,0.00,20.04,1557.44,55.49,4126.42,62.18,26.88,342.47,873.90,11.03,9.53,76.84,32.52,1.08,3301.51,1237.44,107.17,1176.95,2.97,59.81,729.61,-2.19,1263.65,-6443.95,186.33,3276.69,8.87,2.73,1053.22,,,,,,,1263.65
Vesuvius India,520113,VESUVIUS,INE386A01023,Industrial Products,Electrodes & Refractories,422.90,8583.21,394.79,647.45,473.58,30.50,14.35,55.57,58.51,-7.13,63.00,55.85,4.76,77.05,80.23,61.54,0.00,33.51,580.25,6.07,2133.83,8.91,2.26,58.51,256.13,21.34,15.02,2.17,10.91,5.10,177.46,258.12,474.09,96.38,3.80,36.27,482.03,0.01,581.96,1728.44,0.00,1486.77,19.28,4.91,536.17,33741.00,33525.00,34163.00,4.56,22.03,17.82,576.18
Viceroy Hotels,523796,VHLTD,INE048C01025,Leisure Services,Hotels & Resorts,115.59,887.52,44.56,146.96,123.04,21.35,263.96,84.11,1.45,148.01,-3.02,6.00,-75.83,1.86,10.96,4.38,0.00,38.94,44.48,44.41,162.73,24.45,76.98,1.45,22.79,7.12,7.17,-69.16,3.23,5.02,57.90,32.31,123.11,11.88,0.24,42.37,6.60,-3.93,19.42,199.22,0.59,52.35,21.97,5.44,44.90,15770.00,16033.00,17288.00,0.00,0.04,15.84,19.42
Vidhi Specialty,531717,VIDHIING,INE632C01026,Chemicals & Petrochemicals,Specialty Chemicals,341.00,1703.12,79.84,571.95,321.87,17.82,57.60,64.28,17.13,34.67,12.72,13.29,28.89,16.97,12.44,10.70,0.00,31.80,100.35,33.82,438.40,13.21,66.42,17.13,53.56,18.76,15.57,11.96,11.71,3.88,42.40,-4.56,321.68,20.23,3.40,62.25,27.44,5.12,19.96,324.04,13.20,268.60,20.47,5.18,146.28,14557.00,14693.00,15769.00,0.06,0.04,35.64,19.96
Vidya Wires,544633,VIDYAWIRES,INE14UN01029,Industrial Products,"Aluminium, Copper & Zinc Products",86.92,1848.72,94.39,117.47,76.75,26.01,85.27,72.80,17.14,41.42,12.12,19.61,-12.60,19.16,15.42,10.50,0.00,29.50,529.32,38.95,1977.59,31.66,33.50,17.14,62.67,20.69,17.85,43.54,3.12,-333.10,-9.29,-16.77,76.65,22.68,0.90,40.82,0.75,-10.45,72.61,458.56,0.77,457.32,18.68,3.85,549.71,83732.00,60688.00,,1.98,3.37,21.84,72.61
Vijaya Diagnost.,543350,VIJAYA,INE043W01024,Healthcare Services,Healthcare Service Provider,1472.80,15169.50,357.73,1573.00,1196.47,6.37,422.59,52.51,53.10,37.60,38.59,47.93,10.79,64.64,43.18,43.28,1.96,80.91,247.01,22.55,857.13,20.18,22.83,53.10,187.49,21.29,19.74,23.76,22.99,6.06,270.59,224.47,1193.69,103.51,6.28,58.32,48.88,8.57,52.73,946.86,228.42,321.90,40.44,15.83,230.98,67251.00,62946.00,62115.00,11.65,31.61,4.22,52.73
Vikram Solar,544488,VIKRAMSOLR,INE078V01014,Electrical Equipment,Other Electrical Equipment,171.85,6227.06,974.85,407.95,219.32,57.87,616.96,63.01,19.78,-85.17,133.36,110.42,-82.09,122.05,98.15,128.49,9.24,17.26,1470.65,32.50,5231.77,33.26,37.89,19.78,360.70,30.56,21.37,44.08,1.27,1.65,666.94,289.87,219.79,224.97,3.37,46.98,180.07,8.13,991.97,2810.60,742.42,3375.20,6.75,1.96,1563.09,303976.00,285301.00,,3.37,4.04,29.60,991.97
Vikram Thermo,530477,,INE337E01010,Chemicals & Petrochemicals,Commodity Chemicals,293.70,920.98,55.67,304.60,198.23,3.58,4.65,66.01,13.28,67.25,7.94,8.52,55.87,18.08,10.96,11.08,0.00,21.01,43.51,25.60,144.30,16.66,32.41,13.28,43.84,36.42,27.67,34.15,35.07,3.13,51.58,23.64,197.28,19.20,5.76,67.67,0.52,9.84,6.50,125.51,20.10,85.04,14.57,5.88,37.87,12055.00,11739.00,13305.00,0.00,0.26,33.74,6.50
Vikran Engg.,544496,VIKRAN,INE01R501028,Construction,Civil Construction,59.21,1527.09,195.54,118.40,76.58,49.99,300.90,56.27,3.99,-29.38,5.65,56.00,-92.88,,20.91,,0.00,16.80,,,1249.31,36.41,-11.04,3.99,92.54,16.85,10.85,19.07,2.82,,-436.99,-129.07,76.75,,,28.58,67.07,,219.73,1211.58,1.17,2393.29,8.22,1.23,141.59,125514.00,119057.00,,1.27,5.74,36.72,219.73
Vilas Transcore,,VILAS,INE0AZY01017,Industrial Products,Other Industrial Products,361.10,883.97,58.06,673.70,392.96,40.22,38.96,73.14,15.18,-26.24,20.58,24.38,-37.74,,,,0.00,22.35,,,460.67,30.48,21.66,15.18,39.56,16.12,12.83,16.80,6.55,9.28,-1.70,-35.46,393.28,,,50.26,112.30,-6.90,94.36,304.05,13.29,287.51,14.27,2.69,231.91,4254.00,4223.00,3377.00,2.14,3.17,21.55,94.36
Vimta Labs,524394,VIMTALABS,INE579C01029,Healthcare Services,"Healthcare Research, Analytics & Technology",627.70,2805.00,150.68,902.85,546.34,30.48,3.33,35.66,21.04,11.38,18.89,21.11,-0.33,26.45,17.59,19.92,0.00,34.72,115.51,13.41,418.80,14.22,11.80,21.04,80.80,25.23,18.87,12.61,19.29,2.51,147.14,94.05,545.52,39.59,5.92,54.74,32.94,4.03,65.06,447.94,2.00,222.87,17.56,6.14,109.07,50190.00,51623.00,30829.00,4.41,0.37,59.55,65.06
Vinati Organics,524200,VINATIORGA,INE410B01037,Chemicals & Petrochemicals,Specialty Chemicals,1321.50,13699.41,740.94,2377.00,1423.73,28.56,0.00,74.29,123.56,9.56,112.78,137.51,-10.14,154.58,108.47,129.02,0.00,27.48,607.81,11.26,2383.71,5.21,28.67,123.56,498.56,21.33,16.20,12.79,17.71,2.60,628.42,494.44,1424.76,179.63,14.91,47.84,3.51,9.95,4.85,3206.24,937.44,1107.24,18.07,4.26,697.75,83430.00,78602.00,85960.00,3.65,9.20,12.86,4.85
Vindhya Telelink,517015,VINDHYATEL,INE707A01012,Construction,Civil Construction,2396.70,2840.09,464.74,3232.95,1756.28,7.82,1434.77,43.55,75.67,22.66,61.69,102.07,-25.86,17.78,-1.04,59.12,0.00,12.04,777.13,-19.03,3404.59,-17.54,-20.78,75.67,235.82,8.15,5.31,0.31,10.53,-12.28,-160.40,-590.31,1749.84,65.48,15.00,57.30,127.53,-2.59,40.01,4193.42,3763.08,4174.39,8.42,0.68,718.90,22396.00,23496.00,23665.00,1.40,8.31,46.76,40.01
Vinsys IT Serv.,,VINSYS,INE0OSJ01014,Other Consumer Services,Education,599.90,884.84,44.36,610.00,419.26,1.66,51.89,64.74,20.90,9.48,19.09,8.84,141.81,,,,0.00,29.75,,,268.37,26.82,24.08,21.40,29.74,21.32,20.34,-0.97,14.42,25.97,-8.53,13.03,417.45,,,84.02,13.32,-11.23,10.47,146.67,13.44,167.32,20.88,5.46,148.36,908.00,921.00,965.00,12.01,0.40,22.85,10.47
Vintage Coffee,538920,VINCOFE,INE498Q01014,Agricultural Food & other Products,Tea & Coffee,164.09,2390.60,107.44,180.00,146.61,8.84,123.63,34.65,20.79,46.10,14.23,21.01,-1.05,33.49,19.11,17.83,25.95,30.36,221.16,63.09,612.44,67.12,58.45,20.79,78.74,18.18,16.55,57.99,12.91,-16.07,14.60,-22.52,146.43,40.32,2.30,63.38,6.80,-12.96,86.05,423.52,0.00,400.35,19.98,4.20,161.00,44709.00,36411.00,21359.00,5.39,9.59,50.38,86.05
Vinyas Innovativ,,VINYAS,INE0OLS01010,Industrial Manufacturing,Industrial Products,1564.30,1968.63,64.77,1730.00,1202.71,9.58,131.00,29.40,21.53,73.49,12.41,9.34,130.51,,,,0.00,63.77,,,514.32,29.67,22.36,21.53,30.87,18.70,16.13,58.96,7.12,-27.17,-32.30,8.78,1199.07,,,61.80,11.81,-12.71,18.45,223.14,0.11,394.26,32.13,8.35,302.39,1673.00,1551.00,1332.00,0.49,6.53,63.59,18.45
Virat Industries,530521,VIRAT,INE467D01017,Textiles & Apparels,Garments & Apparels,442.00,641.93,6.47,883.20,432.28,49.95,0.54,74.55,2.13,142.05,0.88,1.05,102.86,0.52,1.18,1.82,0.00,103.87,6.73,-6.99,27.65,-19.25,9.87,2.13,6.18,7.51,5.08,293.63,22.52,48.72,2.54,-0.82,432.18,0.64,0.36,64.58,7.38,2.23,114.53,116.22,0.00,130.29,59.93,4.91,9.46,2192.00,2192.00,1996.00,0.00,0.00,25.45,114.53
Virtuoso Optoel.,543597,VOEPL,INE0I0T01010,Consumer Durables,Diversified consumer products,579.55,1985.02,84.77,690.00,426.01,2.34,334.41,46.22,8.39,27.51,6.58,5.47,53.38,,7.05,-3.31,0.00,112.79,,,1008.39,19.81,85.98,8.39,17.60,9.73,4.54,11.75,2.23,13.11,3.08,31.75,424.46,,,70.80,2.09,-17.25,0.57,381.49,11.71,433.48,23.83,4.46,375.47,5945.00,3674.00,3631.00,17.66,1.03,35.10,0.57
VISA Chrome,532721,VISACHROME,INE286H01012,Ferrous Metals,Ferro & Silica Manganese,37.30,543.79,20.06,73.68,40.71,49.38,391.52,62.40,-9.56,-320.79,4.33,-6.53,-100.88,-13.90,-16.53,-20.22,28.69,,69.81,-6.55,511.09,-15.21,-29.56,-9.56,-52.84,-5.58,,-46.90,-7.94,1.77,36.13,25.54,40.74,-2.03,-1.08,44.56,2.97,10.25,3.04,-349.15,4.20,75.25,142.33,,120.44,17734.00,17431.00,17387.00,13.10,0.04,24.47,3.04
Visaka Industrie,509055,VISAKAIND,INE392A01021,Cement & Cement Products,Cement & Cement Products,91.53,790.86,148.30,178.00,76.78,12.34,303.44,53.40,50.03,118.85,22.86,22.89,22.26,12.78,2.73,-8.19,0.00,11.72,365.47,12.80,1759.26,10.67,16.56,50.03,67.46,7.03,2.02,438.82,8.50,0.81,182.64,119.11,76.63,33.84,1.48,52.28,19.57,4.39,27.55,818.25,14.31,628.24,5.75,0.95,588.85,45554.00,46306.00,50284.00,0.03,0.02,46.41,27.55
Vishal Mega Mart,544307,VMM,INE01EA01019,Retailing,Diversified Retail,109.62,51354.87,1969.91,157.75,119.06,29.44,1987.98,40.09,258.77,25.57,206.07,167.92,54.10,273.16,312.92,152.31,0.00,57.58,3566.16,19.61,13493.01,19.83,18.68,258.77,891.92,14.79,12.15,29.66,6.94,3.99,1621.27,1399.07,119.16,506.69,0.58,50.88,463.67,11.49,594.89,2740.14,1119.03,4133.38,25.46,6.91,3727.01,625567.00,641309.00,662906.00,20.43,34.80,4.68,594.89
Vishnu Chemicals,516072,VISHNU,INE270I01022,Chemicals & Petrochemicals,Specialty Chemicals,639.80,4306.83,275.98,670.00,564.07,4.51,527.23,69.21,39.64,23.03,32.22,43.40,-8.66,47.57,33.76,32.88,0.00,28.77,474.37,18.25,1696.20,16.61,24.93,39.64,149.68,16.35,14.26,16.57,9.15,3.39,127.13,90.23,563.31,71.68,7.07,61.24,81.74,-4.19,100.39,1055.69,0.74,1035.82,16.16,4.03,433.41,31065.00,30468.00,29224.00,2.51,5.94,22.35,100.39
Vision Infra,,VIESL,INE0TR001017,Commercial Services & Supplies,Diversified Commercial Services,345.35,851.03,171.40,375.90,277.56,8.13,377.40,69.69,44.40,129.34,19.36,21.61,105.46,,,,0.00,12.89,,,607.00,36.94,30.32,44.40,66.01,22.62,30.89,112.39,13.66,,177.44,17.72,276.88,,,67.98,7.54,-11.10,20.09,238.03,0.00,378.01,7.05,3.24,325.08,265.00,1644.00,2235.00,0.61,2.91,26.78,20.09
Viviana Power,,VIVIANA,INE0MEG01014,Construction,Civil Construction,734.55,743.72,75.66,1162.50,761.93,36.81,91.89,70.79,6.93,231.58,2.09,32.20,-78.48,20.00,11.07,4.83,0.00,13.51,150.41,209.81,552.75,185.29,245.81,6.93,55.03,50.69,57.18,204.20,9.64,-18.58,0.79,-2.93,762.20,23.89,19.75,53.39,0.86,-1.66,0.01,103.94,2.85,355.30,9.88,6.52,71.86,4218.00,2755.00,1823.00,0.01,0.41,28.79,0.01
Vivid Electromech,,VIVIDEL,INE24H301028,Electrical Equipment,Other Electrical Equipment,1611.85,1432.58,46.16,1679.00,940.59,4.00,33.30,73.53,22.16,41.69,15.64,9.44,134.75,,,,0.00,45.32,,,200.14,28.91,27.96,22.16,31.61,58.63,54.88,56.10,17.10,22.78,6.89,6.89,933.84,,,69.11,5.33,5.81,2.27,66.40,0.19,128.04,31.71,,129.57,677.00,,,1.42,15.46,9.58,2.27
Viyash Scientific,512529,VIYASH,INE807F01027,Pharmaceuticals & Biotechnology,Pharmaceuticals,263.40,11587.17,691.39,336.50,232.76,11.61,489.75,61.31,65.87,103.59,32.35,52.11,19.45,166.10,48.52,72.90,0.00,52.29,1372.72,61.44,3575.03,53.04,19.54,79.29,221.58,13.42,7.39,147.82,8.38,6.22,322.91,344.80,232.45,271.38,3.14,48.40,157.20,4.90,269.70,2823.68,0.07,2254.50,15.59,3.95,946.36,128367.00,127446.00,147320.00,4.50,3.76,30.34,269.70
VLS Finance,511333,VLSFINANCE,INE709A01018,Finance,Investment Company,245.35,769.88,25.57,454.85,250.10,27.82,0.30,56.39,95.99,34.91,71.15,-74.54,228.78,,18.05,7.10,0.00,16.52,30.66,191.21,64.44,-9.58,25.38,95.99,46.60,0.96,0.95,93.28,77.67,0.56,-17.76,200.20,250.15,,,37.65,338.28,4.87,86.63,2081.81,1935.91,136.55,13.63,0.36,123.59,23975.00,24478.00,27335.00,1.26,0.03,42.33,86.63
Vodafone Idea,532822,IDEA,INE669E01016,Telecom - Services,Telecom - Cellular & Fixed line services,15.06,163164.61,19365.00,123.24,11.88,2.02,192528.00,25.64,-5361.99,18.86,-6608.10,-5513.00,-107.22,-5818.19,-5286.00,-5524.00,0.00,,11634.07,3.92,45539.00,3.29,6.05,-3754.00,-22800.38,-1.72,,17.27,-45.87,0.76,19411.00,9290.00,11.85,4950.35,-0.54,69.95,10568.00,5.62,5731.00,-144101.00,107.00,21769.00,17.48,,11689.00,5809457.00,5939398.00,6182208.00,6.17,6.05,13.11,5731.00
Voith Paper,522122,VOITHPAPR,INE285C01015,Textiles & Apparels,Other Textile Products,1460.00,640.94,75.18,3099.00,1580.93,29.30,0.21,74.04,12.64,0.48,12.58,10.19,38.14,11.51,8.19,11.52,0.00,14.28,55.50,4.25,208.33,5.27,-1.19,12.64,44.88,14.89,11.14,6.33,24.24,1.70,41.97,30.70,1582.15,15.53,26.20,47.39,210.14,2.18,243.72,419.31,0.00,328.40,5.25,1.51,52.15,5188.00,5234.00,5389.00,0.00,0.02,25.94,243.72
Volt.Transform.,532757,VOLTAMP,INE540H01012,Electrical Equipment,Heavy Electrical Equipment,10978.50,11107.08,412.05,14800.00,9243.42,14.65,0.54,30.00,91.22,14.67,79.55,47.90,90.44,90.64,99.08,78.85,0.00,35.03,572.92,18.72,2273.89,17.84,28.38,91.22,317.05,23.50,17.35,-2.60,16.78,5.49,139.71,219.21,9225.98,95.07,89.59,66.68,38.79,7.35,73.73,1781.69,994.59,781.48,25.34,6.20,543.78,52732.00,56679.00,61983.00,21.53,33.85,14.57,73.73
Voltas,500575,VOLTAS,INE226A01021,Consumer Durables,Household Appliances,1217.00,40268.67,753.89,1946.20,1341.96,23.10,992.48,30.30,213.76,52.19,140.46,116.18,87.57,53.36,84.46,31.50,0.00,86.24,2546.26,8.48,14979.42,3.80,18.66,212.76,466.95,9.04,6.10,-27.90,4.55,11.92,70.97,-225.15,1343.21,87.49,1.61,35.93,678.24,0.00,780.93,6343.13,2761.70,10052.11,48.23,6.32,4673.50,271399.00,260008.00,321348.00,16.94,38.93,13.72,780.93
VRL Logistics,539118,VRLLOG,INE366I01010,Transport Services,Logistics Solution Provider,286.25,5007.57,682.09,399.51,261.00,8.55,1154.13,60.24,80.53,60.93,50.04,72.14,11.63,85.92,64.74,49.89,0.00,18.73,869.39,9.09,3355.61,5.59,18.07,80.53,267.30,18.27,21.71,21.75,9.16,0.86,654.37,554.79,260.75,176.00,4.91,57.58,53.23,9.14,15.62,967.50,0.06,203.90,8.68,4.38,878.84,80971.00,79810.00,65729.00,2.68,24.92,12.16,15.62
VST Industries,509966,VSTIND,INE710A01016,Cigarettes & Tobacco Products,Cigarettes & Tobacco Products,210.95,3583.22,490.47,486.70,246.01,26.44,0.00,32.16,42.42,-24.43,56.13,116.69,-63.65,65.85,60.23,59.21,0.00,12.86,362.31,7.79,1423.09,3.55,-13.91,42.42,278.55,28.13,21.04,32.29,16.54,1.38,218.27,193.47,246.36,89.16,3.88,27.65,17.55,12.20,34.64,1275.82,558.67,1165.21,7.50,2.48,256.46,148518.00,146815.00,158755.00,1.79,6.03,59.83,34.64
VST Till. Tract.,531266,VSTTILLERS,INE764D01017,"Agricultural, Commercial & Construction Vehicles",Tractors,4418.50,3823.22,170.27,6374.00,4865.13,30.68,1.91,55.55,48.73,9.36,44.56,5.29,821.17,40.51,30.72,25.43,0.00,34.70,368.04,16.78,1271.31,17.02,10.96,48.73,110.17,13.75,10.09,-5.16,15.55,3.66,131.61,76.55,4869.61,48.17,46.82,45.02,74.71,6.42,49.82,1088.68,633.51,1071.07,21.54,3.48,313.40,24293.00,24076.00,20243.00,1.21,19.97,23.28,49.82
VTM,532893,VTMLTD,INE222F01029,Textiles & Apparels,Other Textile Products,53.71,540.16,30.13,122.65,68.04,48.02,74.95,74.99,1.93,-58.04,4.60,3.24,114.44,2.40,3.38,2.32,0.00,48.97,104.29,16.03,398.40,11.48,36.69,1.93,11.03,5.09,4.09,-75.35,1.96,-10.77,1.31,-37.56,68.18,6.27,0.24,45.93,3.36,-9.77,3.89,304.93,71.98,231.62,21.60,1.71,98.40,6976.00,6842.00,6415.00,0.00,1.71,23.29,3.89
Waaree Energies,544277,WAAREEENER,INE377N01017,Electrical Equipment,Other Electrical Equipment,2635.00,75796.13,6616.79,3865.00,2934.35,31.82,3212.62,64.12,850.22,14.09,745.20,1061.10,-20.81,1978.65,1106.79,878.21,0.00,18.83,11931.26,96.70,30042.73,94.31,79.22,891.87,4025.32,38.78,32.83,81.21,11.24,3.24,1626.95,3158.21,2937.36,2507.08,65.57,36.76,7747.82,-5.41,6728.37,14149.69,952.84,17577.00,10.24,5.25,7931.79,731601.00,683301.00,767267.00,8.57,4.08,23.23,6728.37
Waaree Renewab.,534618,WAAREERTL,INE299N01021,Electrical Equipment,Other Electrical Equipment,885.75,9245.39,665.29,3037.75,970.56,34.80,114.90,74.32,114.49,32.30,86.54,157.31,-27.22,278.53,121.69,117.00,0.00,18.11,1474.18,90.29,3539.39,80.19,34.53,114.49,510.49,85.38,69.12,75.63,14.11,4.55,290.93,302.41,971.41,290.26,26.68,36.87,193.43,23.84,358.43,918.61,31.24,1781.99,12.69,9.84,811.34,306445.00,308307.00,316520.00,1.98,0.09,23.61,358.43
Wakefit Innovati,544642,WAKEFIT,INE0E7301029,Consumer Durables,"Furniture, Home Furnishing",145.72,4828.17,224.23,224.00,150.95,34.95,271.88,36.88,23.38,19.16,19.62,121.58,-80.80,,31.86,15.96,0.00,24.54,,,1546.73,16.90,16.65,23.38,196.71,10.90,23.11,548.81,5.77,8.28,244.53,76.22,151.00,,,68.00,10.20,8.88,242.85,1098.82,79.94,812.92,19.69,4.25,404.91,34580.00,27962.00,,14.48,25.85,22.79,242.85
Walchan. Inds.,507410,WALCHANNAG,INE711A01022,Industrial Manufacturing,Industrial Products,220.94,1500.28,34.89,1205.78,216.77,30.05,218.90,31.59,1.18,111.36,-10.39,2.26,-59.86,-10.05,4.66,-11.90,49.20,,85.77,65.65,316.58,37.98,83.75,1.18,-2.44,4.17,-4.41,97.53,1.30,5.01,-11.08,15.62,216.73,3.22,-1.48,38.79,108.92,-2.59,75.10,345.22,0.20,476.78,34.52,4.18,90.83,96793.00,87168.00,80371.00,2.38,0.49,65.53,75.10
Wanbury,524212,WANBURY,INE107F01022,Pharmaceuticals & Biotechnology,Pharmaceuticals,261.15,913.16,107.70,360.00,264.42,27.46,224.37,43.01,3.24,-75.98,13.49,25.15,-85.07,11.56,15.76,15.18,62.18,15.39,165.71,3.53,652.67,3.63,1.47,3.24,59.33,30.78,68.42,38.01,1.96,2.98,31.53,26.10,264.45,23.26,3.30,42.35,12.83,-6.56,7.63,109.51,0.03,238.56,11.36,6.32,165.58,17174.00,16732.00,17894.00,0.89,0.06,56.04,7.63
Waterways Leisur,544802,CORDELIA,INE0LZF01039,Leisure Services,"Tour, Travel Related Services",109.50,7927.20,122.21,109.65,72.95,0.14,117.77,89.35,22.77,-34.51,34.77,18.02,26.36,,,,0.00,197.49,,,579.75,-1.84,7.82,22.77,52.14,63.99,92.30,-37.98,11.98,,-96.44,129.67,72.59,,,82.66,32.78,37.25,5.96,15.05,0.00,102.69,65.78,,190.11,42537.00,,,6.41,1.09,3.15,5.96
Wealth First Por,544536,WEALTH,INE658T01017,Finance,Other Financial Services,856.05,912.12,52.10,1720.00,961.54,40.55,0.00,74.04,10.33,-35.28,15.96,10.52,-0.57,36.98,0.77,11.07,0.00,27.61,60.06,191.99,57.89,1.01,-42.28,10.43,33.04,34.63,27.71,-11.28,72.84,2.56,75.41,10.43,962.60,37.72,34.38,34.24,2.71,22.04,1.30,139.83,105.48,53.13,20.47,6.06,14.32,7945.00,8142.00,9538.00,0.00,0.10,25.85,1.30
Websol Energy,517498,WEBELSOLAR,INE855C01023,Electrical Equipment,Other Electrical Equipment,78.27,3398.20,438.40,189.12,97.38,44.69,130.74,29.72,77.79,15.79,67.18,121.79,-37.52,99.21,64.98,46.32,89.39,10.82,320.82,90.71,1203.29,76.28,70.33,77.79,314.06,63.18,66.94,57.83,20.88,3.05,254.70,167.26,97.57,123.22,2.29,27.79,86.92,-1.49,100.09,587.29,52.23,450.11,7.41,5.39,372.60,164654.00,138900.00,126281.00,3.74,0.43,66.12,100.09
Welspun Corp,532144,WELCORP,INE191B01025,Industrial Products,Iron & Steel Products,2306.70,60848.59,2711.40,2433.90,1283.98,5.23,2355.45,49.73,1046.49,198.64,350.42,370.36,182.10,584.89,456.36,443.51,0.00,26.35,5135.35,17.42,17299.77,20.21,14.91,1047.88,2309.12,22.89,19.42,41.66,25.68,4.02,3204.28,1503.67,1273.71,749.16,22.14,79.08,1255.35,7.86,2971.93,9023.66,1863.50,10284.86,17.30,6.65,4081.12,138939.00,122338.00,128466.00,14.61,19.96,15.68,2971.93
Welspun Enterp,532553,WELENT,INE625G01013,Construction,Civil Construction,692.85,9590.00,842.16,700.00,539.45,1.02,1986.52,56.13,74.67,-26.82,102.04,145.18,-65.38,95.74,30.74,98.08,0.00,27.06,785.10,0.15,3544.05,-1.84,-8.44,56.36,354.35,16.74,13.62,2.00,11.69,30.45,112.19,-273.49,537.91,160.70,5.71,78.40,642.80,-4.51,337.57,2908.50,1649.72,2805.30,13.68,3.15,773.72,51191.00,51521.00,58625.00,3.92,9.25,28.68,337.57
Welspun Investme,533252,WELINV,INE389K01018,Finance,Investment Company,2340.60,854.32,4.06,2340.60,1549.67,0.00,0.00,74.58,-0.15,25.00,-0.20,-0.13,-15.38,-2.53,-0.13,3.49,0.00,277.38,6.16,25.75,5.29,2.32,225.00,-0.15,3.08,0.58,0.43,-11.49,-115.38,-41.07,-2.01,-1.52,1541.73,-2.53,-6.91,80.86,0.11,-0.23,5.33,668.01,746.97,5.33,207.07,1.27,0.13,12889.00,13170.00,13451.00,0.00,0.11,25.31,5.33
Welspun Living,514162,WELSPUNLIV,INE192B01031,Textiles & Apparels,Other Textile Products,190.63,18009.82,862.01,213.10,145.70,2.24,2314.79,66.36,160.73,83.59,87.55,103.70,53.17,86.00,2.57,14.86,0.00,64.74,2564.05,5.05,9933.99,-3.26,23.66,162.61,278.20,6.25,4.47,-48.60,5.82,1.93,1174.98,687.98,145.25,226.33,0.90,72.90,306.31,4.42,147.14,4821.28,892.25,5181.14,20.96,3.72,2795.45,223860.00,243222.00,260516.00,5.21,11.38,16.69,147.14
Welspun Special.,500365,WELSPLSOL,INE731F01037,Industrial Products,Iron & Steel Products,54.71,3625.15,63.60,63.29,44.13,13.56,35.09,55.17,5.16,788.00,-0.75,4.26,21.13,5.11,9.51,9.65,0.00,126.84,262.93,9.98,878.55,15.15,-3.80,5.16,28.58,9.90,4.80,500.28,2.66,9.11,128.13,57.77,44.03,15.46,0.08,66.41,72.86,7.35,11.97,58.98,143.56,438.76,55.96,7.94,193.67,98294.00,97199.00,99071.00,1.30,0.05,43.48,11.97
Wendt India,505412,WENDT,INE274C01019,Industrial Products,Abrasives & Bearings,8148.50,1629.70,34.23,18033.65,7867.92,21.20,0.00,37.50,6.18,63.49,3.78,5.09,21.41,5.10,2.98,2.70,0.00,96.15,65.01,14.89,255.43,7.85,36.63,6.18,16.95,7.82,4.89,-52.36,8.67,4.20,21.87,33.64,7865.10,8.93,25.51,54.91,18.59,0.17,28.22,251.87,47.44,143.98,38.97,6.42,71.28,26857.00,26654.00,23040.00,1.16,11.96,49.37,28.22
West Coast Paper,500444,WSTCSTPAPR,INE976A01021,"Paper, Forest & Jute Products",Paper & Paper Products,607.80,4014.52,527.87,815.00,503.65,7.21,345.05,56.58,133.49,145.43,54.39,51.85,162.76,65.69,29.57,11.91,0.00,17.48,1155.89,10.82,4375.40,7.86,10.12,141.84,229.69,6.17,4.25,-8.74,13.49,0.52,400.35,99.22,502.60,141.04,9.36,56.30,32.59,-0.67,37.60,3594.59,1492.30,1391.29,6.97,1.11,1051.26,48063.00,47196.00,52312.00,2.59,13.62,27.22,37.60
Western Carriers,544258,WCIL,INE0CJF01024,Transport Services,Logistics Solution Provider,86.21,878.96,99.52,177.00,101.72,41.47,225.52,73.03,8.69,-19.46,10.79,8.26,5.21,8.85,10.83,8.95,0.00,23.93,489.35,11.31,1878.31,9.28,11.80,8.69,36.73,6.79,4.58,-35.60,1.87,-21.12,-21.76,-2.69,101.87,20.94,0.87,39.41,190.35,-7.23,38.50,815.99,3.23,827.59,11.02,1.01,464.88,80532.00,82520.00,103527.00,0.00,4.75,22.22,38.50
Westlife Food,505533,WESTLIFE,INE274F01020,Leisure Services,Restaurants,566.20,8829.11,373.56,1024.95,531.22,27.41,1804.79,56.39,0.59,-52.03,1.23,2.38,-75.21,-14.01,1.02,27.71,0.00,,695.77,8.40,2703.57,6.75,11.86,0.59,-8.76,6.34,-3.79,-186.56,0.08,2.27,351.99,344.90,530.87,84.43,-0.90,54.09,58.94,5.26,16.93,587.90,120.13,216.22,28.26,14.26,735.64,32056.00,32172.00,31054.00,6.94,28.31,7.83,16.93
Wework India,544570,WEWORK,INE085001019,Commercial Services & Supplies,Diversified Commercial Services,678.30,9400.58,1621.99,794.50,623.04,14.63,5549.72,48.30,-4.58,68.65,-14.61,64.37,-107.12,9.91,15.06,7.39,34.97,108.64,732.67,27.86,2578.01,27.10,27.39,-4.58,86.53,20.57,29.74,-54.22,-0.67,0.68,1731.02,1292.58,622.49,477.61,0.72,40.37,20.70,31.10,61.64,169.86,283.00,582.16,8.60,30.08,680.20,49870.00,53800.00,,19.64,25.90,6.17,61.64
Wheels India,590073,WHEELS,INE715A01015,Auto Components,Auto Components & Equipments,1487.10,3633.43,444.09,1813.90,1216.67,18.02,768.12,58.31,38.31,28.21,29.88,58.09,-33.79,51.76,36.89,31.78,0.00,22.23,1506.35,19.18,5690.44,17.47,17.82,38.94,163.46,18.83,15.79,39.52,2.61,0.91,477.35,400.47,1213.95,112.72,20.84,53.51,4.91,10.97,4.16,1017.03,78.34,1804.28,9.51,3.49,1491.00,29271.00,22677.00,22873.00,1.98,6.39,33.32,4.16
Whirlpool India,500238,WHIRLPOOL,INE716A01013,Consumer Durables,Household Appliances,771.70,9790.70,680.33,2787.00,911.26,46.35,71.25,39.76,102.88,-29.40,145.73,80.20,27.80,20.17,26.92,41.80,0.00,35.91,1790.97,8.72,8328.63,6.03,12.10,102.88,272.65,11.07,7.75,-23.36,3.77,2.12,297.94,571.07,912.67,81.76,1.59,44.38,2559.66,8.11,2552.75,4033.77,0.00,5041.09,11.73,2.35,2726.75,131028.00,129025.00,96396.00,12.48,34.18,13.58,2552.75
Windlas Biotech,543329,WINDLAS,INE0H5O01029,Pharmaceuticals & Biotechnology,Pharmaceuticals,978.40,2019.05,122.50,1198.25,851.95,5.55,35.25,63.31,17.65,-0.11,17.67,16.02,10.17,19.97,14.95,17.80,0.00,30.40,263.14,18.32,942.10,18.53,18.09,17.65,66.42,15.90,12.23,2.42,7.11,2.29,104.93,68.23,850.68,30.20,9.68,62.74,15.92,7.21,1.81,570.28,268.37,358.47,16.75,3.56,248.10,44996.00,44769.00,45887.00,2.04,9.84,24.80,1.81
Windsor Machines,522029,WINDMACHIN,INE052A01021,Industrial Manufacturing,Industrial Products,309.15,3198.45,35.26,440.80,289.36,10.21,86.29,42.95,-0.91,-37.88,-0.66,4.17,-112.57,-0.60,-2.74,4.29,48.78,1073.31,200.50,46.74,605.98,51.03,31.35,-0.91,2.98,2.11,0.20,113.61,-0.61,-186.77,-51.25,-41.32,289.16,10.08,-0.06,53.74,93.79,-28.46,33.86,475.60,0.00,584.40,95.73,5.50,148.87,19702.00,19824.00,21280.00,2.31,0.73,54.01,33.86
Wipro,507685,WIPRO,INE075A01022,IT - Software,Computers - Software & Consulting,177.35,175656.97,21671.30,369.93,205.41,35.07,20291.00,72.59,3352.00,0.65,3330.40,3501.80,-4.69,3423.52,3145.00,3262.40,0.00,13.29,24488.96,7.89,94968.00,6.40,10.59,3356.30,13219.00,17.84,15.46,-1.81,13.71,0.95,14931.60,16942.60,205.69,4685.46,3.45,40.75,12197.40,14.59,10555.50,85920.60,46785.90,38867.40,8.42,2.11,24478.60,3041147.00,2603140.00,2461550.00,8.85,5.22,13.21,10555.50
Wockhardt,532300,WOCKPHARMA,INE049B01025,Pharmaceuticals & Biotechnology,Pharmaceuticals,1882.10,30582.65,763.00,2422.30,1646.90,22.30,2233.00,49.09,106.00,973.63,-12.13,146.91,-34.76,96.56,61.00,82.00,14.68,76.70,970.65,24.12,3564.00,18.37,25.88,107.00,398.71,7.55,6.11,983.41,11.52,10.61,390.00,-22.00,1644.53,210.56,5.89,47.76,191.00,-1.09,250.00,4859.00,412.00,2194.00,36.43,6.19,929.00,166518.00,139016.00,146918.00,7.23,9.24,34.44,250.00
Wonder Electric.,543449,WEL,INE02WG01024,Consumer Durables,Household Appliances,155.92,2089.45,28.45,202.00,123.36,22.81,111.93,71.79,4.04,263.96,1.11,7.18,-43.73,1.14,0.57,0.26,0.00,173.40,104.85,10.10,733.65,-10.30,50.99,4.04,12.05,9.87,9.70,-34.30,1.73,-49.28,25.43,-21.61,123.03,4.46,0.08,73.08,0.41,-6.19,28.48,75.43,0.26,352.95,67.06,19.97,233.64,14303.00,9850.00,11088.00,10.98,0.00,17.24,28.48
Wonderla Holiday,538268,WONDERLA,INE066O01014,Leisure Services,Amusement Parks/ Other Recreation,516.05,3275.12,193.03,1106.70,519.06,21.88,6.26,62.22,72.80,38.48,52.57,13.71,343.36,11.74,14.48,-1.75,0.00,30.96,109.74,36.92,593.16,30.68,44.22,72.80,105.78,6.20,4.60,7.28,30.00,2.02,134.75,122.54,519.09,31.08,1.85,65.40,423.01,-7.78,21.59,1733.47,402.48,80.31,14.09,1.82,242.63,53865.00,55706.00,57800.00,4.20,11.27,22.30,21.59
WPIL,505872,WPIL,INE765D01022,Industrial Manufacturing,Industrial Products,438.35,4281.40,376.53,768.00,433.64,14.11,502.34,70.79,33.90,51.30,22.41,40.41,26.82,64.68,75.56,51.78,3.18,25.23,499.55,17.26,1976.52,8.42,32.22,59.01,169.67,14.58,10.67,47.15,11.79,-56.71,-92.89,-149.56,433.59,85.81,3.80,47.36,446.63,-6.74,524.69,1580.61,42.10,2311.69,10.29,2.69,500.54,24898.00,25524.00,27889.00,5.60,2.77,20.82,524.69
Xchanging Sol.,532616,XCHANGING,INE692G01013,IT - Software,Computers - Software & Consulting,61.51,685.24,82.13,365.00,70.12,40.55,71.11,75.00,15.12,9.80,13.77,16.24,-6.90,17.53,13.18,16.26,0.00,11.27,56.28,6.57,206.57,8.25,7.30,15.12,60.80,18.02,15.76,15.33,28.19,1.77,41.15,48.85,70.20,18.81,1.57,37.45,300.60,5.72,311.72,284.66,0.00,345.74,5.32,1.73,53.64,73508.00,75079.00,81416.00,0.03,0.17,24.80,311.72
XPRO India,590013,XPROINDIA,INE445C01015,Industrial Products,Packaging,1176.30,2760.82,49.79,1677.00,1151.47,25.30,324.77,40.32,7.94,244.89,-5.48,12.97,-42.49,4.16,6.83,4.97,0.00,84.53,125.97,5.05,535.01,-1.22,20.37,7.62,32.66,3.78,2.80,76.54,4.37,5.29,20.41,12.81,1151.22,10.65,1.77,46.99,265.05,-12.93,300.44,736.23,0.19,480.38,40.50,3.63,174.42,27413.00,27435.00,28580.00,13.81,2.94,42.91,300.44
Xtranet Techno.,544838,XTRANET,INE0NG701011,IT - Services,IT Enabled Services,159.83,835.68,64.49,176.80,133.02,9.60,85.61,62.62,6.07,74.43,3.48,24.09,-75.06,,,,0.00,19.50,,,365.29,32.31,10.51,6.04,40.26,32.81,34.78,35.33,11.97,,27.57,8.62,132.75,,,58.72,1.09,-8.92,1.46,96.86,1.56,213.65,14.26,,50.46,43240.00,,,4.10,8.04,22.49,1.46
Yamuna Syndicate,540980,,INE868X01014,Commercial Services & Supplies,Trading & Distributors,28640.90,880.32,53.29,66999.00,30021.41,25.80,0.00,74.87,5.06,29.08,3.92,33.84,-85.06,0.38,31.93,20.42,0.00,9.61,17.07,14.70,72.15,11.33,16.50,5.06,91.57,4.17,4.09,3.08,22.47,-16.66,-4.94,-7.60,30035.28,0.41,12.46,50.70,33.03,-0.05,31.61,1286.91,1231.53,48.15,9.16,0.68,22.52,1282.00,1263.00,1193.00,0.00,0.01,25.13,31.61
Yash Highvoltage,544310,,INE00GK01023,Electrical Equipment,Other Electrical Equipment,920.10,2749.97,62.51,1025.00,680.56,10.23,37.55,54.79,25.30,68.89,14.98,14.02,69.19,,,,0.00,70.62,,,235.16,57.22,46.53,23.72,38.94,28.58,23.50,82.22,18.66,22.37,8.83,9.53,678.15,,,49.97,71.60,-13.19,20.06,169.72,5.37,132.44,44.27,14.28,135.57,6341.00,3741.00,2566.00,2.17,8.99,34.06,20.06
Yasho Industries,541167,YASHO,INE616Z01012,Chemicals & Petrochemicals,Specialty Chemicals,4369.60,5268.47,139.31,4994.00,2433.30,12.50,557.93,67.91,36.44,547.25,5.63,9.49,283.98,20.35,3.50,2.87,0.00,100.74,250.92,42.42,933.50,33.05,58.73,36.44,52.30,8.44,4.98,374.59,11.60,9.28,151.08,-43.91,2413.84,48.79,16.88,59.75,27.13,-7.44,16.97,429.26,5.88,497.75,32.43,11.94,314.09,22695.00,23730.00,26589.00,5.74,2.21,24.14,16.97
Yatharth Hospit.,543950,YATHARTH,INE0JO301016,Healthcare Services,Hospital,965.30,9301.09,317.91,972.00,768.85,0.69,264.09,55.80,47.06,11.94,42.04,47.52,1.61,58.06,43.08,41.25,9.59,51.34,413.15,47.86,1334.10,44.00,52.33,45.42,181.17,12.37,10.36,27.41,11.57,7.84,204.52,149.60,766.88,96.00,6.03,75.09,440.58,-6.63,263.36,1684.21,1.99,712.02,27.43,5.22,392.65,96264.00,99117.00,81440.00,5.62,10.84,27.74,263.36
Yatra Online,543992,YATRA,INE0JR601024,Leisure Services,"Tour, Travel Related Services",112.89,1771.43,106.13,202.00,118.53,44.11,102.98,62.66,0.34,-97.88,16.00,8.20,-95.85,2.99,8.34,14.28,0.00,51.47,360.66,2.79,984.60,9.35,-10.44,0.34,34.42,7.24,6.23,-29.07,0.18,-1.81,76.07,-88.65,118.58,24.68,0.19,51.43,98.68,-9.47,91.40,814.52,0.00,953.86,18.96,2.13,187.90,49971.00,46825.00,40125.00,4.95,11.28,21.11,91.40
Yes Bank,532648,YESBANK,INE528G01035,Banks,Private Sector Bank,22.38,70245.87,25671.33,404.00,21.99,13.19,383881.18,0.00,1071.80,32.54,808.65,1082.19,-0.97,916.71,956.59,664.31,0.00,18.61,7498.17,1.48,30658.32,-0.45,5.92,1071.81,3774.85,5.98,7.10,37.81,13.31,0.80,21216.85,6386.40,21.98,4405.24,0.29,39.24,15260.13,2.77,16745.19,46158.99,92353.83,82410.69,17.42,1.34,8054.49,5844167.00,6008062.00,6355943.00,46.12,24.04,29.83,12532.94
Yogi Ltd,511702,YOGI,INE290E01011,Finance,Non Banking Financial Company (NBFC),163.09,733.91,34.21,208.00,163.47,15.15,252.93,62.68,-1.67,-126.42,6.32,3.97,-143.78,,1.86,9.29,11.35,56.20,,,397.78,295.65,-46.15,-1.62,13.06,12.75,16.74,1341.78,-3.33,,-192.45,-72.44,163.47,,,48.73,0.36,-36.23,33.63,95.74,1.99,700.70,33.42,5.07,48.62,2845.00,2938.00,2975.00,0.00,0.00,37.31,33.63
Yuken India,522108,YUKEN,INE384C01016,Industrial Products,"Compressors, Pumps & Diesel Engines",938.85,1275.33,54.23,1572.70,792.01,13.87,114.68,58.05,5.22,28.89,4.05,5.81,-10.17,5.36,-0.58,5.12,0.00,81.54,129.13,14.75,491.95,8.91,28.48,5.21,15.64,7.40,4.30,-33.19,3.88,3.27,41.29,49.34,790.54,14.24,3.95,71.75,2.57,-3.87,22.77,359.54,11.20,270.34,24.12,3.42,134.33,10757.00,10927.00,11851.00,0.10,0.01,41.85,22.77
Z F Steering,505163,ZFSTEERING,INE116C01012,Auto Components,Auto Components & Equipments,669.60,607.33,84.76,2118.00,769.54,40.37,106.43,62.75,12.37,55.21,7.97,-0.03,1383.15,1.71,7.28,-1.50,0.00,30.11,141.32,17.22,581.19,16.54,7.62,11.42,20.17,6.48,3.29,58.82,7.98,1.03,98.15,39.63,770.54,15.39,1.88,48.47,1.14,-4.91,5.09,472.27,135.45,187.96,7.93,1.26,143.06,9819.00,9663.00,9667.00,0.00,0.01,37.23,5.09
Z-Tech (India),,ZTECH,INE0ISZ01012,Other Utilities,Waste Management,490.45,724.12,48.60,731.15,559.95,30.04,74.95,53.54,4.05,33.22,3.04,19.14,-78.84,10.81,7.62,6.06,0.00,19.64,56.27,63.09,164.46,66.71,42.29,4.05,36.87,19.76,18.17,81.63,13.90,-2.27,-38.38,-91.37,560.65,13.38,7.32,36.12,3.80,-30.34,12.59,209.42,0.00,231.45,15.06,3.17,29.14,2263.00,2004.00,1979.00,4.47,0.37,41.63,12.59
Zaggle Prepaid,543985,ZAGGLE,INE07K301024,IT - Services,IT Enabled Services,190.76,2564.93,217.83,597.00,253.03,53.41,53.14,44.30,17.43,-32.65,25.88,37.77,-53.85,39.34,35.97,33.24,1.61,20.62,586.49,36.08,1911.49,38.32,17.70,17.43,124.41,13.49,10.04,28.74,4.47,-15.84,-6.32,19.85,253.65,53.14,2.93,45.73,653.14,-7.09,535.15,1386.74,192.32,1095.51,9.87,1.83,390.17,118274.00,115656.00,108821.00,2.31,5.44,47.96,535.15
Zee Entertainmen,505537,ZEEL,INE256A01028,Entertainment,TV Broadcasting & Software Production,104.42,10029.74,545.00,619.35,99.55,14.27,265.10,3.99,74.30,-48.30,143.70,-103.70,171.65,34.30,154.80,76.50,5.38,47.90,2024.21,2.79,8181.40,2.42,4.52,74.30,209.40,2.75,2.40,-72.62,3.90,1.33,708.10,1186.00,99.50,97.45,0.36,52.26,1250.00,6.31,1493.50,11633.80,1274.80,12016.30,21.37,0.86,1907.30,620227.00,625207.00,638222.00,20.11,7.81,67.97,1493.50
Zee Media,532794,ZEEMEDIA,INE966H01019,Entertainment,TV Broadcasting & Software Production,8.92,584.64,122.86,86.96,8.99,32.73,83.23,9.04,-12.12,-37.57,-8.81,-21.75,54.32,-12.82,52.77,-15.53,0.00,173.48,211.80,18.51,767.67,22.18,4.66,-12.12,3.37,5.27,3.00,103.16,-6.35,0.38,98.13,63.54,8.99,21.41,-0.20,57.69,14.23,20.46,9.49,161.23,41.63,362.54,5.48,2.49,190.85,187238.00,188185.00,190835.00,19.75,4.12,66.68,9.49
Zelio E-Mobility,544563,,INE1B3501014,Automobiles,2/3 Wheelers,882.60,1866.70,37.42,900.60,503.62,2.00,18.60,72.77,16.21,80.92,8.96,11.82,37.14,,,,0.00,66.60,,,303.54,76.51,75.65,16.21,28.03,38.41,40.67,75.08,9.52,-37.54,-7.39,-9.57,499.81,,,74.73,0.32,-11.65,26.00,90.02,0.10,128.53,49.69,16.79,170.22,816.00,1052.00,,0.09,2.13,25.01,26.00
Zen Technologies,533339,ZENTEC,INE251B01027,Aerospace & Defense,Aerospace & Defense,1873.40,16915.00,330.35,2627.95,1632.71,8.33,18.52,48.51,36.67,-23.20,47.75,31.53,-32.58,38.80,55.71,61.91,0.00,93.09,142.69,-17.79,671.11,-23.50,-10.48,31.85,181.70,16.18,10.72,-27.66,24.05,18.73,244.60,31.03,1630.30,46.08,4.30,56.22,400.64,2.96,354.73,1880.03,6.22,1554.17,54.91,8.95,141.64,290771.00,314092.00,311948.00,6.47,10.42,34.22,354.73
Zensar Tech.,504067,ZENSARTECH,INE520A01027,IT - Software,Computers - Software & Consulting,471.85,10738.40,1114.20,985.00,569.08,45.70,79.30,49.00,183.80,0.99,182.00,210.22,-12.73,208.66,199.80,182.20,0.00,13.50,1535.65,8.05,5810.70,8.06,8.90,183.80,795.17,22.75,17.32,18.00,12.19,1.42,770.80,565.00,570.05,238.19,9.17,39.58,743.60,13.90,931.50,4673.80,1920.70,2390.90,8.52,2.27,1508.30,219808.00,206187.00,210063.00,10.73,21.98,17.94,931.50
ZF Commercial,533023,ZFCVINDIA,INE342J01019,Auto Components,Auto Components & Equipments,2588.40,29457.42,798.28,3044.00,2421.52,14.97,54.82,60.00,99.10,-17.53,120.17,141.35,-29.89,110.66,138.68,106.47,0.00,59.94,986.92,9.44,4133.96,7.96,8.15,99.10,491.45,19.08,14.36,2.47,9.51,6.88,809.35,273.65,2419.85,143.08,9.72,53.87,1465.22,7.64,1622.01,3666.89,606.25,2845.16,35.11,8.01,1041.71,41406.00,31657.00,33640.00,5.93,25.45,8.62,1622.01
Zim Laboratories,541400,ZIMLAB,INE518E01015,Pharmaceuticals & Biotechnology,Pharmaceuticals,126.40,678.24,38.84,152.70,97.53,5.64,126.56,30.36,-4.02,-114.97,-1.87,3.74,-207.49,-3.09,4.40,-0.42,0.00,183.31,100.45,13.24,396.82,7.55,31.24,-4.02,3.70,4.76,1.59,-60.60,-4.27,1.40,49.53,41.15,97.24,5.76,-0.58,65.34,2.49,-3.81,43.41,242.65,0.05,275.81,19.47,2.28,94.18,14510.00,16636.00,16641.00,0.03,1.34,68.28,43.41
Zota Health Care,,ZOTA,INE358U01012,Pharmaceuticals & Biotechnology,Pharmaceuticals,1077.10,3730.28,25.98,1740.00,1264.57,38.10,270.44,49.38,-43.56,-204.19,-14.32,-8.88,-203.94,-41.71,-29.64,-16.19,0.26,,225.74,75.06,608.68,78.89,67.60,-43.95,-97.89,-8.47,-15.00,-68.80,-25.32,-11.56,-84.43,-49.96,1266.45,-0.09,-11.94,28.98,3.62,-15.79,95.57,658.86,263.88,457.17,337.23,5.38,173.60,14678.00,14005.00,10354.00,7.92,6.75,35.96,95.57
Zuari Agro Chem.,534742,ZUARI,INE840M01016,Fertilizers & Agrochemicals,Fertilizers,234.30,985.42,547.27,690.00,236.94,39.37,641.64,65.20,118.49,19.70,98.99,-22.37,572.87,37.12,39.70,840.36,27.64,3.18,918.56,-35.43,2568.87,-43.98,-50.63,118.69,309.59,16.38,15.06,21.60,19.29,0.21,203.28,511.47,236.96,69.44,8.81,60.81,212.40,11.05,62.21,2046.92,2580.59,467.01,3.19,0.47,615.21,43594.00,44493.00,44892.00,2.34,0.10,32.35,62.21
Zuari Industries,500780,ZUARIIND,INE217A01012,Agricultural Food & other Products,Sugar,275.90,821.66,404.33,423.40,270.86,33.68,2598.26,56.71,-3.48,-7060.00,0.05,-32.47,100.16,-57.40,-26.43,164.29,0.00,7.12,271.88,12.73,1099.29,9.70,21.16,0.05,115.42,5.45,2.69,379.73,-1.29,0.60,143.76,-1.29,270.81,11.83,-19.28,57.29,675.22,0.98,407.75,3591.42,4850.69,1387.37,7.56,0.23,311.93,30244.00,30974.00,30627.00,1.10,1.21,40.93,407.75
Zydus Lifesci.,532321,ZYDUSLIFE,INE010B01027,Pharmaceuticals & Biotechnology,Pharmaceuticals,1150.00,114712.94,8982.30,1324.30,1023.87,4.62,12496.00,75.02,952.10,-35.09,1466.80,1530.25,-26.16,1544.21,1022.90,1238.60,0.00,23.56,7429.04,21.33,28591.70,21.11,21.96,990.20,4868.59,21.14,21.25,4.55,12.51,2.71,2116.60,6781.10,1022.60,2145.97,14.69,55.55,2956.80,6.47,1416.60,27010.80,7539.90,14130.30,14.33,4.27,8017.00,399251.00,418314.00,386127.00,6.89,11.27,6.83,1416.60
Zydus Wellness,531335,ZYDUSWELL,INE768C01028,Food Products,Packaged Foods,529.20,16837.07,512.30,611.85,488.62,13.51,3202.80,69.63,118.90,-7.04,127.90,162.00,-26.60,37.90,-39.90,-52.80,0.00,76.01,1105.67,69.97,4537.10,66.27,66.92,118.90,221.52,4.91,3.98,-31.18,8.27,5.70,226.40,380.00,488.21,118.28,1.19,50.77,73.90,2.96,111.10,5762.40,5.10,1362.50,33.05,2.89,1437.00,86866.00,80671.00,66514.00,3.32,19.13,7.92,111.10
